MP_Name,Is_Former_Member,Constituency,State,Lok_Sabha,Entitlement,Released,AmountAvailable,WorksRecommCost,WSCost,ActualExpenditureIncurred,UnspentBalance,Flag_Overspend,Sanction_Ratio,Flag_Sanction_Over_Entitlement,Recomm_Ratio,Flag_Recomm_Over_Entitlement,Unspent_Share,Flag_Idle_Funds,Execution_Gap_Share,Flag_Execution_Gap,Anomaly_Score,Risk_Score,Risk_Level,Risk_Reasons
Kuldeep Rai Sharma,False,ANDAMAN AND NICOBAR ISLANDS,,17th Lok Sabha,17.0,5.0,5.2038,18.2939,10.9222,2.5269,2.6769,0,0.6424823529411765,0,1.0761117647058824,0,0.5144125446788884,1,0.7686455109776419,1,0.663,53.3,Medium,High idle/unspent balance (>50%); Execution delay gap (>40% sanctioned not spent); Peer distribution outlier (Isolation Forest)
Srinivas Kesineni,False,VIJAYAWADA,,17th Lok Sabha,17.0,9.5,15.3459,36.0984,22.8532,12.5675,2.7784,0,1.3443058823529412,1,2.123435294117647,1,0.1810516163926521,0,0.4500770132847916,1,0.707,74.1,High,Works sanctioned exceed entitlement ceiling (>105%); Over-recommendation (>200% entitlement); Execution delay gap (>40% sanctioned not spent); Peer distribution outlier (Isolation Forest)
Kuruva Gorantla Madhav,False,HINDUPUR,,17th Lok Sabha,17.0,9.5,18.5668,34.0322,25.2437,16.1535,2.4133,0,1.4849235294117646,1,2.001894117647059,1,0.12997931792231293,0,0.3600977669675998,0,0.715,54.3,Medium,Works sanctioned exceed entitlement ceiling (>105%); Over-recommendation (>200% entitlement); Peer distribution outlier (Isolation Forest)
Mvvv Satyanarayana,False,MVVV VISAKHAPATNAM,,17th Lok Sabha,17.0,7.0,9.6406,8.9386,8.6086,7.6388,2.0018,0,0.5063882352941176,0,0.5257999999999999,0,0.2076426778416281,0,0.11265478707339166,0,0.479,9.6,Low,Compliant within operational parameters
Raghu Ramakrishna Raju Kanumuru,False,NARASAPURAM,,17th Lok Sabha,17.0,5.0,11.7435,12.35,6.96,2.1454,9.5981,0,0.40941176470588236,0,0.7264705882352941,0,0.8173117043470858,1,0.6917528735632185,1,0.676,53.5,Medium,High idle/unspent balance (>50%); Execution delay gap (>40% sanctioned not spent); Peer distribution outlier (Isolation Forest)
Maddila Gurumoorthy,False,TIRUPATI(SC),,17th Lok Sabha,12.0,2.0,12.6146,25.9159,22.5134,10.0,2.6146,0,1.8761166666666667,1,2.1596583333333332,1,0.20726776909295577,0,0.5558200893689981,1,0.731,74.6,High,Works sanctioned exceed entitlement ceiling (>105%); Over-recommendation (>200% entitlement); Execution delay gap (>40% sanctioned not spent); Peer distribution outlier (Isolation Forest)
Beesetti Venkata Satyavathi,False,ANAKAPALLE,,17th Lok Sabha,17.0,7.0,16.1463,20.8276,15.7482,13.3994,2.7469,0,0.926364705882353,0,1.2251529411764706,0,0.1701256634646947,0,0.1491472041249159,0,0.575,11.5,Low,Compliant within operational parameters
Talari Rangaiah,False,ANANTAPUR,,17th Lok Sabha,24.5,7.0,10.9197,27.7902,22.5322,9.7397,1.18,0,0.9196816326530612,0,1.1342938775510203,0,0.10806157678324495,0,0.5677430521653456,1,0.576,31.5,Low,Execution delay gap (>40% sanctioned not spent)
Pocha Brahmananda Reddy,False,NANDYAL,,17th Lok Sabha,27.0,17.0,18.3777,22.5189,22.121,16.0729,2.3048,0,0.8192962962962963,0,0.8340333333333333,0,0.1254128645042633,0,0.27340988201256716,0,0.518,10.4,Low,Compliant within operational parameters
Lavu Sri Krishna Devarayalu,False,NARASARAOPET,,17th Lok Sabha,17.0,7.0,11.1752,13.6755,13.2705,9.9319,1.2433,0,0.7806176470588235,0,0.8044411764705882,0,0.11125527954756963,0,0.2515805734523944,0,0.5,10.0,Low,Compliant within operational parameters
Kinjarapu Ram Mohan Naidu,False,SRIKAKULAM,,17th Lok Sabha,17.0,9.5,15.5906,21.1356,18.0881,14.5268,1.0638,0,1.0640058823529412,1,1.2432705882352941,0,0.06823342270342386,0,0.19688635069465565,0,0.599,37.0,Medium,Works sanctioned exceed entitlement ceiling (>105%)
Goddeti Madhavi,False,ARAKU(ST),,17th Lok Sabha,17.0,7.0,11.1461,16.0751,12.7113,10.5104,0.6357,0,0.7477235294117647,0,0.9455941176470588,0,0.05703340181767614,0,0.17314515431151803,0,0.506,10.1,Low,Compliant within operational parameters
Sanjeev Kumar Singari,False,KURNOOL,,17th Lok Sabha,19.5,7.0,7.2479,11.8554,11.3355,7.2349,0.013,0,0.5813076923076923,0,0.6079692307692307,0,0.0017936229804495095,0,0.3617484892594063,0,0.55,11.0,Low,Compliant within operational parameters
Magunta Sreenivasulu Reddy,False,ONGOLE,,17th Lok Sabha,24.5,5.0,10.3075,17.0738,17.0738,8.6391,1.6684,0,0.6968897959183673,0,0.6968897959183673,0,0.1618627213194276,0,0.4940142206187258,1,0.54,30.8,Low,Execution delay gap (>40% sanctioned not spent)
Y.S. Avinash Reddy,False,KADAPA,,17th Lok Sabha,17.0,7.0,11.0538,17.8726,12.3677,8.1337,2.9201,0,0.7275117647058823,0,1.0513294117647058,0,0.2641715970978306,0,0.3423433621449421,0,0.536,10.7,Low,Compliant within operational parameters
Durga Prasad Rao Balli,True,TIRUPATI(SC),,17th Lok Sabha,5.0,5.0,5.1501,5.935,4.5,1.9899,3.1602,0,0.9,0,1.1869999999999998,0,0.6136191530261549,1,0.5578,1,0.66,53.2,Medium,High idle/unspent balance (>50%); Execution delay gap (>40% sanctioned not spent); Peer distribution outlier (Isolation Forest)
Chandra Sekhar Bellana,False,VIZIANAGARAM,,17th Lok Sabha,17.0,7.0,12.0785,12.6092,11.9143,9.8712,2.2073,0,0.7008411764705883,0,0.7417176470588235,0,0.18274620192904747,0,0.17148300781413936,0,0.463,9.3,Low,Compliant within operational parameters
Margani Bharat,False,RAJAHMUNDRY,,17th Lok Sabha,17.0,7.0,15.6804,25.2496,24.0581,13.4402,2.2402,0,1.4151823529411764,1,1.4852705882352941,0,0.14286625341190276,0,0.4413440795407783,1,0.676,58.5,Medium,Works sanctioned exceed entitlement ceiling (>105%); Execution delay gap (>40% sanctioned not spent); Peer distribution outlier (Isolation Forest)
Nallakonda Gari Reddeppa,False,CHITTOOR,,17th Lok Sabha,17.0,7.0,13.4497,24.0586,24.0586,10.0103,3.4394,0,1.4152117647058822,1,1.4152117647058822,0,0.2557231759816204,0,0.583920095101128,1,0.69,58.8,Medium,Works sanctioned exceed entitlement ceiling (>105%); Execution delay gap (>40% sanctioned not spent); Peer distribution outlier (Isolation Forest)
Jayadev Galla,False,GUNTUR,,17th Lok Sabha,17.0,5.0,8.7015,11.7188,11.7188,6.3375,2.364,0,0.6893411764705882,0,0.6893411764705882,0,0.27167729701775556,0,0.4592023074034884,1,0.534,30.7,Low,Execution delay gap (>40% sanctioned not spent)
Nandigam Suresh,False,BAPATLA,,17th Lok Sabha,17.0,7.0,11.8441,20.3126,19.9126,11.8288,0.0153,0,1.171329411764706,1,1.1948588235294118,0,0.001291782406430206,0,0.4059640629551139,1,0.635,57.7,Medium,Works sanctioned exceed entitlement ceiling (>105%); Execution delay gap (>40% sanctioned not spent)
Adala Reddy,False,NELLORE(SC),,17th Lok Sabha,17.0,5.0,8.6926,11.753,9.633,6.7939,1.8987,0,0.5666470588235294,0,0.6913529411764706,0,0.21842716793594552,0,0.2947264611232222,0,0.479,9.6,Low,Compliant within operational parameters
Balashowry Vallabbhaneni,False,MACHILIPATNAM,,17th Lok Sabha,17.0,7.0,13.2067,21.8703,18.2866,10.2996,2.9071,0,1.0756823529411765,1,1.2864882352941176,0,0.22012311932579676,0,0.4367679065545263,1,0.594,56.9,Medium,Works sanctioned exceed entitlement ceiling (>105%); Execution delay gap (>40% sanctioned not spent)
Midhun Reddy,False,RAJAMPET,,17th Lok Sabha,19.5,7.0,12.3909,28.8043,23.7913,10.3053,2.0856,0,1.2200666666666666,1,1.4771435897435898,0,0.16831707139917196,0,0.566845863824171,1,0.65,58.0,Medium,Works sanctioned exceed entitlement ceiling (>105%); Execution delay gap (>40% sanctioned not spent)
Geetha Viswanath Vanga,False,KAKINADA,,17th Lok Sabha,17.0,7.0,7.3494,14.5425,11.2576,5.3381,2.0113,0,0.6622117647058824,0,0.8554411764705883,0,0.2736685987971807,0,0.5258225554292212,1,0.549,31.0,Low,Execution delay gap (>40% sanctioned not spent)
Chinta Anuradha,False,AMALAPURAM(SC),,17th Lok Sabha,17.0,5.0,5.304,13.0003,11.5304,5.1252,0.1788,0,0.6782588235294118,0,0.7647235294117647,0,0.033710407239819,0,0.555505446471935,1,0.57,31.4,Low,Execution delay gap (>40% sanctioned not spent)
Kotagiri Sridhar,False,ELURU,,17th Lok Sabha,17.0,7.0,7.5129,24.7643,17.4073,6.0219,1.491,0,1.0239588235294117,0,1.4567235294117646,0,0.1984586511200735,0,0.6540589292997766,1,0.626,32.5,Low,Execution delay gap (>40% sanctioned not spent)
Kiren Rijiju,False,ARUNACHAL WEST,,17th Lok Sabha,17.0,7.0,7.3959,7.0795,6.7695,6.3345,1.0614,0,0.3982058823529412,0,0.41644117647058826,0,0.14351194580781243,0,0.06425880788832257,0,0.486,9.7,Low,Compliant within operational parameters
Tapir Gao,False,ARUNACHAL EAST,,17th Lok Sabha,17.0,7.0,7.9879,7.66,7.66,7.8,0.1879,0,0.4505882352941177,0,0.4505882352941177,0,0.02352307865646791,0,-0.018276762402088732,0,0.521,10.4,Low,Compliant within operational parameters
Teli Rameswar,False,DIBRUGARH,,17th Lok Sabha,17.0,7.0,7.1836,6.9236,6.3696,6.1596,1.024,0,0.37468235294117647,0,0.40727058823529416,0,0.14254691241160422,0,0.03296910324039185,0,0.498,10.0,Low,Compliant within operational parameters
Pallab Lochan Das,False,TEZPUR,,17th Lok Sabha,17.0,9.5,9.6472,9.4595,9.4593,8.7325,0.9147,0,0.556429411764706,0,0.5564411764705882,0,0.09481507587693838,0,0.07683443806624177,0,0.463,9.3,Low,Compliant within operational parameters
Gaurav Gogoi,False,KALIABOR,,17th Lok Sabha,17.0,12.0,12.1514,11.7472,11.1682,10.9593,1.1921,0,0.6569529411764706,0,0.6910117647058823,0,0.0981039221818062,0,0.018704894253326394,0,0.474,9.5,Low,Compliant within operational parameters
Ajmal Badruddin,False,DHUBRI,,17th Lok Sabha,17.0,12.0,12.1643,9.5434,9.5434,8.375,3.7893,0,0.5613764705882353,0,0.5613764705882353,0,0.31150991014690527,0,0.12243016115849698,0,0.502,10.0,Low,Compliant within operational parameters
Rajdeep Roy,False,SILCHAR,,17th Lok Sabha,17.0,12.0,12.1255,12.0,12.0,11.8771,0.2484,0,0.7058823529411765,0,0.7058823529411765,0,0.020485753164817946,0,0.01024166666666663,0,0.513,10.3,Low,Compliant within operational parameters
Naba (Hira) Kumar Sarania,False,KOKRAJHAR (ST),,17th Lok Sabha,17.0,9.5,9.58,9.1197,9.1115,9.1815,0.3985,0,0.5359705882352941,0,0.5364529411764706,0,0.04159707724425887,0,-0.007682598913461043,0,0.496,9.9,Low,Compliant within operational parameters
Horen Sing Bey,False,AUTONOMOUS DISTRICT(ST),,17th Lok Sabha,29.5,19.5,20.2547,20.0,20.0,18.6401,1.6146,0,0.6779661016949152,0,0.6779661016949152,0,0.07971483161932787,0,0.06799499999999999,0,0.469,9.4,Low,Compliant within operational parameters
Queen Oja,False,GUWAHATI,,17th Lok Sabha,17.0,9.5,10.0725,7.36,9.1948,7.7379,2.3346,0,0.5408705882352942,0,0.4329411764705883,0,0.23177959791511543,0,0.1584482533605952,0,0.496,9.9,Low,Compliant within operational parameters
Abdul Khaleque,False,BARPETA,,17th Lok Sabha,17.0,7.0,7.1251,6.8887,6.8487,6.0964,1.0287,0,0.40286470588235296,0,0.4052176470588235,0,0.14437692102566982,0,0.10984566414063983,0,0.48,9.6,Low,Compliant within operational parameters
Pradyut Bordoloi,False,NOWGONG,,17th Lok Sabha,17.0,12.0,12.2237,12.4072,11.7019,11.1719,1.0518,0,0.6883470588235294,0,0.729835294117647,0,0.08604595989757603,0,0.04529179022210063,0,0.467,9.3,Low,Compliant within operational parameters
Kripanath Mallah,False,KARIMGANJ (SC),,17th Lok Sabha,17.0,7.0,7.1458,7.0,6.6899,6.3294,0.8164,0,0.3935235294117647,0,0.4117647058823529,0,0.11424892944107028,0,0.053887203097206245,0,0.487,9.7,Low,Compliant within operational parameters
Dilip Saikia,False,MANGALDOI,,17th Lok Sabha,17.0,9.5,9.6428,9.535,8.695,7.845,1.7978,0,0.5114705882352941,0,0.5608823529411765,0,0.18643962334591616,0,0.09775733179988505,0,0.477,9.5,Low,Compliant within operational parameters
Topon Kumar Gogoi,False,JORHAT,,17th Lok Sabha,17.0,7.0,7.276,6.9276,6.8976,6.258,1.018,0,0.4057411764705882,0,0.40750588235294116,0,0.139912039582188,0,0.09272790535838549,0,0.483,9.7,Low,Compliant within operational parameters
Pradan Baruah,False,LAKHIMPUR,,17th Lok Sabha,17.0,12.0,12.2036,12.0,12.0,11.3813,0.8223,0,0.7058823529411765,0,0.7058823529411765,0,0.06738175620308762,0,0.05155833333333337,0,0.481,9.6,Low,Compliant within operational parameters
Dinesh Chandra Yadav,False,MADHEPURA,,17th Lok Sabha,17.0,5.0,9.5163,14.8,8.7427,8.3643,1.152,0,0.5142764705882352,0,0.8705882352941177,0,0.12105545222407868,0,0.04328182369290942,0,0.498,10.0,Low,Compliant within operational parameters
Ravi Shankar Prasad,False,PATNA SAHIB,,17th Lok Sabha,17.0,5.0,5.0856,6.3761,6.3149,5.0342,0.0514,0,0.3714647058823529,0,0.37506470588235297,0,0.01010696869592575,0,0.202806061853711,0,0.534,10.7,Low,Compliant within operational parameters
Ashwini Kumar Choubey,False,BUXAR,,17th Lok Sabha,17.0,9.5,9.7288,9.6614,9.5195,8.6115,1.1173,0,0.5599705882352941,0,0.5683176470588236,0,0.1148445851492476,0,0.09538316088029845,0,0.462,9.2,Low,Compliant within operational parameters
Ashok Kumar Yadav,False,MADHUBANI,,17th Lok Sabha,17.0,9.5,15.2984,11.7461,14.3256,13.9613,1.3371,0,0.8426823529411764,0,0.6909470588235295,0,0.08740129686764628,0,0.025429999441559173,0,0.526,10.5,Low,Compliant within operational parameters
Kaushalendra Kumar,False,NALANDA,,17th Lok Sabha,17.0,7.0,9.8061,14.5493,10.4794,8.8755,0.9306,0,0.6164352941176471,0,0.8558411764705882,0,0.09490011319484809,0,0.1530526556863942,0,0.471,9.4,Low,Compliant within operational parameters
Mahabali Singh,False,KARAKAT,,17th Lok Sabha,17.0,9.5,16.0257,15.7636,15.2794,13.152,2.8737,0,0.8987882352941177,0,0.9272705882352942,0,0.17931822010895,0,0.13923321596397772,0,0.535,10.7,Low,Compliant within operational parameters
Ajay Nishad,False,MUZAFFARPUR,,17th Lok Sabha,17.0,12.0,13.1324,15.8,13.1249,12.8674,0.265,0,0.7720529411764706,0,0.9294117647058824,0,0.020179099022265543,0,0.019619197098644583,0,0.546,10.9,Low,Compliant within operational parameters
Raj Kumar Singh,False,ARRAH,,17th Lok Sabha,17.0,2.5,2.7988,9.5508,1.9077,0.0,2.7988,0,0.11221764705882353,0,0.5618117647058823,0,1.0,1,1.0,1,0.746,54.9,Medium,High idle/unspent balance (>50%); Execution delay gap (>40% sanctioned not spent); Peer distribution outlier (Isolation Forest)
Giridhari Yadav,False,BANKA,,17th Lok Sabha,17.0,9.5,9.6569,12.5518,9.6218,8.3034,1.3535,0,0.5659882352941177,0,0.7383411764705883,0,0.1401588501485984,0,0.13702217880230314,0,0.457,9.1,Low,Compliant within operational parameters
Prince Raj,False,SAMASTIPUR(SC),,17th Lok Sabha,17.0,9.5,9.8534,11.55,10.6558,9.6436,0.2098,0,0.6268117647058823,0,0.6794117647058824,0,0.02129214281364808,0,0.09499052159387376,0,0.488,9.8,Low,Compliant within operational parameters
Ajay Kumar Mandal,False,BHAGALPUR,,17th Lok Sabha,17.0,7.0,9.2844,20.7105,15.4899,7.9956,1.2888,0,0.9111705882352942,0,1.218264705882353,0,0.13881349360217138,0,0.48381848817616646,1,0.577,31.5,Low,Execution delay gap (>40% sanctioned not spent)
Baidyanath Prasad Mahto,False,VALMIKI NAGAR,,17th Lok Sabha,5.0,5.0,5.0609,2.5,2.0787,1.5676,3.4933,0,0.41574,0,0.5,0,0.6902527218478927,1,0.2458748256121614,0,0.608,32.2,Low,High idle/unspent balance (>50%)
Chirag Paswan,False,JAMUI(SC),,17th Lok Sabha,17.0,7.0,7.1969,13.5914,6.9644,6.222,0.9749,0,0.4096705882352941,0,0.7994941176470588,0,0.13546110130750738,0,0.10659927631956807,0,0.495,9.9,Low,Compliant within operational parameters
Santosh Kumar,False,PURNEA,,17th Lok Sabha,17.0,7.0,10.4924,13.7,12.0742,10.4374,0.055,0,0.7102470588235293,0,0.8058823529411764,0,0.005241889367542221,0,0.13556177634957176,0,0.513,10.3,Low,Compliant within operational parameters
Ramprit Mandal,False,JHANJHARPUR,,17th Lok Sabha,17.0,12.0,12.2359,12.5246,12.0195,11.8725,0.3634,0,0.7070294117647059,0,0.7367411764705882,0,0.029699490842520777,0,0.012230126045176608,0,0.504,10.1,Low,Compliant within operational parameters
Giriraj Singh,False,BEGUSARAI,,17th Lok Sabha,17.0,7.0,7.3094,10.5322,5.8309,5.8809,1.4285,0,0.3429941176470588,0,0.6195411764705883,0,0.19543327769721183,0,-0.008575005573753593,0,0.534,10.7,Low,Compliant within operational parameters
Sushil Kumar Singh,False,AURANGABAD,,17th Lok Sabha,17.0,5.0,5.3066,5.3,5.2827,4.3108,0.9958,0,0.31074705882352943,0,0.31176470588235294,0,0.18765311121999018,0,0.18397789009408064,0,0.534,10.7,Low,Compliant within operational parameters
Rajiv Pratap Rudy,False,SARAN,,17th Lok Sabha,34.5,5.0,5.3092,4.8136,4.8136,2.431,2.8782,0,0.1395246376811594,0,0.1395246376811594,0,0.5421155729676788,1,0.49497257769652653,1,0.661,53.2,Medium,High idle/unspent balance (>50%); Execution delay gap (>40% sanctioned not spent); Peer distribution outlier (Isolation Forest)
Nityanand Rai,False,UJJARPUR,,17th Lok Sabha,17.0,7.0,9.108,15.0099,9.2585,6.71,2.398,0,0.5446176470588235,0,0.882935294117647,0,0.2632850241545894,0,0.27526057136685206,0,0.499,10.0,Low,Compliant within operational parameters
Sanjay Jaiswal,False,PASCHIM CHAMPARAN,,17th Lok Sabha,17.0,5.0,5.2241,6.2,5.3021,4.8947,0.3294,0,0.3118882352941177,0,0.3647058823529412,0,0.06305392316379856,0,0.07683747948925897,0,0.529,10.6,Low,Compliant within operational parameters
Dulal Chandra Goswami,False,KATIHAR,,17th Lok Sabha,17.0,12.0,12.2851,22.0391,12.8006,10.3942,1.8909,0,0.7529764705882352,0,1.2964176470588236,0,0.15391816102433029,0,0.18799118791306657,0,0.541,10.8,Low,Compliant within operational parameters
Chhedi Paswan,False,SASARAM(SC),,17th Lok Sabha,17.0,12.0,13.6504,14.8776,13.4934,12.8725,0.7779,0,0.7937294117647058,0,0.8751529411764706,0,0.05698734103029948,0,0.04601508885825655,0,0.525,10.5,Low,Compliant within operational parameters
Pradeep Kumar Singh,False,ARARIA,,17th Lok Sabha,17.0,7.0,9.0098,15.7941,15.5171,8.9798,0.03,0,0.9127705882352941,0,0.9290647058823529,0,0.0033297076516681833,0,0.4212965051459358,1,0.579,31.6,Low,Execution delay gap (>40% sanctioned not spent)
Sunil Kumar,False,VALMIKI NAGAR,,17th Lok Sabha,12.0,4.5,7.6708,8.5,8.0176,6.6069,1.0639,0,0.6681333333333334,0,0.7083333333333334,0,0.1386947906346144,0,0.17595040909997997,0,0.456,9.1,Low,Compliant within operational parameters
Ram Kripal Yadav,False,PATALIPUTRA,,17th Lok Sabha,17.0,5.0,5.1963,16.7877,5.1768,2.2122,2.9841,0,0.30451764705882356,0,0.9875117647058824,0,0.5742740026557358,1,0.5726703755215576,1,0.658,53.2,Medium,High idle/unspent balance (>50%); Execution delay gap (>40% sanctioned not spent); Peer distribution outlier (Isolation Forest)
Mehboob Ali Kaiser,False,KHAGARIA,,17th Lok Sabha,17.0,12.0,12.6907,7.556,11.934,11.934,0.7567,0,0.702,0,0.4444705882352941,0,0.05962634054859071,0,0.0,0,0.516,10.3,Low,Compliant within operational parameters
Chandeshwar Prasad,False,JAHANABAD,,17th Lok Sabha,17.0,7.0,7.3311,6.8701,6.6638,6.4941,0.837,0,0.39198823529411764,0,0.4041235294117647,0,0.11417113393624422,0,0.02546595035865418,0,0.493,9.9,Low,Compliant within operational parameters
Dileshwar Kamait,False,SUPAUL,,17th Lok Sabha,17.0,12.0,15.5585,25.3943,18.8021,15.4177,0.1408,0,1.106005882352941,1,1.4937823529411765,0,0.009049715589549121,0,0.1800011700820653,0,0.645,37.9,Medium,Works sanctioned exceed entitlement ceiling (>105%)
Rajiv Ranjan (Lalan) Singh,False,MUNGER,,17th Lok Sabha,17.0,7.0,7.2086,18.2802,6.3206,4.9269,2.2817,0,0.37179999999999996,0,1.0753058823529411,0,0.31652470660044946,0,0.2205012182387748,0,0.566,11.3,Low,Compliant within operational parameters
Pashupati Kumar Paras,False,HAJIPUR(SC),,17th Lok Sabha,17.0,9.5,11.0924,14.5,13.2015,9.2884,1.804,0,0.7765588235294117,0,0.8529411764705882,0,0.1626338754462515,0,0.29641328636897324,0,0.505,10.1,Low,Compliant within operational parameters
Kavita Singh,False,SIWAN,,17th Lok Sabha,17.0,7.0,7.2904,17.1,12.5898,6.824,0.4664,0,0.7405764705882353,0,1.0058823529411764,0,0.06397454186327224,0,0.45797391539182514,1,0.545,30.9,Low,Execution delay gap (>40% sanctioned not spent)
Veena Devi,False,VAISHALI,,17th Lok Sabha,17.0,5.0,5.2009,8.61,5.7884,5.11,0.0909,0,0.34049411764705884,0,0.5064705882352941,0,0.017477744236574437,0,0.11719991707553035,0,0.517,10.3,Low,Compliant within operational parameters
Mohammad Jawed,False,KISHANGANJ,,17th Lok Sabha,19.5,9.5,9.7493,21.0202,11.6635,8.257,1.4923,0,0.5981282051282052,0,1.0779589743589744,0,0.15306739971074845,0,0.2920649890684615,0,0.523,10.5,Low,Compliant within operational parameters
Vijay Kumar,False,GAYA (SC),,17th Lok Sabha,17.0,9.5,9.7882,9.5,9.3915,8.0939,1.6943,0,0.5524411764705883,0,0.5588235294117647,0,0.1730961770294845,0,0.13816749188095628,0,0.459,9.2,Low,Compliant within operational parameters
Chandan Singh,False,NAWADA,,17th Lok Sabha,17.0,5.0,5.1976,4.4848,4.3834,2.9628,2.2348,0,0.25784705882352943,0,0.26381176470588236,0,0.4299676773895644,0,0.32408632568325957,0,0.609,12.2,Low,Compliant within operational parameters
Sunil Kumar Pintu,False,SITAMARHI,,17th Lok Sabha,17.0,7.0,7.1757,7.8652,7.5163,6.9107,0.265,0,0.44213529411764707,0,0.46265882352941173,0,0.03693019496355757,0,0.08057155781435013,0,0.499,10.0,Low,Compliant within operational parameters
Radha Mohan Singh,False,PURVI CHAMPARAN,,17th Lok Sabha,17.0,7.0,10.0541,11.0654,9.6699,7.163,2.8911,0,0.5688176470588235,0,0.6509058823529412,0,0.28755433106891715,0,0.25924776884972955,0,0.485,9.7,Low,Compliant within operational parameters
Alok Kumar Suman,False,GOPALGANJ (SC),,17th Lok Sabha,17.0,9.5,11.2047,13.9864,10.2506,9.4593,1.7454,0,0.6029764705882353,0,0.8227294117647058,0,0.15577391630298,0,0.07719548124012249,0,0.485,9.7,Low,Compliant within operational parameters
Janardan Singh Sigriwal,False,MAHARAJGANJ,,17th Lok Sabha,17.0,5.0,5.2069,7.501,4.7771,5.1892,0.0177,0,0.28100588235294116,0,0.44123529411764706,0,0.0033993354971288098,0,-0.08626572606811658,0,0.557,11.1,Low,Compliant within operational parameters
Gopal Jee Thakur,False,DARBHANGA,,17th Lok Sabha,17.0,5.0,5.3635,6.2999,6.2999,3.6446,1.7189,0,0.3705823529411765,0,0.3705823529411765,0,0.32048102917870797,0,0.4214828806806457,1,0.57,31.4,Low,Execution delay gap (>40% sanctioned not spent)
Rama Devi,False,SHEOHAR,,17th Lok Sabha,17.0,9.5,9.692,9.1302,9.121,8.7119,0.9801,0,0.5365294117647059,0,0.5370705882352942,0,0.10112463887742468,0,0.04485253809889271,0,0.465,9.3,Low,Compliant within operational parameters
Kirron Kher,False,CHANDIGARH,,17th Lok Sabha,17.0,7.0,11.7007,25.2589,15.7859,11.5348,0.1659,0,0.9285823529411764,0,1.4858176470588236,0,0.014178638884853044,0,0.2692972842853432,0,0.621,12.4,Low,Compliant within operational parameters
Jyotsna Charandas Mahant,False,KORBA,,17th Lok Sabha,17.0,12.0,12.5897,17.8266,12.9997,11.8159,0.7738,0,0.7646882352941177,0,1.0486235294117647,0,0.06146294192871951,0,0.09106363993015235,0,0.53,10.6,Low,Compliant within operational parameters
Mohan Mandavi,False,KANKER(ST),,17th Lok Sabha,17.0,9.5,9.5453,9.2612,9.1551,9.0373,0.508,0,0.538535294117647,0,0.5447764705882353,0,0.053219909274721595,0,0.012867145088529784,0,0.482,9.6,Low,Compliant within operational parameters
Santosh Pandey,False,RAJNANDGAON,,17th Lok Sabha,17.0,9.5,11.2534,11.7832,10.2304,10.4204,0.833,0,0.6017882352941176,0,0.6931294117647059,0,0.07402207332894947,0,-0.018572098842665124,0,0.498,10.0,Low,Compliant within operational parameters
Sunil Kumar Soni,False,RAIPUR,,17th Lok Sabha,17.0,7.0,8.0214,11.686,6.9775,5.4322,2.5892,0,0.41044117647058825,0,0.6874117647058824,0,0.32278654598947815,0,0.22146900752418489,0,0.508,10.2,Low,Compliant within operational parameters
Gomati Sai,False,RAIGARH(ST),,17th Lok Sabha,17.0,12.0,12.9598,14.79,12.1949,11.6778,1.282,0,0.7173470588235294,0,0.87,0,0.09892127964937732,0,0.042402971734085644,0,0.49,9.8,Low,Compliant within operational parameters
Guharam Ajgalley,False,JANJGIR CHAMPA(SC),,17th Lok Sabha,17.0,12.0,13.2143,12.8874,12.5668,11.0942,2.1201,0,0.7392235294117647,0,0.7580823529411764,0,0.16043982655153885,0,0.11718178056466243,0,0.476,9.5,Low,Compliant within operational parameters
Renuka Singh Saruta,False,SARGUJA(ST),,17th Lok Sabha,17.0,9.5,9.6483,12.6328,9.1616,8.2221,1.4262,0,0.5389176470588235,0,0.7431058823529412,0,0.14781878672926835,0,0.1025475899406218,0,0.467,9.3,Low,Compliant within operational parameters
Deepak Baij,False,BASTAR(ST),,17th Lok Sabha,17.0,9.5,12.2928,20.4367,18.2195,11.9081,0.3847,0,1.071735294117647,1,1.2021588235294116,0,0.03129474163738123,0,0.346409067208211,0,0.608,37.2,Medium,Works sanctioned exceed entitlement ceiling (>105%)
Chunni Lal Sahu,False,MAHASAMUND,,17th Lok Sabha,17.0,12.0,13.5768,14.5109,12.6549,11.6097,1.9671,0,0.7444058823529411,0,0.8535823529411765,0,0.1448868658299452,0,0.08259251357181799,0,0.495,9.9,Low,Compliant within operational parameters
Vijay Baghel,False,DURG,,17th Lok Sabha,17.0,9.5,10.4402,10.3215,10.1955,9.795,0.6452,0,0.599735294117647,0,0.6071470588235295,0,0.06179958238347924,0,0.039282036192437766,0,0.471,9.4,Low,Compliant within operational parameters
Arun Sao,False,BILASPUR,,17th Lok Sabha,17.0,9.5,11.3906,11.6498,10.6017,8.9331,2.4575,0,0.6236294117647059,0,0.6852823529411766,0,0.215748072972451,0,0.1573898525708141,0,0.469,9.4,Low,Compliant within operational parameters
Kalaben Mohanbhai Delkar,False,DADRA NAGAR HAVELI (ST),,17th Lok Sabha,12.0,2.0,2.9472,2.6425,0.1702,0.0216,2.9256,0,0.014183333333333333,0,0.22020833333333334,0,0.9926710097719871,1,0.8730904817861339,1,0.753,55.1,Medium,High idle/unspent balance (>50%); Execution delay gap (>40% sanctioned not spent); Peer distribution outlier (Isolation Forest)
Mohanbhai Sanjibhai Delkar,True,DADRA NAGAR HAVELI (ST),,17th Lok Sabha,10.0,2.5,2.6117,3.9074,1.7807,2.6117,0.0,0,0.17807,0,0.39074,0,0.0,0,-0.46667041051271974,0,0.558,11.2,Low,Compliant within operational parameters
Lalubhai Babubhai Patel,False,DAMAN DIU,,17th Lok Sabha,17.0,7.0,7.2888,24.688,7.1414,5.0343,2.2545,0,0.42008235294117646,0,1.452235294117647,0,0.30931017451432335,0,0.2950541910549752,0,0.603,12.1,Low,Compliant within operational parameters
Parvesh Sahib Singh,False,WEST DELHI,,17th Lok Sabha,17.0,5.0,5.2898,21.5386,16.8675,4.6039,0.6859,0,0.9922058823529412,0,1.2669764705882351,0,0.1296646376044463,0,0.7270549874018083,1,0.631,32.6,Low,Execution delay gap (>40% sanctioned not spent)
Gautam Gambhir,False,EAST DELHI,,17th Lok Sabha,17.0,7.0,9.2534,22.1254,17.615,9.0071,0.2463,0,1.0361764705882353,0,1.3014941176470587,0,0.026617243391618216,0,0.4886687482259438,1,0.614,32.3,Low,Execution delay gap (>40% sanctioned not spent)
Meenakashi Lekhi,False,NEW DELHI,,17th Lok Sabha,17.0,7.0,7.2775,26.3922,16.9197,7.2733,0.0042,0,0.9952764705882352,0,1.5524823529411764,0,0.0005771212641703881,0,0.5701283119677063,1,0.641,32.8,Low,Execution delay gap (>40% sanctioned not spent)
Harsh Vardhan,False,CHANDINI CHOWK,,17th Lok Sabha,22.0,7.5,7.9412,23.5147,17.9877,6.6306,1.3106,0,0.8176227272727273,0,1.06885,0,0.16503802951694957,0,0.6313814439867242,1,0.577,31.5,Low,Execution delay gap (>40% sanctioned not spent)
Ramesh Bidhuri,False,SOUTH DELHI,,17th Lok Sabha,17.0,7.0,7.4394,18.8718,14.2426,5.8902,1.5492,0,0.8378,0,1.1101058823529413,0,0.20824260020969432,0,0.5864378694901211,1,0.57,31.4,Low,Execution delay gap (>40% sanctioned not spent)
Raj Hans Hans,False,NORTH WEST DELHI(SC),,17th Lok Sabha,17.0,5.0,5.3127,20.4013,12.4454,5.1114,0.2013,0,0.7320823529411764,0,1.2000764705882352,0,0.037890338246089554,0,0.5892940363507803,1,0.598,32.0,Low,Execution delay gap (>40% sanctioned not spent)
Manoj Kumar Tiwari,False,NORTH EAST DELHI,,17th Lok Sabha,17.0,7.0,8.757,22.0511,9.6396,6.0186,2.7384,0,0.5670352941176471,0,1.297123529411765,0,0.3127098321342926,0,0.37563799327772934,0,0.58,11.6,Low,Compliant within operational parameters
Francisco Cosme Sardinha,False,SOUTH GOA,,17th Lok Sabha,17.0,7.0,7.5241,14.8718,10.9479,7.2708,0.2533,0,0.6439941176470588,0,0.8748117647058824,0,0.03366515596549754,0,0.3358726331077193,0,0.516,10.3,Low,Compliant within operational parameters
Shripad Yesso Naik,False,NORTH GOA,,17th Lok Sabha,17.0,5.0,5.332,18.4715,8.0333,4.3873,0.9447,0,0.47254705882352943,0,1.0865588235294117,0,0.17717554388597148,0,0.4538608044016781,1,0.559,31.2,Low,Execution delay gap (>40% sanctioned not spent)
Devusinh Jesingbhai Chauhan,False,KHEDA,,17th Lok Sabha,17.0,7.0,9.2657,10.3435,6.9275,6.9157,2.35,0,0.40750000000000003,0,0.6084411764705883,0,0.25362357943814284,0,0.001703356189101412,0,0.531,10.6,Low,Compliant within operational parameters
Gitaben Vajesingbhai Rathva,False,CHHOTA UDAIPUR(ST),,17th Lok Sabha,17.0,9.5,9.769,17.7199,12.215,9.7321,0.0369,0,0.7185294117647059,0,1.0423470588235293,0,0.0037772545808168697,0,0.20326647564469907,0,0.538,10.8,Low,Compliant within operational parameters
Shardaben Anilbhai Patel,False,MAHESANA,,17th Lok Sabha,17.0,7.0,7.372,15.7012,11.6652,8.3619,-0.9899,1,0.6861882352941177,0,0.9236,0,-0.1342783505154639,0,0.2831755992181874,0,0.559,41.2,Medium,Overspent beyond available funds
Naranbhai Bhikhabhai Kachhadiya,False,AMRELI,,17th Lok Sabha,17.0,9.5,11.1691,33.358,13.4985,10.9232,0.2459,0,0.7940294117647059,0,1.9622352941176469,0,0.022016097984618278,0,0.19078416120309666,0,0.638,12.8,Low,Compliant within operational parameters
Parbatbhai Savabhai Patel,False,BANASKANTHA,,17th Lok Sabha,17.0,9.5,9.8136,15.111,10.4983,8.6939,1.1197,0,0.6175470588235294,0,0.8888823529411765,0,0.11409676367490014,0,0.17187544650086214,0,0.476,9.5,Low,Compliant within operational parameters
Kirit Premjibhai Solanki,False,AHMEDABAD WEST(SC),,17th Lok Sabha,17.0,9.5,9.5891,12.1863,11.3867,9.5794,0.0097,0,0.6698058823529411,0,0.7168411764705882,0,0.0010115652146708242,0,0.1587202613575487,0,0.509,10.2,Low,Compliant within operational parameters
Prabhubhai Nagarbhai Vasava,False,BARDOLI(ST),,17th Lok Sabha,17.0,7.0,9.68,12.3433,8.3439,7.8185,1.8615,0,0.4908176470588235,0,0.7260764705882352,0,0.19230371900826446,0,0.062968156377713,0,0.487,9.7,Low,Compliant within operational parameters
Vinod Chavda,False,KACHCHH(SC),,17th Lok Sabha,17.0,9.5,11.9766,19.4676,15.7509,9.6179,2.3587,0,0.9265235294117646,0,1.1451529411764707,0,0.1969423709566989,0,0.389374575421087,0,0.567,11.3,Low,Compliant within operational parameters
Mitesh Rameshbhai Bakabhai Patel,False,ANAND,,17th Lok Sabha,17.0,9.5,11.1329,17.5274,12.8222,9.2323,1.9006,0,0.7542470588235295,0,1.0310235294117647,0,0.17071921961034414,0,0.27997535524324996,0,0.516,10.3,Low,Compliant within operational parameters
Amit Anil Chandra Shah,False,GANDHINAGAR,,17th Lok Sabha,17.0,9.5,9.6889,7.0066,6.9957,6.144,3.5449,0,0.41151176470588235,0,0.41215294117647056,0,0.36587228684370776,0,0.12174621553239849,0,0.53,10.6,Low,Compliant within operational parameters
Jaswantsinh Sumanbhai Bhabhor,False,DAHOD(ST),,17th Lok Sabha,17.0,7.0,7.0662,6.7803,6.7803,6.6926,0.3736,0,0.39884117647058825,0,0.39884117647058825,0,0.05287141603690809,0,0.01293453092046086,0,0.502,10.0,Low,Compliant within operational parameters
Rajeshbhai Naranbhai Chudasama,False,JUNAGADH,,17th Lok Sabha,17.0,7.0,11.5876,14.7227,12.1448,9.9339,1.6537,0,0.7144,0,0.8660411764705882,0,0.14271289999654801,0,0.1820449904485871,0,0.476,9.5,Low,Compliant within operational parameters
C.R. Patil,False,NAVSARI,,17th Lok Sabha,17.0,9.5,14.8678,14.7435,14.7393,14.4224,0.4454,0,0.8670176470588236,0,0.8672647058823529,0,0.0299573575108624,0,0.021500342621427096,0,0.555,11.1,Low,Compliant within operational parameters
K.C. Patel,False,VALSAD(ST),,17th Lok Sabha,17.0,7.0,7.9963,7.6119,7.3878,7.1136,0.8827,0,0.43457647058823534,0,0.44775882352941176,0,0.11038855470655179,0,0.03711524405100306,0,0.476,9.5,Low,Compliant within operational parameters
Bharatsinhji Shankarji Dabhi,False,PATAN,,17th Lok Sabha,17.0,9.5,9.7582,13.5332,8.9767,7.7476,2.0106,0,0.5280411764705882,0,0.7960705882352942,0,0.20604209792789654,0,0.13692114028540545,0,0.473,9.5,Low,Compliant within operational parameters
Mohanbhai Kalyanji Kundariya,False,RAJKOT,,17th Lok Sabha,17.0,5.0,9.4141,12.8738,9.4295,8.5213,0.8928,0,0.5546764705882353,0,0.7572823529411764,0,0.09483646870120352,0,0.09631475688000432,0,0.466,9.3,Low,Compliant within operational parameters
Ranjanben Dhananjay Bhatt,False,VADODARA,,17th Lok Sabha,17.0,9.5,14.618,13.3697,12.9175,12.6238,1.9942,0,0.7598529411764706,0,0.7864529411764706,0,0.13642085100560952,0,0.0227365976388621,0,0.519,10.4,Low,Compliant within operational parameters
Mansukhbhai Dhanjibhai Vasava,False,BHARUCH,,17th Lok Sabha,17.0,9.5,10.1999,16.0062,10.8665,9.6265,0.5734,0,0.6392058823529412,0,0.9415411764705882,0,0.0562162374140923,0,0.11411217963465699,0,0.502,10.0,Low,Compliant within operational parameters
Darshana Vikram Jardosh,False,SURAT,,17th Lok Sabha,17.0,9.5,9.8057,10.5521,9.4148,9.2454,0.5603,0,0.5538117647058823,0,0.6207117647058823,0,0.057140234761414284,0,0.017992947274503925,0,0.474,9.5,Low,Compliant within operational parameters
Poonamben Hematbhai Maadam,False,JAMNAGAR,,17th Lok Sabha,17.0,9.5,9.8131,11.2592,9.3252,7.622,2.1911,0,0.5485411764705883,0,0.6623058823529412,0,0.2232831623034515,0,0.18264487624930303,0,0.465,9.3,Low,Compliant within operational parameters
Mahendrabhai Kalubhai Munjpara,False,SURENDRANAGAR,,17th Lok Sabha,17.0,7.0,7.4192,7.4661,6.8812,6.8081,0.6111,0,0.4047764705882353,0,0.43918235294117647,0,0.08236737114513694,0,0.01062314712550139,0,0.494,9.9,Low,Compliant within operational parameters
Hasmukh Bhai Soma Bhai Patel,False,AHMEDABAD EAST,,17th Lok Sabha,17.0,9.5,9.7264,15.3581,10.4944,8.8347,0.8917,0,0.6173176470588235,0,0.9034176470588235,0,0.09167831880243461,0,0.15815101387406624,0,0.483,9.7,Low,Compliant within operational parameters
Bharatiben Dhirubhai Shyal,False,BHAVNAGAR,,17th Lok Sabha,17.0,7.0,9.955,18.2828,11.8159,9.7617,0.1933,0,0.6950529411764705,0,1.0754588235294118,0,0.01941737820190859,0,0.1738504895945294,0,0.529,10.6,Low,Compliant within operational parameters
Dipsinh Shankarsinh Rathod,False,SABARKANTHA,,17th Lok Sabha,17.0,9.5,9.6907,12.217,11.2814,9.0034,0.6873,0,0.6636117647058823,0,0.7186470588235294,0,0.07092366908479264,0,0.20192529296009365,0,0.474,9.5,Low,Compliant within operational parameters
Rameshbhai Lavjibhai Dhaduk,False,PORBANDAR,,17th Lok Sabha,17.0,9.5,12.9787,14.4591,13.3566,12.8236,0.1551,0,0.7856823529411765,0,0.8505352941176471,0,0.011950349418662885,0,0.039905365137834437,0,0.546,10.9,Low,Compliant within operational parameters
Ratansinh Magansinh Rathod,False,PANCHMAHAL,,17th Lok Sabha,17.0,7.0,7.2249,11.3559,6.781,6.47,0.7549,0,0.39888235294117647,0,0.6679941176470588,0,0.1044858752370275,0,0.045863441970210875,0,0.49,9.8,Low,Compliant within operational parameters
Krishan Pal Gurjar,False,FARIDABAD,,17th Lok Sabha,17.0,5.0,5.862,5.7558,5.7558,2.9295,2.9325,0,0.33857647058823526,0,0.33857647058823526,0,0.5002558853633572,1,0.49103512978213276,1,0.627,52.5,Medium,High idle/unspent balance (>50%); Execution delay gap (>40% sanctioned not spent)
Sunita Duggal,False,SIRSA(SC),,17th Lok Sabha,17.0,9.5,9.7022,14.6865,9.5745,6.8655,2.8367,0,0.5632058823529412,0,0.8639117647058824,0,0.29237698666281875,0,0.28293905686981047,0,0.501,10.0,Low,Compliant within operational parameters
Arvind Kumar Sharma,False,ROHTAK,,17th Lok Sabha,17.0,5.0,5.2056,12.7735,4.9952,2.5234,2.6822,0,0.29383529411764703,0,0.7513823529411765,0,0.5152528046718918,1,0.4948350416399743,1,0.625,52.5,Medium,High idle/unspent balance (>50%); Execution delay gap (>40% sanctioned not spent)
Ramesh Chander Kaushik,False,SONEPAT,,17th Lok Sabha,17.0,9.5,10.106,10.6523,9.0478,7.1414,2.9646,0,0.5322235294117648,0,0.6266058823529412,0,0.29335048486047893,0,0.21070315435796552,0,0.483,9.7,Low,Compliant within operational parameters
Dharambir Singh,False,BHIWANI MAHENDRAGARH,,17th Lok Sabha,17.0,12.0,13.5875,14.6672,13.347,11.9869,1.6006,0,0.7851176470588235,0,0.8627764705882353,0,0.11779944802207912,0,0.1019030493743912,0,0.506,10.1,Low,Compliant within operational parameters
Brijendra Singh,False,HISAR,,17th Lok Sabha,17.0,7.0,7.2327,8.9236,7.7177,4.9733,2.2594,0,0.45398235294117645,0,0.5249176470588236,0,0.3123867988441384,0,0.3555981704393796,0,0.51,10.2,Low,Compliant within operational parameters
Nayab Singh,False,KURUKSHETRA,,17th Lok Sabha,17.0,9.5,10.2373,13.8852,9.8983,7.3015,2.9358,0,0.5822529411764706,0,0.8167764705882352,0,0.28677483320797476,0,0.2623480799733288,0,0.493,9.9,Low,Compliant within operational parameters
Rao Inderjit Singh,False,GURGAON,,17th Lok Sabha,17.0,7.0,7.5116,7.5446,6.4711,5.6823,1.8293,0,0.3806529411764706,0,0.4438,0,0.24353000692262633,0,0.12189581369473508,0,0.496,9.9,Low,Compliant within operational parameters
Rattan Lal Kataria,False,AMBALA (SC),,17th Lok Sabha,17.0,7.0,7.2146,12.24,5.1036,2.7097,4.5049,0,0.30021176470588234,0,0.72,0,0.6244143819477171,1,0.4690610549416098,1,0.647,52.9,Medium,High idle/unspent balance (>50%); Execution delay gap (>40% sanctioned not spent)
Sanjay Bhatia,False,KARNAL,,17th Lok Sabha,22.0,10.0,11.51,23.249,11.1529,9.3529,2.1571,0,0.50695,0,1.0567727272727272,0,0.1874109470026064,0,0.16139300092352668,0,0.515,10.3,Low,Compliant within operational parameters
Kishan Kapoor,False,KANGRA,,17th Lok Sabha,17.0,7.0,9.6263,8.6441,8.6441,6.8808,2.7455,0,0.5084764705882353,0,0.5084764705882353,0,0.2852082316154701,0,0.20398884788468435,0,0.496,9.9,Low,Compliant within operational parameters
Pratibha Singh,False,MANDI,,17th Lok Sabha,12.0,4.5,5.6005,5.2075,5.1718,3.1573,2.4432,0,0.43098333333333333,0,0.4339583333333333,0,0.4362467636818141,0,0.3895162225917475,0,0.57,11.4,Low,Compliant within operational parameters
Suresh Kumar Kashyap,False,SHIMLA (SC),,17th Lok Sabha,17.0,9.5,12.9989,12.8084,12.8084,11.88,1.1189,0,0.7534352941176471,0,0.7534352941176471,0,0.08607651416658332,0,0.07248368258330469,0,0.477,9.5,Low,Compliant within operational parameters
Ram Swaroop Sharma,True,MANDI,,17th Lok Sabha,10.0,2.5,5.3501,5.878,4.7531,3.0258,2.3243,0,0.47531,0,0.5878,0,0.4344404777480795,0,0.3634049357261577,0,0.553,11.1,Low,Compliant within operational parameters
Anurag Singh Thakur,False,HAMIRPUR,,17th Lok Sabha,17.0,7.0,10.0947,9.8791,9.8791,7.7685,2.3262,0,0.5811235294117647,0,0.5811235294117647,0,0.23043775446521444,0,0.21364294318308338,0,0.477,9.5,Low,Compliant within operational parameters
Mohammad Akbar Lone,False,BARAMULLAH,,17th Lok Sabha,17.0,9.5,9.53,12.7299,12.7299,8.0757,1.4543,0,0.7488176470588236,0,0.7488176470588236,0,0.15260230849947534,0,0.3656116701623737,0,0.502,10.0,Low,Compliant within operational parameters
Jitendra Singh,False,UDHAMPUR,,17th Lok Sabha,17.0,9.5,9.6823,10.679,10.679,7.1801,2.5022,0,0.6281764705882353,0,0.6281764705882353,0,0.25843033163607826,0,0.3276430377376159,0,0.495,9.9,Low,Compliant within operational parameters
Hasnain Masoodi,False,ANANTNAG,,17th Lok Sabha,17.0,7.0,8.4602,8.4011,8.4011,5.7807,2.6795,0,0.49418235294117646,0,0.49418235294117646,0,0.3167182808917047,0,0.3119115353941745,0,0.514,10.3,Low,Compliant within operational parameters
Jugal Kishore Sharma,False,JAMMU,,17th Lok Sabha,17.0,9.5,9.6246,13.8975,12.0086,6.8508,2.7738,0,0.7063882352941177,0,0.8175,0,0.2881989900878998,0,0.4295088519894076,1,0.522,30.4,Low,Execution delay gap (>40% sanctioned not spent)
Farooq Abdullah,False,SRINAGAR,,17th Lok Sabha,17.0,9.5,10.7805,12.2433,10.4766,7.8246,2.9559,0,0.6162705882352941,0,0.7201941176470588,0,0.2741895088353973,0,0.2531355592463203,0,0.49,9.8,Low,Compliant within operational parameters
Nishikant Dubey,False,GODDA,,17th Lok Sabha,17.0,2.5,2.5,0.0,0.0,0.0,2.5,0,0.0,0,0.0,0,1.0,1,0.0,0,0.703,34.1,Low,High idle/unspent balance (>50%); Peer distribution outlier (Isolation Forest)
Chandra Prakash Choudhary,False,GIRIDIH,,17th Lok Sabha,17.0,7.0,7.1089,10.0382,6.7826,6.2421,0.8668,0,0.3989764705882353,0,0.5904823529411765,0,0.1219316631265034,0,0.07968920472974975,0,0.483,9.7,Low,Compliant within operational parameters
Sudarshan Bhagat,False,LOHARDAGA(ST),,17th Lok Sabha,17.0,12.0,12.1354,12.08,12.08,11.9673,0.1681,0,0.7105882352941176,0,0.7105882352941176,0,0.013852036191637686,0,0.009329470198675516,0,0.515,10.3,Low,Compliant within operational parameters
Vishnu Dayal Ram,False,PALAMU(SC),,17th Lok Sabha,17.0,9.5,10.1993,12.3354,10.2119,8.7213,1.478,0,0.6007,0,0.7256117647058824,0,0.14491190571901993,0,0.14596696011515983,0,0.458,9.2,Low,Compliant within operational parameters
Pashupati Nath Singh,False,DHANBAD,,17th Lok Sabha,17.0,9.5,12.2489,12.9311,11.9969,9.6448,2.6041,0,0.7057,0,0.7606529411764706,0,0.21259868233065823,0,0.19605898190365845,0,0.479,9.6,Low,Compliant within operational parameters
Arjun Munda,False,KHUNTI(ST),,17th Lok Sabha,17.0,9.5,9.639,9.639,9.639,9.5487,0.0903,0,0.567,0,0.567,0,0.0093681917211329,0,0.009368191721132811,0,0.509,10.2,Low,Compliant within operational parameters
Sanjay Seth,False,RANCHI,,17th Lok Sabha,17.0,12.0,14.5923,14.7752,14.7752,14.159,0.4333,0,0.8691294117647059,0,0.8691294117647059,0,0.029693742590270213,0,0.041705019221397965,0,0.551,11.0,Low,Compliant within operational parameters
Vijay Kumar Hansdak,False,RAJMAHAL(ST),,17th Lok Sabha,22.0,9.5,12.1301,11.9257,11.9257,11.7264,0.4037,0,0.5420772727272728,0,0.5420772727272728,0,0.03328084681906992,0,0.016711807273367678,0,0.49,9.8,Low,Compliant within operational parameters
Geeta Kora,False,SINGHBHUM(ST),,17th Lok Sabha,17.0,7.0,7.3104,7.2242,7.2242,6.1303,1.1801,0,0.4249529411764706,0,0.4249529411764706,0,0.16142755526373387,0,0.15142161069737822,0,0.481,9.6,Low,Compliant within operational parameters
Bidyut Baran Mahato,False,JAMSHEDPUR,,17th Lok Sabha,17.0,9.5,9.6681,8.9352,8.9352,9.1252,0.5429,0,0.5256,0,0.5256,0,0.0561537427209069,0,-0.021264213447936196,0,0.502,10.0,Low,Compliant within operational parameters
Sunil Soren,False,DUMKA(ST),,17th Lok Sabha,17.0,7.0,8.7375,9.496,9.496,8.1678,0.5697,0,0.5585882352941177,0,0.5585882352941177,0,0.06520171673819741,0,0.1398694187026117,0,0.473,9.5,Low,Compliant within operational parameters
Jayant Sinha,False,HAZARIBAGH,,17th Lok Sabha,17.0,9.5,9.735,15.5608,9.3595,8.5933,1.1417,0,0.5505588235294118,0,0.9153411764705882,0,0.1172778633795583,0,0.08186334740103651,0,0.497,9.9,Low,Compliant within operational parameters
Annpurna Devi,False,KODARMA,,17th Lok Sabha,17.0,9.5,9.6789,12.619,9.1254,7.7286,1.9503,0,0.5367882352941177,0,0.7422941176470588,0,0.20150017047391747,0,0.1530672628049182,0,0.46,9.2,Low,Compliant within operational parameters
Sunil Kumar Singh,False,CHATRA,,17th Lok Sabha,19.5,12.0,15.5407,30.9642,14.962,12.934,2.6067,0,0.7672820512820513,0,1.5879076923076925,0,0.1677337571666656,0,0.13554337655393667,0,0.595,11.9,Low,Compliant within operational parameters
V. Srinivas Prasad,False,CHAMARAJANAGAR(SC),,17th Lok Sabha,17.0,9.5,11.8561,11.469,11.469,11.3927,0.4634,0,0.6746470588235294,0,0.6746470588235294,0,0.039085365339361175,0,0.00665271601708953,0,0.499,10.0,Low,Compliant within operational parameters
Umesh Jadhav,False,GULBARGA(SC),,17th Lok Sabha,17.0,2.5,7.2032,6.9103,6.9103,4.0967,3.1065,0,0.40648823529411765,0,0.40648823529411765,0,0.43126665926255,0,0.4071603258903376,1,0.576,31.5,Low,Execution delay gap (>40% sanctioned not spent)
Nalin Kumar Kateel,False,DAKSHINA KANNADA,,17th Lok Sabha,17.0,9.5,10.5054,10.3288,10.0038,9.5153,0.9901,0,0.5884588235294118,0,0.6075764705882353,0,0.09424676832866906,0,0.04883144405126054,0,0.461,9.2,Low,Compliant within operational parameters
P.C. Mohan,False,BANGALORE CENTRAL,,17th Lok Sabha,17.0,7.0,7.7118,7.7981,7.7981,6.8258,0.886,0,0.4587117647058823,0,0.4587117647058823,0,0.1148888715993672,0,0.12468421795052638,0,0.467,9.3,Low,Compliant within operational parameters
Mangal Suresh Angadi,False,BELGAUM,,17th Lok Sabha,12.0,2.0,2.2948,9.2068,2.1018,1.6818,0.613,0,0.17515,0,0.7672333333333333,0,0.2671256754401255,0,0.19982871824150725,0,0.549,11.0,Low,Compliant within operational parameters
Shobha Karandlaje,False,UDUPI CHIKMAGALUR,,17th Lok Sabha,17.0,7.0,7.5448,7.0314,6.8423,6.4346,1.1102,0,0.40248823529411765,0,0.41361176470588235,0,0.14714770437917507,0,0.05958522718968771,0,0.489,9.8,Low,Compliant within operational parameters
Prajwal Revanna,False,HASSAN,,17th Lok Sabha,24.5,14.5,15.7961,14.7917,14.7917,14.2105,1.5856,0,0.6037428571428571,0,0.6037428571428571,0,0.10037920752590829,0,0.03929230582015595,0,0.465,9.3,Low,Compliant within operational parameters
Pralhad Venkatesh Joshi,False,DHARWAD,,17th Lok Sabha,17.0,7.0,7.5693,6.27,6.04,5.4204,2.1489,0,0.3552941176470588,0,0.36882352941176466,0,0.2838967936268875,0,0.10258278145695367,0,0.533,10.7,Low,Compliant within operational parameters
Bhagwanth Khuba,False,BIDAR,,17th Lok Sabha,17.0,9.5,14.9255,20.825,15.9421,14.2714,0.6541,0,0.9377705882352941,0,1.2249999999999999,0,0.04382432749321631,0,0.10479798771805472,0,0.595,11.9,Low,Compliant within operational parameters
Doddaalahalli Kempegowda Suresh,False,BANGALORE RURAL,,17th Lok Sabha,17.0,7.0,8.5614,8.475,8.475,7.6563,0.9051,0,0.4985294117647059,0,0.4985294117647059,0,0.10571869086831592,0,0.0966017699115044,0,0.471,9.4,Low,Compliant within operational parameters
Sanganna Amarappa Karadi,False,KOPPAL,,17th Lok Sabha,17.0,7.0,7.7696,6.86,6.86,6.4629,1.3067,0,0.4035294117647059,0,0.4035294117647059,0,0.1681811161449753,0,0.05788629737609329,0,0.494,9.9,Low,Compliant within operational parameters
Parvatagouda Chandanagouda Gaddigoudar,False,BAGALKOT,,17th Lok Sabha,17.0,9.5,11.5566,11.2872,11.2724,10.5495,1.0071,0,0.6630823529411765,0,0.6639529411764706,0,0.08714500804734958,0,0.06413008764770584,0,0.463,9.3,Low,Compliant within operational parameters
Ramesh Chandappa Jigajinagi,False,BIJAPUR(SC),,17th Lok Sabha,17.0,5.0,5.9998,19.9883,19.9585,3.705,2.2948,0,1.1740294117647059,1,1.1757823529411764,0,0.3824794159805327,0,0.8143648069744721,1,0.681,58.6,Medium,Works sanctioned exceed entitlement ceiling (>105%); Execution delay gap (>40% sanctioned not spent); Peer distribution outlier (Isolation Forest)
L.S. Tejasvi Surya,False,BANGALORE SOUTH,,17th Lok Sabha,17.0,5.0,5.4537,9.9091,9.9091,5.3828,0.0709,0,0.5828882352941177,0,0.5828882352941177,0,0.01300034838733337,0,0.4567821497411471,1,0.568,31.4,Low,Execution delay gap (>40% sanctioned not spent)
Sumalatha Ambareesh,False,MANDYA,,17th Lok Sabha,17.0,9.5,12.3009,11.8832,11.8832,10.7577,1.5432,0,0.6990117647058823,0,0.6990117647058823,0,0.1254542350559715,0,0.09471354517301742,0,0.474,9.5,Low,Compliant within operational parameters
Annasaheb Shankar Jolle,False,CHIKKODI,,17th Lok Sabha,17.0,7.0,7.4945,7.3369,6.6669,5.5644,1.9301,0,0.3921705882352941,0,0.4315823529411765,0,0.25753552605243846,0,0.1653692120775773,0,0.498,10.0,Low,Compliant within operational parameters
Gowdar Mallikarjunappa Siddeshwara,False,DAVANAGERE,,17th Lok Sabha,17.0,12.0,12.8694,16.84,11.835,11.1969,1.6725,0,0.6961764705882354,0,0.9905882352941177,0,0.1299594386684694,0,0.05391634980988605,0,0.514,10.3,Low,Compliant within operational parameters
Bache B.N. Gowda,False,CHIKBALLAPUR,,17th Lok Sabha,17.0,9.5,12.8671,12.6341,12.6248,12.5201,0.347,0,0.7426352941176471,0,0.7431823529411765,0,0.026968003668270235,0,0.008293200684367365,0,0.517,10.3,Low,Compliant within operational parameters
Y Devendrappa,False,BELLARY(ST),,17th Lok Sabha,17.0,7.0,8.977,8.45,8.45,8.0898,0.8872,0,0.4970588235294117,0,0.4970588235294117,0,0.09883034421298874,0,0.04262721893491112,0,0.478,9.6,Low,Compliant within operational parameters
Raja Amareshwara Naik,False,RAICHUR(ST),,17th Lok Sabha,17.0,7.0,10.7376,10.5859,10.5679,9.5696,1.168,0,0.6216411764705883,0,0.6227,0,0.10877663537475785,0,0.09446531477398541,0,0.459,9.2,Low,Compliant within operational parameters
Anantkumar Hegde,False,UTTARA KANNADA,,17th Lok Sabha,17.0,12.0,12.4826,16.66,11.38,10.1975,2.2851,0,0.6694117647058824,0,0.98,0,0.18306282345024275,0,0.10391036906854138,0,0.505,10.1,Low,Compliant within operational parameters
Shivkumar Chanabasappa Udasi,False,HAVERI,,17th Lok Sabha,17.0,7.0,9.7797,9.651,9.651,9.6031,0.1766,0,0.5677058823529412,0,0.5677058823529412,0,0.018057813634365063,0,0.004963216247021063,0,0.504,10.1,Low,Compliant within operational parameters
B.Y. Raghavendra,False,SHIMOGA,,17th Lok Sabha,17.0,7.0,11.988,14.3471,14.3471,11.6988,0.2892,0,0.8439470588235294,0,0.8439470588235294,0,0.024124124124124124,0,0.18458782611120012,0,0.535,10.7,Low,Compliant within operational parameters
S. Muniswamy,False,KOLAR(SC),,17th Lok Sabha,17.0,7.0,7.0766,6.6767,6.2022,6.0862,0.9904,0,0.3648352941176471,0,0.39274705882352945,0,0.1399542153011333,0,0.01870304085647037,0,0.499,10.0,Low,Compliant within operational parameters
Gangasandra Siddappa Basavaraj,False,TUMKUR,,17th Lok Sabha,17.0,7.0,11.6761,11.2899,11.2899,10.5935,1.0826,0,0.6641117647058823,0,0.6641117647058823,0,0.0927193155248756,0,0.0616834515806162,0,0.463,9.3,Low,Compliant within operational parameters
D.V. Sadananda Gowda,False,BANGALORE NORTH,,17th Lok Sabha,17.0,7.0,7.9949,12.1505,12.1505,7.9802,0.0147,0,0.714735294117647,0,0.714735294117647,0,0.0018386721534978548,0,0.34322044360314385,0,0.547,10.9,Low,Compliant within operational parameters
Prathap Simha,False,MYSORE,,17th Lok Sabha,17.0,12.0,14.8217,14.4632,14.4632,13.7894,1.0323,0,0.8507764705882354,0,0.8507764705882354,0,0.06964788114723683,0,0.046587200619503284,0,0.533,10.7,Low,Compliant within operational parameters
Suresh Chanabasappa Angadi,True,BELGAUM,,17th Lok Sabha,10.0,5.0,5.1839,6.765,4.7,4.0,1.1839,0,0.47000000000000003,0,0.6765,0,0.22838017708674932,0,0.14893617021276598,0,0.476,9.5,Low,Compliant within operational parameters
Narayana Swamy Abbaiah,False,CHITRADURGA(SC),,17th Lok Sabha,17.0,7.0,8.8009,8.4956,8.4956,7.675,1.1259,0,0.4997411764705882,0,0.4997411764705882,0,0.1279300980581531,0,0.0965911766090682,0,0.474,9.5,Low,Compliant within operational parameters
Kumbakudi Sudhakaran,False,KANNUR,,17th Lok Sabha,17.0,7.0,7.5539,18.1958,9.6082,4.8575,2.6964,0,0.5651882352941177,0,1.0703411764705881,0,0.3569546856590636,0,0.4944422472471431,1,0.582,31.6,Low,Execution delay gap (>40% sanctioned not spent)
K. Muraleedharan,False,VADAKARA,,17th Lok Sabha,17.0,7.0,10.1923,38.7526,15.5238,6.6941,3.4982,0,0.9131647058823529,0,2.279564705882353,1,0.3432198816753824,0,0.5687847047758925,1,0.687,48.7,Medium,Over-recommendation (>200% entitlement); Execution delay gap (>40% sanctioned not spent); Peer distribution outlier (Isolation Forest)
Ramya Haridas,False,ALATHUR(SC),,17th Lok Sabha,17.0,7.0,10.2691,34.238,19.4268,8.0485,2.2206,0,1.1427529411764705,1,2.014,1,0.21624095587734077,0,0.5857011962855436,1,0.684,73.7,High,Works sanctioned exceed entitlement ceiling (>105%); Over-recommendation (>200% entitlement); Execution delay gap (>40% sanctioned not spent); Peer distribution outlier (Isolation Forest)
N.K. Premachandran,False,KOLLAM,,17th Lok Sabha,17.0,9.5,12.4382,39.1381,19.0727,10.2175,2.2207,0,1.1219235294117649,1,2.3022411764705883,1,0.1785386953096107,0,0.46428665055288454,1,0.68,73.6,High,Works sanctioned exceed entitlement ceiling (>105%); Over-recommendation (>200% entitlement); Execution delay gap (>40% sanctioned not spent); Peer distribution outlier (Isolation Forest)
Abdul Majeed Ariff,False,ALAPPUZHA,,17th Lok Sabha,17.0,7.0,7.2992,22.6104,10.9627,6.5627,0.7365,0,0.6448647058823529,0,1.3300235294117646,0,0.10090146865409909,0,0.4013609785910405,1,0.562,31.2,Low,Execution delay gap (>40% sanctioned not spent)
Adoor Prakash,False,ATTINGAL,,17th Lok Sabha,17.0,7.0,7.8276,23.4401,17.735,7.7608,0.0668,0,1.043235294117647,0,1.378829411764706,0,0.008533905667126578,0,0.5624020298844093,1,0.633,32.7,Low,Execution delay gap (>40% sanctioned not spent)
Behanan Benny,False,CHALAKUDY,,17th Lok Sabha,17.0,7.0,10.2565,28.821,17.8863,6.9429,3.3136,0,1.052135294117647,1,1.6953529411764707,0,0.32307317310973527,0,0.6118314016873249,1,0.665,58.3,Medium,Works sanctioned exceed entitlement ceiling (>105%); Execution delay gap (>40% sanctioned not spent); Peer distribution outlier (Isolation Forest)
Dean Kuria Kose,False,IDUKKI,,17th Lok Sabha,17.0,7.0,9.3727,22.805,15.4669,5.6851,3.6876,0,0.9098176470588236,0,1.3414705882352942,0,0.39344052407523983,0,0.6324344244806651,1,0.642,32.8,Low,Execution delay gap (>40% sanctioned not spent)
E.T Mohammed Basheer,False,PONNANI,,17th Lok Sabha,17.0,7.0,7.4178,26.883,14.9991,4.8596,2.5582,0,0.8823,0,1.5813529411764706,0,0.3448731429803985,0,0.6760072271002927,1,0.649,33.0,Low,Execution delay gap (>40% sanctioned not spent)
Shashi Tharoor,False,THIRUVANANTHAPURAM,,17th Lok Sabha,17.0,7.0,8.919,23.2066,16.3051,8.8809,0.0381,0,0.9591235294117647,0,1.365094117647059,0,0.004271779347460478,0,0.4553299274460138,1,0.617,32.3,Low,Execution delay gap (>40% sanctioned not spent)
Vellalath Kochukrishnan Nair Sreekandan,False,PALAKKAD,,17th Lok Sabha,17.0,7.0,9.8614,24.3907,15.8017,6.8813,2.9801,0,0.9295117647058824,0,1.4347470588235294,0,0.30219847080536233,0,0.5645215388217724,1,0.623,32.5,Low,Execution delay gap (>40% sanctioned not spent)
Rajmohan Unnithan,False,KASARAGOD,,17th Lok Sabha,19.5,7.0,7.7412,19.9966,11.6552,7.4655,0.2757,0,0.5977025641025642,0,1.0254666666666667,0,0.03561463339017207,0,0.3594704509575126,0,0.546,10.9,Low,Compliant within operational parameters
Thomas Chazhikadan,False,KOTTAYAM,,17th Lok Sabha,17.0,7.0,7.3601,20.5465,12.9317,7.3427,0.0174,0,0.7606882352941176,0,1.2086176470588237,0,0.0023640983138816045,0,0.4321937564280025,1,0.579,31.6,Low,Execution delay gap (>40% sanctioned not spent)
Rahul Gandhi,False,WAYANAD,,17th Lok Sabha,17.0,7.0,10.0658,20.8514,17.2175,8.782,1.2838,0,1.012794117647059,0,1.2265529411764706,0,0.12754078165669894,0,0.48993756352548284,1,0.588,31.8,Low,Execution delay gap (>40% sanctioned not spent)
Hibi Eden,False,ERNAKULAM,,17th Lok Sabha,17.0,7.0,7.3988,26.6764,16.8924,5.7663,1.6325,0,0.9936705882352941,0,1.5692000000000002,0,0.2206438881980862,0,0.6586453079491368,1,0.636,32.7,Low,Execution delay gap (>40% sanctioned not spent)
M.K. Raghavan,False,KOZHIKODE,,17th Lok Sabha,17.0,7.0,8.3717,19.3091,15.4137,6.3829,1.9888,0,0.9066882352941177,0,1.1358294117647059,0,0.23756226333958452,0,0.585894366699754,1,0.587,31.7,Low,Execution delay gap (>40% sanctioned not spent)
T N Prathapan,False,THRISSUR,,17th Lok Sabha,17.0,7.0,10.0871,29.6715,18.6211,8.0511,2.036,0,1.0953588235294116,1,1.7453823529411765,0,0.20184195655837656,0,0.5676356391405448,1,0.649,58.0,Medium,Works sanctioned exceed entitlement ceiling (>105%); Execution delay gap (>40% sanctioned not spent)
Anto Antony,False,PATHANAMTHITTA,,17th Lok Sabha,17.0,7.0,9.2736,34.7035,17.2925,9.2034,0.0702,0,1.0172058823529413,0,2.0413823529411763,1,0.007569875776397515,0,0.4677808298395258,1,0.665,48.3,Medium,Over-recommendation (>200% entitlement); Execution delay gap (>40% sanctioned not spent); Peer distribution outlier (Isolation Forest)
Kunhalikutty P.K,False,MALAPPURAM,,17th Lok Sabha,5.0,5.0,5.9728,8.6749,5.177,5.118,0.8548,0,1.0353999999999999,0,1.7349799999999997,0,0.14311545673720868,0,0.01139656171527898,0,0.662,13.2,Low,Peer distribution outlier (Isolation Forest)
Suresh Kodikunnil,False,MAVELIKKARA(SC),,17th Lok Sabha,17.0,7.0,12.1123,29.4574,19.843,7.3087,4.8036,0,1.1672352941176471,1,1.7327882352941177,0,0.3965885917620931,0,0.6316736380587613,1,0.696,58.9,Medium,Works sanctioned exceed entitlement ceiling (>105%); Execution delay gap (>40% sanctioned not spent); Peer distribution outlier (Isolation Forest)
M.P. Abdussamad Samadani,False,MALAPPURAM,,17th Lok Sabha,12.0,2.0,2.0888,13.423,6.6031,0.6353,1.4535,0,0.5502583333333334,0,1.1185833333333333,0,0.6958540788969744,1,0.9037876149081492,1,0.704,54.1,Medium,High idle/unspent balance (>50%); Execution delay gap (>40% sanctioned not spent); Peer distribution outlier (Isolation Forest)
Jamyang Tsering Namgyal,False,LADAKH,,17th Lok Sabha,17.0,7.0,7.136,5.2815,6.1308,6.2708,0.8652,0,0.36063529411764705,0,0.31067647058823533,0,0.12124439461883407,0,-0.022835519018725218,0,0.521,10.4,Low,Compliant within operational parameters
Faizal P.P Mohammed,False,LAKSHADWEEP(ST),,17th Lok Sabha,22.0,2.5,2.7114,4.0659,4.0659,2.0526,0.6588,0,0.18481363636363637,0,0.18481363636363637,0,0.24297410931622043,0,0.4951671216704789,1,0.597,31.9,Low,Execution delay gap (>40% sanctioned not spent)
Gyaneshwar Patil,False,KHANDWA,,17th Lok Sabha,12.0,4.5,4.5208,5.5748,4.4806,3.8691,0.6517,0,0.37338333333333334,0,0.46456666666666663,0,0.14415590161033442,0,0.13647725751015488,0,0.477,9.5,Low,Compliant within operational parameters
Nakul K. Nath,False,CHHINDWARA,,17th Lok Sabha,17.0,9.5,13.9317,16.0456,14.8343,12.6483,1.2834,0,0.8726058823529412,0,0.9438588235294118,0,0.09212084670212538,0,0.1473611832037912,0,0.525,10.5,Low,Compliant within operational parameters
Uday Pratap Singh,False,HOSHANGABAD,,17th Lok Sabha,17.0,9.5,11.5893,14.4328,11.2894,10.5584,1.0309,0,0.6640823529411765,0,0.8489882352941177,0,0.08895274089030399,0,0.06475100536786718,0,0.474,9.5,Low,Compliant within operational parameters
Ramakant Bhargava,False,VIDISHA,,17th Lok Sabha,17.0,7.0,7.2232,7.0547,6.779,6.6058,0.6174,0,0.3987647058823529,0,0.41498235294117647,0,0.08547458190275777,0,0.025549491075379786,0,0.494,9.9,Low,Compliant within operational parameters
Ganesh Singh,False,SATNA,,17th Lok Sabha,17.0,9.5,9.7362,12.215,9.6556,9.7324,0.0038,0,0.5679764705882353,0,0.7185294117647059,0,0.00039029600870976353,0,-0.007953933468660718,0,0.525,10.5,Low,Compliant within operational parameters
Rakesh Singh,False,JABALPUR,,17th Lok Sabha,17.0,2.5,4.9357,9.1066,5.663,4.0521,0.8836,0,0.3331176470588235,0,0.5356823529411765,0,0.1790222258240979,0,0.28446053328624404,0,0.529,10.6,Low,Compliant within operational parameters
Mahendra Singh Solanky,False,DEWAS(SC),,17th Lok Sabha,17.0,9.5,10.6025,11.887,10.587,10.4187,0.1838,0,0.6227647058823529,0,0.6992352941176471,0,0.017335534072152794,0,0.015896854633040552,0,0.498,10.0,Low,Compliant within operational parameters
Rodmal Nagar,False,RAJGARH,,17th Lok Sabha,17.0,9.5,11.8655,13.6147,11.2195,10.8042,1.0613,0,0.6599705882352941,0,0.8008647058823529,0,0.08944418692849014,0,0.03701590979990198,0,0.479,9.6,Low,Compliant within operational parameters
Nand Kumar Singh Chauhan,True,KHANDWA,,17th Lok Sabha,10.0,5.0,5.1117,7.1184,4.3623,4.4623,0.6494,0,0.43623,0,0.71184,0,0.12704188430463445,0,-0.022923687045824367,0,0.514,10.3,Low,Compliant within operational parameters
Janardan Mishra,False,REWA,,17th Lok Sabha,17.0,9.5,10.3834,10.2861,10.1356,8.6052,1.7782,0,0.5962117647058823,0,0.605064705882353,0,0.17125411714852554,0,0.15099254114211297,0,0.46,9.2,Low,Compliant within operational parameters
Sandhya Ray,False,BHIND(SC),,17th Lok Sabha,17.0,9.5,12.4944,14.4852,11.6838,9.8414,2.653,0,0.6872823529411765,0,0.8520705882352941,0,0.21233512613650915,0,0.1576884232869443,0,0.479,9.6,Low,Compliant within operational parameters
Shankar Lalwani,False,INDORE,,17th Lok Sabha,17.0,9.5,9.6797,11.3527,10.0305,8.732,0.9477,0,0.5900294117647059,0,0.6678058823529412,0,0.09790592683657551,0,0.12945516175664232,0,0.452,9.0,Low,Compliant within operational parameters
Himadri Singh,False,SHAHDOL (ST),,17th Lok Sabha,17.0,9.5,9.6052,10.4577,9.2959,9.0236,0.5816,0,0.5468176470588235,0,0.6151588235294119,0,0.06055053512680631,0,0.02929248378317318,0,0.469,9.4,Low,Compliant within operational parameters
Chhatar Singh Darbar,False,DHAR(ST),,17th Lok Sabha,17.0,9.5,9.6283,10.603,9.7754,8.8303,0.798,0,0.5750235294117647,0,0.6237058823529411,0,0.08288067467777283,0,0.09668146572007284,0,0.461,9.2,Low,Compliant within operational parameters
Vishnu Dutt Sharma,False,KHAJURAHO,,17th Lok Sabha,17.0,7.0,7.2604,7.0,6.5689,5.7524,1.508,0,0.3864058823529412,0,0.4117647058823529,0,0.20770205498319652,0,0.1242978276423755,0,0.493,9.9,Low,Compliant within operational parameters
Krishna Pal Singh Yadav,False,GUNA,,17th Lok Sabha,17.0,7.0,7.3,7.3,7.3,7.3,0.0,0,0.4294117647058823,0,0.4294117647058823,0,0.0,0,0.0,0,0.522,10.4,Low,Compliant within operational parameters
Gajendra Singh Patel,False,KHARGONE(ST),,17th Lok Sabha,17.0,7.0,7.0618,7.0125,6.6772,6.2732,0.7886,0,0.3927764705882353,0,0.41250000000000003,0,0.11167124529156872,0,0.06050440304319175,0,0.486,9.7,Low,Compliant within operational parameters
Pragya Singh Thakur,False,BHOPAL,,17th Lok Sabha,17.0,9.5,9.6465,9.485,9.485,9.4566,0.1899,0,0.5579411764705882,0,0.5579411764705882,0,0.019685896439123,0,0.0029942013705850858,0,0.505,10.1,Low,Compliant within operational parameters
Riti Pathak,False,SIDHI,,17th Lok Sabha,17.0,5.0,5.1569,5.4376,5.2741,5.0293,0.1276,0,0.31024117647058824,0,0.31985882352941175,0,0.024743547480075238,0,0.04641550217098646,0,0.531,10.6,Low,Compliant within operational parameters
Dhal Singh Bisen,False,BALAGHAT,,17th Lok Sabha,17.0,12.0,15.5257,17.1738,15.0876,15.125,0.4007,0,0.8875058823529411,0,1.0102235294117647,0,0.025808820214225446,0,-0.002478856809565463,0,0.582,11.6,Low,Compliant within operational parameters
Faggan Singh Kulaste,False,MANDLA(ST),,17th Lok Sabha,17.0,9.5,9.7165,12.6339,9.4937,8.8177,0.8988,0,0.5584529411764706,0,0.7431705882352941,0,0.09250244429578552,0,0.07120511497098077,0,0.466,9.3,Low,Compliant within operational parameters
Anil Firojiya,False,UJJAIN(SC),,17th Lok Sabha,17.0,9.5,11.1394,17.3151,13.2104,10.9472,0.1922,0,0.7770823529411764,0,1.018535294117647,0,0.01725407113489057,0,0.1713195664022285,0,0.535,10.7,Low,Compliant within operational parameters
Prahlad Singh Patel,False,DAMOH,,17th Lok Sabha,17.0,9.5,11.5346,12.6717,12.1985,9.7322,1.8024,0,0.7175588235294117,0,0.7453941176470588,0,0.15626029511209752,0,0.20218059597491483,0,0.47,9.4,Low,Compliant within operational parameters
Rajbahadur Singh,False,SAGAR,,17th Lok Sabha,17.0,7.0,8.0556,7.2814,7.2756,6.5152,1.5404,0,0.4279764705882353,0,0.4283176470588235,0,0.19122101395302646,0,0.10451371708175268,0,0.488,9.8,Low,Compliant within operational parameters
Vivek Narayan Shejwalkar,False,GWALIOR,,17th Lok Sabha,17.0,9.5,9.7967,14.9064,12.8741,9.3825,0.4142,0,0.7573,0,0.8768470588235294,0,0.0422795431114559,0,0.27121119146192746,0,0.513,10.3,Low,Compliant within operational parameters
Narendra Singh Tomar,False,MORENA,,17th Lok Sabha,17.0,7.0,7.3268,10.782,7.5069,5.6265,1.7003,0,0.4415823529411765,0,0.634235294117647,0,0.23206584047606046,0,0.25048954961435477,0,0.483,9.7,Low,Compliant within operational parameters
Durga Das Uikey,False,BETUL(ST),,17th Lok Sabha,17.0,12.0,15.6572,16.1284,15.1126,13.4244,2.2328,0,0.8889764705882354,0,0.9487294117647058,0,0.14260531895868994,0,0.11170811111258155,0,0.539,10.8,Low,Compliant within operational parameters
Guman Singh Damor,False,RATLAM(ST),,17th Lok Sabha,17.0,9.5,9.5626,16.8686,13.4428,9.3381,0.2245,0,0.7907529411764705,0,0.9922705882352941,0,0.023476878673164205,0,0.3053456125212009,0,0.538,10.8,Low,Compliant within operational parameters
Virendra Kumar,False,TIKAMGARH(SC),,17th Lok Sabha,17.0,9.5,9.7742,17.8308,9.5511,7.5498,2.2244,0,0.5618294117647059,0,1.0488705882352942,0,0.22757872767080684,0,0.20953607437886732,0,0.523,10.5,Low,Compliant within operational parameters
Sudheer Gupta,False,MANDSOUR,,17th Lok Sabha,17.0,7.0,7.2328,9.02,6.6465,6.6333,0.5995,0,0.39097058823529407,0,0.5305882352941176,0,0.08288629576374296,0,0.0019860076732113796,0,0.504,10.1,Low,Compliant within operational parameters
Manoj Kishorbhai Kotak,False,MUMBAI NORTH EAST,,17th Lok Sabha,17.0,7.0,7.8985,13.1551,12.85,7.73,0.1685,0,0.7558823529411764,0,0.7738294117647059,0,0.021333164524909794,0,0.39844357976653694,0,0.537,10.7,Low,Compliant within operational parameters
Udayanraje Pratapsingh Bhonsle,False,SATARA,,17th Lok Sabha,10.0,0.0,0.0,0.0,0.0,0.0,0.0,0,0.0,0,0.0,0,0.0,0,0.0,0,0.345,6.9,Low,Compliant within operational parameters
Sudhakar Tukaram Shrangre,False,LATUR(SC),,17th Lok Sabha,17.0,9.5,10.4435,26.6871,16.8329,10.4264,0.0171,0,0.990170588235294,0,1.569829411764706,0,0.0016373821037008666,0,0.38059395588401285,0,0.64,12.8,Low,Compliant within operational parameters
Sunil Baburao Mendhe,False,BHANDARA-GONDIYA,,17th Lok Sabha,17.0,5.0,9.1086,17.8787,16.0148,6.5659,2.5427,0,0.9420470588235295,0,1.0516882352941175,0,0.27915376676986586,0,0.5900104902964758,1,0.596,31.9,Low,Execution delay gap (>40% sanctioned not spent)
Shrirang Appa Barne,False,MAVAL,,17th Lok Sabha,17.0,7.0,7.3793,17.2912,14.4974,6.5368,0.8425,0,0.8527882352941177,0,1.0171294117647058,0,0.1141707208000759,0,0.5491053568226026,1,0.559,31.2,Low,Execution delay gap (>40% sanctioned not spent)
Bhavana Gawali (Patil),False,YAVATMAL-WASHIM,,17th Lok Sabha,17.0,5.0,5.0587,5.1665,5.1665,4.6151,0.4436,0,0.3039117647058824,0,0.3039117647058824,0,0.08769051337300096,0,0.10672602342011035,0,0.531,10.6,Low,Compliant within operational parameters
Rajendra Dhedya Gavit,False,PALGHAR(ST),,17th Lok Sabha,19.5,9.5,10.7534,30.0756,17.8211,9.9401,0.8133,0,0.9139025641025642,0,1.5423384615384617,0,0.07563189316867225,0,0.4422285941945223,1,0.604,32.1,Low,Execution delay gap (>40% sanctioned not spent)
Syed Shri Imtiaz Jaleel,False,AURANGABAD,,17th Lok Sabha,17.0,9.5,9.7057,18.1672,14.8332,8.7434,0.9623,0,0.8725411764705883,0,1.0686588235294119,0,0.09914792338522724,0,0.4105520049618424,1,0.547,30.9,Low,Execution delay gap (>40% sanctioned not spent)
Balubhau (Alias Suresh Narayan) Dhanorkar,False,CHANDRAPUR,,17th Lok Sabha,17.0,9.5,9.647,14.532,9.2621,8.5606,1.0864,0,0.5448294117647059,0,0.8548235294117648,0,0.11261532082512699,0,0.07573876334740494,0,0.484,9.7,Low,Compliant within operational parameters
Hemant Patil,False,HINGOLI,,17th Lok Sabha,17.0,7.0,7.3023,27.17,8.8362,4.8631,2.4392,0,0.5197764705882353,0,1.5982352941176472,0,0.334031743423305,0,0.4496389850840859,1,0.628,32.6,Low,Execution delay gap (>40% sanctioned not spent)
Poonam (Mahajan) Vajendla Rao,False,MUMBAI NORTH-CENTRAL,,17th Lok Sabha,17.0,9.5,9.8539,12.997,12.3,8.38,1.4739,0,0.723529411764706,0,0.7645294117647059,0,0.14957529506083886,0,0.3186991869918699,0,0.49,9.8,Low,Compliant within operational parameters
Shriniwas Dadasaheb Patil,False,SATARA,,17th Lok Sabha,17.0,5.0,10.6456,24.3,22.2294,7.4782,3.1674,0,1.3076117647058823,1,1.4294117647058824,0,0.29753137446456757,0,0.6635896605396456,1,0.684,58.7,Medium,Works sanctioned exceed entitlement ceiling (>105%); Execution delay gap (>40% sanctioned not spent); Peer distribution outlier (Isolation Forest)
Prataprao Govindrao Patil Chikhalikar,False,NANDED,,17th Lok Sabha,17.0,7.0,7.3203,15.7871,9.0673,5.1738,2.1465,0,0.533370588235294,0,0.9286529411764706,0,0.2932256874718249,0,0.429400152195251,1,0.534,30.7,Low,Execution delay gap (>40% sanctioned not spent)
Krupal Balaji Tumane,False,RAMTEK(SC),,17th Lok Sabha,17.0,7.0,7.3989,19.3687,11.0482,7.2545,0.1444,0,0.6498941176470588,0,1.1393352941176471,0,0.019516414602170594,0,0.34337720171611663,0,0.555,11.1,Low,Compliant within operational parameters
Shrikant Eknath Shinde,False,KALYAN,,17th Lok Sabha,17.0,9.5,9.8746,11.8292,9.9622,7.1846,2.69,0,0.5860117647058823,0,0.6958352941176471,0,0.2724160978672554,0,0.278813916604766,0,0.486,9.7,Low,Compliant within operational parameters
Ramdas Chandrabhanji Tadas,False,WARDHA,,17th Lok Sabha,17.0,9.5,10.6584,27.031,12.7545,9.0448,1.6136,0,0.750264705882353,0,1.5900588235294117,0,0.15139232905501762,0,0.2908542083186326,0,0.59,11.8,Low,Compliant within operational parameters
Arvind Ganpat Sawant,False,MUMBAI SOUTH,,17th Lok Sabha,17.0,7.0,7.3137,14.625,14.165,6.2211,1.0926,0,0.833235294117647,0,0.8602941176470589,0,0.1493908691906969,0,0.5608118602188492,1,0.554,31.1,Low,Execution delay gap (>40% sanctioned not spent)
Supriya Sadanand Sule,False,BARAMATI,,17th Lok Sabha,17.0,9.5,9.6959,14.1056,13.7813,7.7748,1.9211,0,0.810664705882353,0,0.8297411764705883,0,0.19813529429965243,0,0.4358442236944265,1,0.54,30.8,Low,Execution delay gap (>40% sanctioned not spent)
Amol Ramsing Kolhe,False,SHIRUR,,17th Lok Sabha,17.0,7.0,7.5328,18.4632,13.2188,6.2298,1.303,0,0.7775764705882353,0,1.0860705882352941,0,0.1729768479184367,0,0.5287166762489787,1,0.562,31.2,Low,Execution delay gap (>40% sanctioned not spent)
Rajan Baburao Vichare,False,THANE,,17th Lok Sabha,17.0,7.0,7.3978,10.9879,10.0117,5.5703,1.8275,0,0.5889235294117646,0,0.6463470588235294,0,0.24703290167347047,0,0.4436209634727369,1,0.509,30.2,Low,Execution delay gap (>40% sanctioned not spent)
Sunil Dattatray Tatkare,False,RAIGAD,,17th Lok Sabha,17.0,7.0,10.5174,26.394,18.2447,6.8825,3.6349,0,1.0732176470588237,1,1.5525882352941176,0,0.34560823017095477,0,0.6227671597779081,1,0.656,58.1,Medium,Works sanctioned exceed entitlement ceiling (>105%); Execution delay gap (>40% sanctioned not spent); Peer distribution outlier (Isolation Forest)
Sujay Radhakrishna Vikhepatil,False,AHMEDNAGAR,,17th Lok Sabha,17.0,9.5,9.6925,12.96,11.1589,7.6514,2.0411,0,0.6564058823529412,0,0.7623529411764707,0,0.21058550425586794,0,0.3143230963625447,0,0.487,9.7,Low,Compliant within operational parameters
Rahul Ramesh Shewale,False,MUMBAI SOUTH CENTRAL,,17th Lok Sabha,17.0,7.0,7.3595,13.03,12.19,4.53,2.8295,0,0.7170588235294117,0,0.7664705882352941,0,0.3844690536041851,0,0.6283839212469237,1,0.585,31.7,Low,Execution delay gap (>40% sanctioned not spent)
Prataprao Jadhav,False,BULDHANA,,17th Lok Sabha,17.0,5.0,5.3501,16.7267,12.3062,4.9982,0.3519,0,0.7238941176470588,0,0.9839235294117648,0,0.0657744715052055,0,0.5938470039492288,1,0.571,31.4,Low,Execution delay gap (>40% sanctioned not spent)
Heena Vijaykumar Gavit,False,NANDURBAR(ST),,17th Lok Sabha,17.0,7.0,7.1529,14.6292,7.1592,6.0773,1.0756,0,0.4211294117647059,0,0.8605411764705883,0,0.15037257615792196,0,0.15112023689797743,0,0.493,9.9,Low,Compliant within operational parameters
Sanjay Shamrao Dhotre,False,AKOLA,,17th Lok Sabha,17.0,9.5,9.7496,14.2836,11.7882,9.1883,0.5613,0,0.6934235294117647,0,0.8402117647058823,0,0.05757159268072537,0,0.2205510595341104,0,0.487,9.7,Low,Compliant within operational parameters
Subhash Ramrao Bhamre,False,DHULE,,17th Lok Sabha,17.0,9.5,9.8467,14.8679,11.8788,7.3167,2.53,0,0.6987529411764706,0,0.8745823529411765,0,0.2569388729218926,0,0.38405394484291344,0,0.515,10.3,Low,Compliant within operational parameters
Sanjay Sadashivrao Mandlik,False,KOLHAPUR,,17th Lok Sabha,17.0,7.0,7.3193,15.06,16.8775,7.2846,0.0347,0,0.9927941176470589,0,0.8858823529411765,0,0.004740890522317708,0,0.5683839431195378,1,0.609,32.2,Low,Execution delay gap (>40% sanctioned not spent)
Raosaheb Patil Danve,False,JALNA,,17th Lok Sabha,17.0,5.0,5.3003,19.665,12.9518,3.8074,1.4929,0,0.7618705882352942,0,1.156764705882353,0,0.2816633020772409,0,0.706033138251054,1,0.609,32.2,Low,Execution delay gap (>40% sanctioned not spent)
Sanjay Haribhau Jadhav,False,PARBHANI,,17th Lok Sabha,17.0,7.0,7.2297,13.2715,8.1888,5.1672,2.0625,0,0.48169411764705883,0,0.7806764705882353,0,0.2852815469521557,0,0.3689917936694021,0,0.509,10.2,Low,Compliant within operational parameters
Hemant Tukaram Godse,False,NASHIK,,17th Lok Sabha,17.0,7.0,7.5834,13.0,12.2028,7.3748,0.2086,0,0.7178117647058824,0,0.7647058823529411,0,0.02750745048395179,0,0.3956469007113122,0,0.53,10.6,Low,Compliant within operational parameters
Pritam Gopinath Munde,False,BEED,,17th Lok Sabha,17.0,5.0,5.2898,8.4273,5.0786,2.5797,2.7101,0,0.29874117647058823,0,0.49572352941176473,0,0.5123256077734508,1,0.4920450517859253,1,0.618,52.4,Medium,High idle/unspent balance (>50%); Execution delay gap (>40% sanctioned not spent)
Omprakash Bhupalsinh Alias Pawan Rajenimbalkar,False,OSMANABAD,,17th Lok Sabha,17.0,2.5,2.7151,12.5468,3.5009,1.8199,0.8952,0,0.20593529411764708,0,0.7380470588235294,0,0.3297116128319399,0,0.48016224399440144,1,0.599,32.0,Low,Execution delay gap (>40% sanctioned not spent)
Girish Bhalchandra Bapat,False,PUNE,,17th Lok Sabha,12.0,7.0,7.9814,13.1752,11.2248,7.849,0.1324,0,0.9354,0,1.0979333333333334,0,0.01658856842158017,0,0.30074477941700517,0,0.57,11.4,Low,Compliant within operational parameters
Gopal Chinayya Shetty,False,MUMBAI NORTH,,17th Lok Sabha,17.0,9.5,9.95,15.27,12.041,8.5208,1.4292,0,0.7082941176470589,0,0.898235294117647,0,0.14363819095477387,0,0.29235113362677523,0,0.487,9.7,Low,Compliant within operational parameters
Dhairyasheel Sambhajirao Mane,False,HATKANANGLE,,17th Lok Sabha,17.0,7.0,7.4774,14.35,16.8854,7.4172,0.0602,0,0.9932588235294117,0,0.8441176470588235,0,0.008050926792735441,0,0.5607329408838404,1,0.61,32.2,Low,Execution delay gap (>40% sanctioned not spent)
Ashok Mahadeorao Nete,False,GADCHIROLI-CHIMUR(ST),,17th Lok Sabha,17.0,9.5,9.86,19.6385,8.9337,7.8143,2.0457,0,0.5255117647058823,0,1.1552058823529412,0,0.20747464503042598,0,0.1253008272048535,0,0.543,10.9,Low,Compliant within operational parameters
Nitin Jairam Gadkari,False,NAGPUR,,17th Lok Sabha,17.0,7.0,7.3424,16.3802,12.4485,6.9944,0.348,0,0.7322647058823529,0,0.9635411764705881,0,0.04739594682937459,0,0.43813310840663533,1,0.538,30.8,Low,Execution delay gap (>40% sanctioned not spent)
Gajanan Chandrakant Kirtikar,False,MUMBAI NORTH WEST,,17th Lok Sabha,17.0,9.5,9.81,19.341,12.28,6.99,2.82,0,0.7223529411764705,0,1.1377058823529413,0,0.2874617737003058,0,0.4307817589576547,1,0.558,31.2,Low,Execution delay gap (>40% sanctioned not spent)
Jaisidheshwar Shivachary Mahaswamiji,False,SOLAPUR(SC),,17th Lok Sabha,17.0,5.0,5.3402,14.7568,5.5703,4.0156,1.3246,0,0.3276647058823529,0,0.8680470588235294,0,0.24804314445151865,0,0.2791052546541478,0,0.547,10.9,Low,Compliant within operational parameters
Sanjay(Kaka) Ramchandra Patil,False,SANGLI,,17th Lok Sabha,17.0,5.0,5.2437,16.2428,7.3344,4.9832,0.2605,0,0.43143529411764703,0,0.9554588235294117,0,0.049678662013463784,0,0.32057155322862124,0,0.555,11.1,Low,Compliant within operational parameters
Navneet Ravi Rana,False,AMRAVATI(SC),,17th Lok Sabha,17.0,9.5,9.7808,30.5665,11.1281,7.8119,1.9689,0,0.6545941176470588,0,1.798029411764706,0,0.20130255193849175,0,0.29800235440012224,0,0.602,12.0,Low,Compliant within operational parameters
Sadashiv Kisan Lokhande,False,SHIRDI(SC),,17th Lok Sabha,17.0,9.5,9.6612,16.73,12.5237,7.8552,1.806,0,0.7366882352941176,0,0.9841176470588235,0,0.18693330021115392,0,0.3727732219711427,0,0.52,10.4,Low,Compliant within operational parameters
Raksha Nikhil Khadse,False,RAVER,,17th Lok Sabha,17.0,7.0,7.2486,10.0614,6.7587,5.9138,1.3348,0,0.3975705882352941,0,0.5918470588235295,0,0.18414590403664155,0,0.12500924734046487,0,0.48,9.6,Low,Compliant within operational parameters
Ranjeetsinha Hindurao Naik Nimbalkar,False,MADHA,,17th Lok Sabha,17.0,7.0,7.372,17.8664,8.8741,5.5785,1.7935,0,0.5220058823529412,0,1.0509647058823528,0,0.24328540423223008,0,0.3713728716151497,0,0.537,10.7,Low,Compliant within operational parameters
Unmesh Bhaiyyasaheb Patil,False,JALGAON,,17th Lok Sabha,17.0,7.0,7.255,9.7391,8.9495,5.1779,2.0771,0,0.5264411764705883,0,0.5728882352941177,0,0.28629910406616127,0,0.4214313648807196,1,0.519,30.4,Low,Execution delay gap (>40% sanctioned not spent)
Vinayak Bhaurao Raut,False,RATNAGIRI-SINDHUDURG,,17th Lok Sabha,17.0,9.5,13.1169,33.176,18.7062,10.5407,2.5762,0,1.100364705882353,1,1.951529411764706,0,0.19640311354054693,0,0.43651302776619516,1,0.659,58.2,Medium,Works sanctioned exceed entitlement ceiling (>105%); Execution delay gap (>40% sanctioned not spent); Peer distribution outlier (Isolation Forest)
Kapil Moreshwar Patil,False,BHIWANDI,,17th Lok Sabha,17.0,9.5,9.9021,12.8187,9.2956,7.3968,2.5053,0,0.5468000000000001,0,0.7540411764705882,0,0.2530069379222589,0,0.20426868626016614,0,0.479,9.6,Low,Compliant within operational parameters
Bharti Pravin Pawar,False,DINDORI(ST),,17th Lok Sabha,17.0,7.0,7.3633,12.3,11.2931,6.05,1.3133,0,0.6643,0,0.723529411764706,0,0.17835752991186016,0,0.4642746455800445,1,0.525,30.5,Low,Execution delay gap (>40% sanctioned not spent)
Ranjan Singh Rajkumar,False,INNER MANIPUR,,17th Lok Sabha,17.0,7.0,7.1153,6.974,6.836,6.976,0.1393,0,0.4021176470588235,0,0.4102352941176471,0,0.01957753011116889,0,-0.020479812755997612,0,0.533,10.7,Low,Compliant within operational parameters
Lorho S. Pfoze,False,OUTER MANIPUR(ST),,17th Lok Sabha,17.0,9.5,9.6015,10.257,9.37,9.5528,0.0487,0,0.5511764705882353,0,0.6033529411764705,0,0.005072124147268656,0,-0.019509071504802595,0,0.521,10.4,Low,Compliant within operational parameters
Vincent H Pala,False,SHILLONG,,17th Lok Sabha,17.0,9.5,11.1356,13.635,10.635,10.47,0.6656,0,0.6255882352941177,0,0.8020588235294117,0,0.059772261934695925,0,0.015514809590973122,0,0.493,9.9,Low,Compliant within operational parameters
Agatha K. Sangma,False,TURA,,17th Lok Sabha,17.0,7.0,7.1265,6.89,6.61,6.5792,0.5473,0,0.38882352941176473,0,0.4052941176470588,0,0.07679786711569495,0,0.004659606656580962,0,0.506,10.1,Low,Compliant within operational parameters
C Lalrosanga,False,MIZORAM (ST),,17th Lok Sabha,17.0,9.5,9.5524,9.31,9.31,9.3351,0.2173,0,0.5476470588235295,0,0.5476470588235295,0,0.022748209873958376,0,-0.002696025778732559,0,0.507,10.1,Low,Compliant within operational parameters
Tokheho Yepthomi,False,NAGALAND,,17th Lok Sabha,17.0,12.0,12.0259,11.76,11.76,12.024,0.0019,0,0.691764705882353,0,0.691764705882353,0,0.00015799233321414614,0,-0.02244897959183668,0,0.542,10.8,Low,Compliant within operational parameters
Mahesh Sahoo,False,DHENKANAL,,17th Lok Sabha,17.0,9.5,13.8411,24.8654,14.0072,12.9407,0.9004,0,0.8239529411764706,0,1.4626705882352942,0,0.06505263309997038,0,0.07613941401564907,0,0.601,12.0,Low,Compliant within operational parameters
Rajashree Mallick,False,JAGATSINGHPUR(SC),,17th Lok Sabha,17.0,7.0,7.4278,6.86,6.3328,4.5954,2.8324,0,0.3725176470588235,0,0.4035294117647059,0,0.3813242144376531,0,0.27434941889843356,0,0.544,10.9,Low,Compliant within operational parameters
Bishweswar Tudu,False,MAYURBHANJ (ST),,17th Lok Sabha,17.0,9.5,9.7098,18.8585,9.31,7.0644,2.6454,0,0.5476470588235295,0,1.1093235294117647,0,0.27244639436445656,0,0.24120300751879703,0,0.545,10.9,Low,Compliant within operational parameters
Nitesh Ganga Deb,False,SAMBALPUR,,17th Lok Sabha,24.5,9.5,10.9087,14.915,10.67,8.4521,2.4566,0,0.43551020408163266,0,0.6087755102040816,0,0.22519640287110287,0,0.207863167760075,0,0.481,9.6,Low,Compliant within operational parameters
Manjulata Mandal,False,BHADRAK(SC),,17th Lok Sabha,17.0,12.0,13.3565,16.21,13.1057,11.1636,2.1929,0,0.7709235294117648,0,0.953529411764706,0,0.16418223336952045,0,0.14818742989691508,0,0.504,10.1,Low,Compliant within operational parameters
Pramila Bisoyi,False,ASKA,,17th Lok Sabha,17.0,9.5,10.3164,12.5104,10.0273,7.514,2.8024,0,0.5898411764705882,0,0.7359058823529412,0,0.27164514753208485,0,0.2506457371376143,0,0.483,9.7,Low,Compliant within operational parameters
Achyutananda Samanta,False,KANDHAMAL,,17th Lok Sabha,17.0,9.5,9.6919,11.07,8.633,8.1276,1.5643,0,0.5078235294117647,0,0.6511764705882354,0,0.1614028209123082,0,0.05854280088034286,0,0.478,9.6,Low,Compliant within operational parameters
Basanta Kumar Panda,False,KALAHANDI,,17th Lok Sabha,17.0,7.0,7.2563,7.5,6.9045,6.0523,1.204,0,0.4061470588235294,0,0.4411764705882353,0,0.16592478260270385,0,0.12342675066985298,0,0.474,9.5,Low,Compliant within operational parameters
Pinaki Misra,False,PURI,,17th Lok Sabha,17.0,7.0,7.7763,7.3722,6.8272,6.6572,1.1191,0,0.4016,0,0.43365882352941176,0,0.14391162892378123,0,0.02490039840637462,0,0.493,9.9,Low,Compliant within operational parameters
Jual Oram,False,SUNDARGARH (ST),,17th Lok Sabha,17.0,7.0,7.4438,8.3401,7.114,5.8327,1.6111,0,0.4184705882352941,0,0.4905941176470588,0,0.21643515408796582,0,0.18010964295754847,0,0.479,9.6,Low,Compliant within operational parameters
Chandra Sekhar Sahu,False,BERHAMPUR,,17th Lok Sabha,17.0,9.5,10.0591,9.7591,9.1519,7.435,2.6241,0,0.5383470588235294,0,0.5740647058823529,0,0.2608682685329701,0,0.18760038899026432,0,0.475,9.5,Low,Compliant within operational parameters
Chandrani Murmu,False,KEONJHAR(ST),,17th Lok Sabha,17.0,7.0,7.2968,6.855,6.19,4.9937,2.3031,0,0.36411764705882355,0,0.4032352941176471,0,0.31563150970288345,0,0.19326332794830384,0,0.518,10.4,Low,Compliant within operational parameters
Ramesh Chandra Majhi,False,NABARANGPUR(ST),,17th Lok Sabha,17.0,9.5,11.0043,11.54,10.5091,9.1394,1.8649,0,0.6181823529411765,0,0.6788235294117646,0,0.16947011622729297,0,0.13033466234025748,0,0.461,9.2,Low,Compliant within operational parameters
Aparajita Sarangi,False,BHUBANESWAR,,17th Lok Sabha,17.0,9.5,9.684,16.4389,8.739,8.7,0.984,0,0.5140588235294118,0,0.9669941176470589,0,0.10161090458488228,0,0.004462753175420698,0,0.53,10.6,Low,Compliant within operational parameters
Sangeeta Kumari Singh Deo,False,BOLANGIR,,17th Lok Sabha,17.0,5.0,12.9142,24.1785,16.4585,10.0269,2.8873,0,0.9681470588235295,0,1.422264705882353,0,0.22357559895309043,0,0.3907768022602303,0,0.597,11.9,Low,Compliant within operational parameters
Pratap Chandra Sarangi,False,BALASORE,,17th Lok Sabha,17.0,7.0,7.2664,13.8288,7.0722,4.4597,2.8067,0,0.4160117647058823,0,0.8134588235294117,0,0.3862572938456457,0,0.369404145810356,0,0.556,11.1,Low,Compliant within operational parameters
Anubhav Mohanty,False,KENDRAPARA,,17th Lok Sabha,19.5,9.5,14.923,25.3215,14.8338,12.7406,2.1824,0,0.7607076923076923,0,1.2985384615384616,0,0.1462440528043959,0,0.14111016732057866,0,0.551,11.0,Low,Compliant within operational parameters
Suresh Pujari,False,BARGARH,,17th Lok Sabha,17.0,9.5,9.8629,12.0625,9.66,7.7436,2.1193,0,0.5682352941176471,0,0.7095588235294118,0,0.21487594926441514,0,0.1983850931677019,0,0.466,9.3,Low,Compliant within operational parameters
Sarmistha Sethi,False,JAJPUR(SC),,17th Lok Sabha,17.0,9.5,9.708,9.9171,9.4513,7.6582,2.0498,0,0.5559588235294117,0,0.5833588235294117,0,0.2111454470539761,0,0.18971993270766985,0,0.458,9.2,Low,Compliant within operational parameters
Bhartruhari Mahtab,False,CUTTACK,,17th Lok Sabha,17.0,9.5,10.978,14.7732,10.2453,8.1915,2.7865,0,0.602664705882353,0,0.8690117647058823,0,0.25382583348515214,0,0.2004626511668766,0,0.496,9.9,Low,Compliant within operational parameters
Saptagiri Sankar Ulaka,False,KORAPUT(ST),,17th Lok Sabha,17.0,9.5,12.0602,17.8946,11.2041,11.2965,0.7637,0,0.659064705882353,0,1.0526235294117647,0,0.0633239913102602,0,-0.008246981015878079,0,0.541,10.8,Low,Compliant within operational parameters
Vaithilingam Ve.,False,PONDICHERRY,,17th Lok Sabha,17.0,7.0,7.0,22.7985,11.7012,5.0627,1.9373,0,0.6883058823529412,0,1.3410882352941176,0,0.27675714285714287,0,0.5673349741906812,1,0.605,32.1,Low,Execution delay gap (>40% sanctioned not spent)
Amar Singh,False,FATEHGARH SAHIB(SC),,17th Lok Sabha,17.0,9.5,10.937,15.3875,10.6241,8.1566,2.7804,0,0.6249470588235294,0,0.9051470588235294,0,0.25421962146841004,0,0.23225496747959837,0,0.493,9.9,Low,Compliant within operational parameters
Gurjeet Singh Aujla,False,AMRITSAR,,17th Lok Sabha,17.0,12.0,13.2694,13.0287,12.1011,11.4128,1.8566,0,0.7118294117647059,0,0.7663941176470589,0,0.1399158967247954,0,0.05687912669096197,0,0.492,9.8,Low,Compliant within operational parameters
Simranjit Singh Mann,False,SANGRUR,,17th Lok Sabha,10.0,2.5,2.7787,4.6174,1.8196,0.5283,2.2504,0,0.18196,0,0.46174,0,0.8098751214596753,1,0.7096614640580348,1,0.704,54.1,Medium,High idle/unspent balance (>50%); Execution delay gap (>40% sanctioned not spent); Peer distribution outlier (Isolation Forest)
Santokh Singh Chaudhary,False,JALANDHAR(SC),,17th Lok Sabha,17.0,7.0,7.8318,6.1585,5.3395,2.9567,4.8751,0,0.31408823529411767,0,0.36226470588235293,0,0.6224750376669476,1,0.4462590130162,1,0.65,53.0,Medium,High idle/unspent balance (>50%); Execution delay gap (>40% sanctioned not spent)
Sukhbir Singh Badal,False,FIROZPUR,,17th Lok Sabha,17.0,9.5,9.9782,10.664,9.6659,8.2447,1.7335,0,0.5685823529411765,0,0.6272941176470588,0,0.17372872862840996,0,0.14703235084161853,0,0.455,9.1,Low,Compliant within operational parameters
Manish Tewari,False,ANANDPUR SAHIB,,17th Lok Sabha,17.0,9.5,10.979,12.1085,10.0421,8.1116,2.8674,0,0.5907117647058824,0,0.7122647058823529,0,0.26117132707896895,0,0.19224066679280236,0,0.483,9.7,Low,Compliant within operational parameters
Harsimrat Kaur Badal,False,BHATINDA,,17th Lok Sabha,17.0,7.0,8.938,12.5649,7.8914,7.175,1.763,0,0.4642,0,0.7391117647058824,0,0.19724770642201833,0,0.09078237068200828,0,0.489,9.8,Low,Compliant within operational parameters
Preneet Kaur,False,PATIALA,,17th Lok Sabha,17.0,7.0,7.2274,7.0673,7.0673,6.6479,0.5795,0,0.4157235294117647,0,0.4157235294117647,0,0.08018097794504248,0,0.05934373806121156,0,0.488,9.8,Low,Compliant within operational parameters
Som Parkash,False,HOSHIARPUR(SC),,17th Lok Sabha,17.0,7.0,7.4267,18.8949,7.6463,5.8614,1.5653,0,0.44978235294117647,0,1.111464705882353,0,0.21076655849839093,0,0.23343316375240317,0,0.547,10.9,Low,Compliant within operational parameters
Sunny Deol,False,GURDASPUR,,17th Lok Sabha,17.0,7.0,7.2198,7.0222,7.0222,5.8454,1.3744,0,0.4130705882352941,0,0.4130705882352941,0,0.19036538408266157,0,0.167582808806357,0,0.487,9.7,Low,Compliant within operational parameters
Bhagwant Mann,True,SANGRUR,,17th Lok Sabha,12.0,7.0,7.6488,8.2364,5.3892,2.7019,4.9469,0,0.4491,0,0.6863666666666667,0,0.6467550465432487,1,0.4986454390262005,1,0.625,52.5,Medium,High idle/unspent balance (>50%); Execution delay gap (>40% sanctioned not spent)
Ravneet Singh,False,LUDHIANA,,17th Lok Sabha,17.0,7.0,7.6905,10.3442,6.8733,4.9836,2.7069,0,0.40431176470588237,0,0.6084823529411765,0,0.3519797152330798,0,0.2749334380865087,0,0.528,10.6,Low,Compliant within operational parameters
Jasbir Singh Gill,False,KHADOOR SAHIB,,17th Lok Sabha,17.0,9.5,12.8279,12.6231,12.6231,10.8853,1.9426,0,0.7425352941176471,0,0.7425352941176471,0,0.1514355428402155,0,0.13766824314154208,0,0.47,9.4,Low,Compliant within operational parameters
Mohammad Sadique,False,FARIDKOT(SC),,17th Lok Sabha,17.0,9.5,12.9227,12.1496,12.1496,10.0311,2.8916,0,0.7146823529411764,0,0.7146823529411764,0,0.22376128827566993,0,0.17436788042404683,0,0.486,9.7,Low,Compliant within operational parameters
Diya Kumari,False,RAJSAMAND,,17th Lok Sabha,17.0,7.0,9.6062,14.0846,8.6167,8.7312,0.875,0,0.5068647058823529,0,0.8285058823529412,0,0.09108700630842581,0,-0.013288149755706895,0,0.513,10.3,Low,Compliant within operational parameters
Om Birla,False,KOTA,,17th Lok Sabha,19.5,5.0,5.4031,7.4892,5.6969,2.4696,2.9335,0,0.29214871794871794,0,0.38406153846153845,0,0.5429290592437674,1,0.5665010795344837,1,0.649,53.0,Medium,High idle/unspent balance (>50%); Execution delay gap (>40% sanctioned not spent)
Balak Nath,False,ALWAR,,17th Lok Sabha,17.0,12.0,16.8032,22.7386,16.5199,14.3786,2.4246,0,0.9717588235294118,0,1.337564705882353,0,0.14429394401066462,0,0.12961942868903562,0,0.593,11.9,Low,Compliant within operational parameters
Chandra Prakash Joshi,False,CHITTORGARH,,17th Lok Sabha,17.0,7.0,7.5032,13.0034,7.1649,6.1774,1.3258,0,0.42146470588235296,0,0.7649058823529411,0,0.17669794221132318,0,0.1378246730589402,0,0.484,9.7,Low,Compliant within operational parameters
Kailash Choudhary,False,BARMER,,17th Lok Sabha,17.0,9.5,10.0178,19.0155,10.5306,8.6005,1.4173,0,0.6194470588235294,0,1.1185588235294117,0,0.14147816885943024,0,0.18328490304446085,0,0.525,10.5,Low,Compliant within operational parameters
Nihal Chand Chauhan,False,GANGANAGAR(SC),,17th Lok Sabha,17.0,7.0,7.4576,11.1893,7.6015,5.186,2.2716,0,0.4471470588235294,0,0.6581941176470588,0,0.3046020167346063,0,0.31776623034927315,0,0.504,10.1,Low,Compliant within operational parameters
Arjunlal Meena,False,UDAIPUR(ST),,17th Lok Sabha,17.0,7.0,7.2291,7.0696,7.0695,6.3789,0.8502,0,0.4158529411764706,0,0.4158588235294118,0,0.1176080009959746,0,0.09768724803734351,0,0.478,9.6,Low,Compliant within operational parameters
Arjun Ram Meghwal,False,BIKANER(SC),,17th Lok Sabha,17.0,9.5,17.0028,23.3846,19.5082,13.5705,3.4323,0,1.147541176470588,1,1.3755647058823528,0,0.20186675135859977,0,0.3043694446437908,0,0.634,37.7,Medium,Works sanctioned exceed entitlement ceiling (>105%)
Ranjeeta Koli,False,BHARATPUR(SC),,17th Lok Sabha,17.0,7.0,8.4226,11.5363,8.3914,6.9926,1.43,0,0.4936117647058824,0,0.6786058823529412,0,0.16978130268563152,0,0.16669447291274403,0,0.463,9.3,Low,Compliant within operational parameters
Ramcharan Bohra,False,JAIPUR,,17th Lok Sabha,17.0,7.0,7.45,9.2818,7.9818,5.8878,1.5622,0,0.46951764705882354,0,0.5459882352941177,0,0.20969127516778524,0,0.26234683905885886,0,0.491,9.8,Low,Compliant within operational parameters
Devji Mansingram Patel,False,JALORE,,17th Lok Sabha,17.0,9.5,10.028,10.9666,9.3098,9.4932,0.5348,0,0.547635294117647,0,0.6450941176470588,0,0.053330674112485044,0,-0.019699671314099197,0,0.496,9.9,Low,Compliant within operational parameters
Sumedhanand Saraswati,False,SIKAR,,17th Lok Sabha,17.0,9.5,9.7297,20.6701,9.2062,8.0418,1.6879,0,0.5415411764705883,0,1.2158882352941178,0,0.17347914118626473,0,0.12647998088244883,0,0.546,10.9,Low,Compliant within operational parameters
Rajyavardhan Singh Rathore,False,JAIPUR RURAL,,17th Lok Sabha,17.0,5.0,5.5219,7.2772,7.2572,4.0252,1.4967,0,0.4268941176470588,0,0.4280705882352941,0,0.2710480088375378,0,0.4453508240092598,1,0.548,31.0,Low,Execution delay gap (>40% sanctioned not spent)
Jaskaur Meena,False,DAUSA(ST),,17th Lok Sabha,17.0,7.0,11.1101,11.4842,10.9551,11.0341,0.076,0,0.6444176470588235,0,0.6755411764705882,0,0.006840622496647195,0,-0.007211253206269284,0,0.517,10.3,Low,Compliant within operational parameters
P.P. Chaudhary,False,PALI,,17th Lok Sabha,17.0,7.0,7.2829,9.6703,7.8062,5.6371,1.6458,0,0.4591882352941176,0,0.5688411764705882,0,0.22598140850485385,0,0.27786887345955774,0,0.492,9.8,Low,Compliant within operational parameters
Kanakmal Katara,False,BANSWARA(ST),,17th Lok Sabha,17.0,9.5,9.6553,20.2804,13.2401,7.3541,2.3012,0,0.7788294117647059,0,1.192964705882353,0,0.23833542199620933,0,0.4445585758415722,1,0.563,31.3,Low,Execution delay gap (>40% sanctioned not spent)
Dushyant Singh,False,JHALAWAR-BARAN,,17th Lok Sabha,17.0,5.0,11.6237,14.0905,11.4405,9.4858,2.1379,0,0.6729705882352941,0,0.8288529411764706,0,0.18392594440668636,0,0.1708579170490801,0,0.464,9.3,Low,Compliant within operational parameters
Narendra Kumar,False,JHUNJHUNU,,17th Lok Sabha,17.0,9.5,10.0961,16.5623,11.0297,7.7685,2.3276,0,0.6488058823529412,0,0.9742529411764707,0,0.2305444676657323,0,0.29567440637551334,0,0.507,10.1,Low,Compliant within operational parameters
Bhagirath Chaudhary,False,AJMER,,17th Lok Sabha,17.0,7.0,7.4738,15.4391,9.8423,5.1174,2.3564,0,0.5789588235294117,0,0.9081823529411764,0,0.3152880730016859,0,0.4800605549515865,1,0.548,31.0,Low,Execution delay gap (>40% sanctioned not spent)
Rahul Kaswan,False,CHURU,,17th Lok Sabha,17.0,9.5,13.0673,16.718,12.8066,10.6197,2.4476,0,0.7533294117647058,0,0.9834117647058823,0,0.18730724786298625,0,0.17076351256383426,0,0.504,10.1,Low,Compliant within operational parameters
Manoj Rajoria,False,KARAULI-DHOLPUR(SC),,17th Lok Sabha,19.5,5.0,10.8285,26.7182,9.3695,7.8753,2.9532,0,0.4804871794871795,0,1.3701641025641025,0,0.2727247541210694,0,0.15947489193660283,0,0.586,11.7,Low,Compliant within operational parameters
Hanuman Beniwal,False,NAGAUR,,17th Lok Sabha,17.0,7.0,11.4161,13.3832,12.8707,11.2721,0.144,0,0.7571,0,0.7872470588235294,0,0.01261376477080614,0,0.12420458871700836,0,0.518,10.4,Low,Compliant within operational parameters
Subhash Chandra Baheria,False,BHILWARA,,17th Lok Sabha,17.0,5.0,5.5043,6.5438,6.3762,5.4404,0.0639,0,0.3750705882352941,0,0.3849294117647059,0,0.011609105608342569,0,0.14676453059816183,0,0.521,10.4,Low,Compliant within operational parameters
Gajendra Singh Shekhawat,False,JODHPUR,,17th Lok Sabha,22.0,7.0,7.8473,14.0922,7.349,6.4349,1.4124,0,0.33404545454545453,0,0.6405545454545455,0,0.179985472710359,0,0.12438426996870328,0,0.501,10.0,Low,Compliant within operational parameters
Sukhbir Singh Jaunapuria,False,TONK-SAWAI MADHOPUR,,17th Lok Sabha,17.0,7.0,13.3398,16.8722,13.0572,10.421,2.9188,0,0.7680705882352941,0,0.9924823529411765,0,0.2188038801181427,0,0.20189627178874495,0,0.522,10.4,Low,Compliant within operational parameters
Indra Hang Subba,False,SIKKIM,,17th Lok Sabha,17.0,7.0,7.8625,12.4012,7.5412,7.6802,0.1823,0,0.4436,0,0.7294823529411765,0,0.023186009538950714,0,-0.018432079775102136,0,0.534,10.7,Low,Compliant within operational parameters
Ravikumar,False,D VILUPPURAM(SC),,17th Lok Sabha,17.0,9.5,9.7243,12.6716,11.831,7.986,1.7383,0,0.6959411764705882,0,0.7453882352941177,0,0.17875836821159363,0,0.32499366072183244,0,0.49,9.8,Low,Compliant within operational parameters
Kanimozhi Karunanidhi,False,THOOTHUKKUDI,,17th Lok Sabha,17.0,7.0,7.3377,16.7135,14.087,6.785,0.5527,0,0.8286470588235294,0,0.9831470588235294,0,0.07532333019883615,0,0.518350252005395,1,0.563,31.3,Low,Execution delay gap (>40% sanctioned not spent)
Kathir Anand,False,DM VELLORE,,17th Lok Sabha,14.5,7.0,7.1008,6.632,6.632,5.722,1.3788,0,0.45737931034482754,0,0.45737931034482754,0,0.19417530419107706,0,0.13721351025331716,0,0.472,9.4,Low,Compliant within operational parameters
Ganesan Selvam,False,KANCHEEPURAM(SC),,17th Lok Sabha,17.0,9.5,9.6398,16.8892,14.6722,9.0473,0.5925,0,0.8630705882352941,0,0.9934823529411764,0,0.06146393078694579,0,0.38337127356497325,0,0.542,10.8,Low,Compliant within operational parameters
H. Vasanthakumar,False,KANNIYAKUMARI,,17th Lok Sabha,10.0,5.0,5.0,7.8209,2.6575,3.058,1.942,0,0.26575000000000004,0,0.78209,0,0.38839999999999997,0,-0.15070555032925667,0,0.622,12.4,Low,Compliant within operational parameters
P. Raveendranath Kumar,False,THENI,,17th Lok Sabha,17.0,7.0,8.0624,16.6719,16.2081,7.0528,1.0096,0,0.9534176470588236,0,0.9807,0,0.1252232585830522,0,0.564859545535874,1,0.571,31.4,Low,Execution delay gap (>40% sanctioned not spent)
A. Ganeshamurthi,False,ERODE,,17th Lok Sabha,17.0,7.0,7.236,16.1403,12.3725,7.0653,0.1707,0,0.7277941176470588,0,0.9494294117647059,0,0.02359038142620232,0,0.4289513032935947,1,0.542,30.8,Low,Execution delay gap (>40% sanctioned not spent)
M Selvaraj,False,NAGAPATTINAM(SC),,17th Lok Sabha,17.0,9.5,9.633,16.5521,13.3577,8.4943,1.1387,0,0.7857470588235294,0,0.9736529411764705,0,0.11820824249974049,0,0.3640896262081046,0,0.518,10.4,Low,Compliant within operational parameters
T.R.V.S. Ramesh,False,CUDDALORE,,17th Lok Sabha,17.0,9.5,9.8995,11.7646,11.2885,9.3227,0.5768,0,0.664029411764706,0,0.6920352941176471,0,0.058265568968129705,0,0.1741418257518715,0,0.472,9.4,Low,Compliant within operational parameters
Dayanidhi Maran,False,CHENNAI CENTRAL,,17th Lok Sabha,17.0,7.0,8.7078,20.5118,16.7711,8.5292,0.1786,0,0.9865352941176471,0,1.2065764705882354,0,0.020510347045177887,0,0.49143467035555216,1,0.601,32.0,Low,Execution delay gap (>40% sanctioned not spent)
S.S. Palanimanickam,False,THANJAVUR,,17th Lok Sabha,17.0,7.0,7.2054,12.1854,9.5819,4.683,2.5224,0,0.5636411764705882,0,0.7167882352941176,0,0.35007078024814725,0,0.5112660328327367,1,0.555,31.1,Low,Execution delay gap (>40% sanctioned not spent)
K Jayakumar,False,TIRUVALLUR(SC),,17th Lok Sabha,17.0,5.0,5.548,16.3648,12.5226,4.8422,0.7058,0,0.7366235294117648,0,0.962635294117647,0,0.1272170151405912,0,0.6133231118138406,1,0.558,31.2,Low,Execution delay gap (>40% sanctioned not spent)
Vijayakumar Alias Vijay Vasanth,False,KANNIYAKUMARI,,17th Lok Sabha,12.0,2.0,2.1991,7.2688,6.8655,1.9573,0.2418,0,0.572125,0,0.6057333333333333,0,0.10995407212041289,0,0.7149078726968174,1,0.596,31.9,Low,Execution delay gap (>40% sanctioned not spent)
Kani K. Navas,False,RAMANATHAPURAM,,17th Lok Sabha,17.0,5.0,5.7499,12.6842,11.8512,5.0399,0.71,0,0.6971294117647059,0,0.7461294117647059,0,0.1234804083549279,0,0.574735047927636,1,0.554,31.1,Low,Execution delay gap (>40% sanctioned not spent)
S. Ramalingam,False,MAYILADUTHURAI,,17th Lok Sabha,17.0,5.0,5.2876,17.0344,15.1594,5.1119,0.1757,0,0.8917294117647059,0,1.0020235294117648,0,0.0332286859822982,0,0.6627900840402654,1,0.601,32.0,Low,Execution delay gap (>40% sanctioned not spent)
A. Chellakumar,False,KRISHNAGIRI,,17th Lok Sabha,17.0,7.0,7.2234,12.9197,12.2801,4.4944,2.729,0,0.7223588235294117,0,0.7599823529411766,0,0.37779992801173967,0,0.6340094950366854,1,0.586,31.7,Low,Execution delay gap (>40% sanctioned not spent)
Thirumaa Valavan Thol,False,CHIDAMBARAM(SC),,17th Lok Sabha,17.0,9.5,9.6606,16.6517,10.8182,9.4635,0.1971,0,0.6363647058823529,0,0.9795117647058824,0,0.020402459474566797,0,0.12522415928712718,0,0.519,10.4,Low,Compliant within operational parameters
Manickam Tagore B,False,VIRUDHUNAGAR,,17th Lok Sabha,17.0,7.0,8.1881,8.7335,8.6454,7.2143,0.9738,0,0.5085529411764707,0,0.5137352941176471,0,0.1189286891952956,0,0.16553311587665123,0,0.473,9.5,Low,Compliant within operational parameters
T.R. Paarivendhar,False,PERAMBALUR,,17th Lok Sabha,17.0,7.0,7.2602,11.9838,11.4752,6.1786,1.0816,0,0.6750117647058823,0,0.7049294117647059,0,0.14897661221453953,0,0.46156929726714996,1,0.527,30.5,Low,Execution delay gap (>40% sanctioned not spent)
Thalikkottai Rajuthevar Baalu,False,SRIPERUMBUDUR,,17th Lok Sabha,17.0,7.0,7.212,16.4642,13.7239,6.0855,1.1265,0,0.8072882352941176,0,0.9684823529411766,0,0.15619800332778702,0,0.5565764833611437,1,0.555,31.1,Low,Execution delay gap (>40% sanctioned not spent)
Dnv Senthilkumar S.,False,DHARAMAPURI,,17th Lok Sabha,19.5,9.5,9.7564,16.5395,9.9389,7.3942,2.3622,0,0.5096871794871795,0,0.8481794871794872,0,0.24211799434217543,0,0.25603437000070434,0,0.493,9.9,Low,Compliant within operational parameters
Su Thirunavukkarasar,False,TIRUCHIRAPPALLI,,17th Lok Sabha,17.0,9.5,9.7131,11.7006,11.3926,9.6808,0.0323,0,0.6701529411764706,0,0.6882705882352941,0,0.0033254058951313176,0,0.15025542896266,0,0.507,10.1,Low,Compliant within operational parameters
S. Gnanathiraviam,False,TIRUNELVELI,,17th Lok Sabha,17.0,7.0,7.2836,17.4071,15.8913,6.9875,0.2961,0,0.9347823529411764,0,1.0239470588235293,0,0.04065297380416277,0,0.560293997344459,1,0.584,31.7,Low,Execution delay gap (>40% sanctioned not spent)
T. Sumathy (A) Thamizhachi Thangapandian,False,CHENNAI SOUTH,,17th Lok Sabha,22.0,7.0,7.2452,17.4599,13.8551,4.9683,2.2769,0,0.6297772727272727,0,0.7936318181818183,0,0.3142632363495832,0,0.641410022302257,1,0.567,31.3,Low,Execution delay gap (>40% sanctioned not spent)
Andimuthu Raja,False,NILGIRIS(SC),,17th Lok Sabha,17.0,7.0,7.1665,13.471,10.861,6.7523,0.4142,0,0.6388823529411765,0,0.7924117647058824,0,0.05779669294634759,0,0.37829849921738334,0,0.514,10.3,Low,Compliant within operational parameters
Dhanush M Kumar,False,TENKASI(SC),,17th Lok Sabha,17.0,5.0,5.2283,13.2734,11.1387,4.9506,0.2777,0,0.6552176470588236,0,0.7807882352941177,0,0.05311477918252587,0,0.5555495704166554,1,0.567,31.3,Low,Execution delay gap (>40% sanctioned not spent)
Karti P Chidambaram,False,SIVAGANGA,,17th Lok Sabha,17.0,7.0,7.1149,13.6332,10.4432,7.0696,0.0453,0,0.6143058823529411,0,0.8019529411764706,0,0.0063669201253707015,0,0.3230427455186149,0,0.53,10.6,Low,Compliant within operational parameters
S.R. Parthiban,False,SALEM,,17th Lok Sabha,17.0,9.5,10.8055,17.4809,16.6939,10.4381,0.3674,0,0.9819941176470588,0,1.0282882352941176,0,0.034001203091018464,0,0.37473568189578227,0,0.575,11.5,Low,Compliant within operational parameters
K. Subbarayan,False,TIRUPPUR,,17th Lok Sabha,17.0,7.0,7.2098,16.6499,10.0405,6.3135,0.8963,0,0.5906176470588235,0,0.9794058823529411,0,0.12431690199450747,0,0.3711966535531099,0,0.521,10.4,Low,Compliant within operational parameters
A.K.P Chinraj,False,NAMAKKAL,,17th Lok Sabha,17.0,7.0,7.2768,12.2006,11.9642,4.4453,2.8315,0,0.7037764705882353,0,0.7176823529411764,0,0.3891133465259455,0,0.6284498754617944,1,0.59,31.8,Low,Execution delay gap (>40% sanctioned not spent)
S. Venkatesan,False,MADURAI,,17th Lok Sabha,17.0,5.0,5.2503,16.6637,15.2605,4.3425,0.9078,0,0.8976764705882353,0,0.9802176470588234,0,0.172904405462545,0,0.715441826938829,1,0.596,31.9,Low,Execution delay gap (>40% sanctioned not spent)
V. Kalanidhi,False,CHENNAI NORTH,,17th Lok Sabha,17.0,5.0,7.8324,19.711,13.6469,7.7986,0.0338,0,0.8027588235294117,0,1.159470588235294,0,0.004315407793268985,0,0.42854421150590977,1,0.574,31.5,Low,Execution delay gap (>40% sanctioned not spent)
M.K. Vishnu Prasad,False,ARANI,,17th Lok Sabha,17.0,12.0,12.1485,17.3575,15.8883,11.5587,0.5898,0,0.9346058823529412,0,1.021029411764706,0,0.04854920360538338,0,0.2725024074318838,0,0.562,11.2,Low,Compliant within operational parameters
K. Shanmuga Sundaram,False,POLLACHI,,17th Lok Sabha,17.0,7.0,7.139,10.1767,9.6334,6.6953,0.4437,0,0.5666705882352941,0,0.5986294117647059,0,0.06215156184339543,0,0.3049909689206303,0,0.508,10.2,Low,Compliant within operational parameters
C.N. Annadurai,False,TIRUVANNAMALAI,,17th Lok Sabha,17.0,12.0,12.9488,17.5476,17.4573,11.4679,1.4809,0,1.0269,0,1.0322117647058824,0,0.11436580995922403,0,0.34308856466922144,0,0.57,11.4,Low,Compliant within operational parameters
Gautham Sigamani Pon,False,KALLAKURICHI,,17th Lok Sabha,17.0,7.0,7.1709,12.0497,11.8497,6.006,1.1649,0,0.6970411764705883,0,0.7088058823529412,0,0.16244822825586747,0,0.4931517253601357,1,0.54,30.8,Low,Execution delay gap (>40% sanctioned not spent)
S. Jagathrakshakan,False,ARAKKONAM,,17th Lok Sabha,17.0,7.0,7.1045,11.6889,9.2882,6.4192,0.6853,0,0.546364705882353,0,0.6875823529411765,0,0.09645999014708988,0,0.3088865442173941,0,0.496,9.9,Low,Compliant within operational parameters
P. Velusamy,False,DINDIGUL,,17th Lok Sabha,17.0,7.0,7.7531,14.3221,12.1177,7.6718,0.0813,0,0.7128058823529412,0,0.8424764705882354,0,0.010486128129393403,0,0.366893057263342,0,0.536,10.7,Low,Compliant within operational parameters
P.R. Natarajan,False,COIMBATORE,,17th Lok Sabha,17.0,7.0,8.5107,16.35,15.557,6.8109,1.6998,0,0.9151176470588236,0,0.9617647058823531,0,0.19972505199337304,0,0.5621970816995565,1,0.571,31.4,Low,Execution delay gap (>40% sanctioned not spent)
S. Jothimani,False,KARUR,,17th Lok Sabha,17.0,9.5,10.0477,16.0991,12.9402,9.8688,0.1789,0,0.7611882352941177,0,0.9470058823529411,0,0.017805069816973038,0,0.23735336393564244,0,0.529,10.6,Low,Compliant within operational parameters
Bheemrao Baswanthrao Patil,False,ZAHIRABAD,,17th Lok Sabha,17.0,7.0,7.3697,8.8252,7.8052,4.5291,2.8406,0,0.4591294117647059,0,0.519129411764706,0,0.3854430980908313,0,0.41973299851381135,1,0.548,31.0,Low,Execution delay gap (>40% sanctioned not spent)
Ramulu Pothuganti,False,NAGARKURNOOL(SC),,17th Lok Sabha,17.0,9.5,9.734,12.5597,11.6992,8.73,1.004,0,0.6881882352941177,0,0.7388058823529411,0,0.10314362029997945,0,0.2537951312910284,0,0.473,9.5,Low,Compliant within operational parameters
Arvind Dharmapuri,False,NIZAMABAD,,17th Lok Sabha,17.0,5.0,5.3277,18.519,15.938,4.3379,0.9898,0,0.9375294117647059,0,1.0893529411764704,0,0.1857837340691105,0,0.7278265779897102,1,0.611,32.2,Low,Execution delay gap (>40% sanctioned not spent)
Soyam Babu Rao,False,ADILABAD(ST),,17th Lok Sabha,17.0,9.5,9.6503,10.4398,9.3913,6.7002,2.9501,0,0.5524294117647058,0,0.6141058823529412,0,0.3057003409220439,0,0.2865524474779849,0,0.492,9.8,Low,Compliant within operational parameters
Kishan Reddy Gangapuram,False,SECUNDERABAD,,17th Lok Sabha,17.0,7.0,7.2829,14.5718,14.0959,4.8514,2.4315,0,0.8291705882352941,0,0.8571647058823529,0,0.33386425737000375,0,0.6558289999219631,1,0.592,31.8,Low,Execution delay gap (>40% sanctioned not spent)
Uttam Kumar Nalamada Reddy,False,NALGONDA,,17th Lok Sabha,17.0,7.0,7.9676,10.4209,10.0109,5.5388,2.4288,0,0.5888764705882352,0,0.6129941176470588,0,0.3048345800491992,0,0.44672307185168164,1,0.523,30.5,Low,Execution delay gap (>40% sanctioned not spent)
Dayakar Pasunoori,False,WARANGEL(SC),,17th Lok Sabha,17.0,7.0,7.1393,9.6234,9.6234,5.3062,1.8331,0,0.5660823529411765,0,0.5660823529411765,0,0.25676186740997015,0,0.44861483467381597,1,0.529,30.6,Low,Execution delay gap (>40% sanctioned not spent)
Nama Nageswara Rao,False,KHAMMAM,,17th Lok Sabha,17.0,7.0,7.3255,14.167,14.167,4.4881,2.8374,0,0.8333529411764706,0,0.8333529411764706,0,0.3873319227356495,0,0.6832003952848168,1,0.616,32.3,Low,Execution delay gap (>40% sanctioned not spent)
Kavitha Malothu,False,MAHABUBABAD,,17th Lok Sabha,17.0,7.0,7.2316,6.8317,6.8284,5.4174,1.8142,0,0.4016705882352941,0,0.4018647058823529,0,0.2508711765031252,0,0.20663698670259512,0,0.5,10.0,Low,Compliant within operational parameters
Anumula Revanth Reddy,False,MALKAJGIRI,,17th Lok Sabha,17.0,7.0,7.4009,7.0798,6.7478,4.9784,2.4225,0,0.39692941176470586,0,0.41645882352941177,0,0.32732505506087095,0,0.2622187972376182,0,0.523,10.5,Low,Compliant within operational parameters
Sanjay Kumar Bandi,False,KARIMNAGAR,,17th Lok Sabha,17.0,5.0,5.2327,10.6933,9.4225,5.0333,0.1994,0,0.5542647058823529,0,0.6290176470588236,0,0.03810652244539148,0,0.46582117272486073,1,0.555,31.1,Low,Execution delay gap (>40% sanctioned not spent)
Manne Srinivas Reddy,False,MAHABUBNAGAR,,17th Lok Sabha,19.5,7.0,7.2405,16.1983,12.1633,7.2404,0.0001,0,0.6237589743589743,0,0.8306820512820513,0,1.3811200883916857e-05,0,0.40473391267172554,1,0.544,30.9,Low,Execution delay gap (>40% sanctioned not spent)
Asaduddin Owaisi,False,HYDERABAD,,17th Lok Sabha,19.5,7.0,7.2336,13.3605,10.7104,6.0567,1.1769,0,0.549251282051282,0,0.6851538461538461,0,0.1626990710019907,0,0.43450291305646843,1,0.521,30.4,Low,Execution delay gap (>40% sanctioned not spent)
Komati Reddy Venkat Reddy,False,BHONGIR,,17th Lok Sabha,17.0,7.0,7.1289,6.8725,6.8725,6.7598,0.3691,0,0.4042647058823529,0,0.4042647058823529,0,0.051775168679599935,0,0.016398690432884593,0,0.5,10.0,Low,Compliant within operational parameters
Venkatesh Netha Borlakunta,False,PEDDAPALLE,,17th Lok Sabha,17.0,7.0,7.492,6.7418,6.7418,5.3869,2.1051,0,0.39657647058823525,0,0.39657647058823525,0,0.280979711692472,0,0.20097006734106615,0,0.508,10.2,Low,Compliant within operational parameters
Kotha Prabhakar Reddy,False,MEDAK,,17th Lok Sabha,17.0,7.0,7.2636,16.5854,16.5854,5.9406,1.323,0,0.9756117647058824,0,0.9756117647058824,0,0.18214108706426563,0,0.6418175021404368,1,0.588,31.8,Low,Execution delay gap (>40% sanctioned not spent)
Gaddam Ranjith Reddy,False,CHELVELLA,,17th Lok Sabha,17.0,7.0,7.3308,11.2092,10.9092,4.9467,2.3841,0,0.6417176470588235,0,0.6593647058823529,0,0.3252168931085284,0,0.5465570344296558,1,0.557,31.1,Low,Execution delay gap (>40% sanctioned not spent)
Pratima Bhoumik,False,TRIPURA WEST,,17th Lok Sabha,17.0,5.0,5.4714,7.5512,5.2913,2.8533,2.6181,0,0.31125294117647057,0,0.4441882352941176,0,0.47850641517710274,0,0.4607563358720919,1,0.602,32.0,Low,Execution delay gap (>40% sanctioned not spent)
Rebati Tripura,False,TRIPURA EAST(ST),,17th Lok Sabha,34.5,24.5,24.6557,8.904,8.074,6.9326,17.7231,0,0.23402898550724638,0,0.25808695652173913,0,0.7188236391584907,1,0.14136735199405498,0,0.659,33.2,Low,High idle/unspent balance (>50%); Peer distribution outlier (Isolation Forest)
Mahesh Sharma,False,GAUTAM BUDDHA NAGAR,,17th Lok Sabha,17.0,9.5,12.1016,16.1474,11.532,11.1707,0.9309,0,0.6783529411764706,0,0.9498470588235295,0,0.0769237125669333,0,0.03133021158515435,0,0.506,10.1,Low,Compliant within operational parameters
Feroze Varun Gandhi,False,PILIBHIT,,17th Lok Sabha,17.0,9.5,9.6294,9.1566,9.1566,8.7419,0.8875,0,0.5386235294117646,0,0.5386235294117646,0,0.09216565933495337,0,0.045289736365026305,0,0.465,9.3,Low,Compliant within operational parameters
Dimple Yadav,False,MAINPURI,,17th Lok Sabha,7.5,2.5,2.5202,1.8159,1.8159,1.099,1.4212,0,0.24212,0,0.24212,0,0.5639234981350687,1,0.3947904620298475,0,0.646,32.9,Low,High idle/unspent balance (>50%)
Haji Fazlur Rehman,False,SAHARANPUR,,17th Lok Sabha,17.0,9.5,10.0754,9.4237,9.4237,8.2418,1.8336,0,0.554335294117647,0,0.554335294117647,0,0.18198781189828692,0,0.12541782951494643,0,0.463,9.3,Low,Compliant within operational parameters
Girish Chandra,False,NAGINA(SC),,17th Lok Sabha,17.0,9.5,9.9703,9.7654,9.3577,8.4495,1.5208,0,0.5504529411764706,0,0.574435294117647,0,0.15253302307854327,0,0.09705376321104535,0,0.463,9.3,Low,Compliant within operational parameters
Jai Prakash,False,HARDOI (SC),,17th Lok Sabha,17.0,9.5,9.7136,9.3903,8.8503,7.5719,2.1417,0,0.5206058823529413,0,0.5523705882352941,0,0.2204846812716192,0,0.14444708088991337,0,0.473,9.5,Low,Compliant within operational parameters
Anupriya Patel,False,MIRZAPUR,,17th Lok Sabha,17.0,7.0,7.5186,6.7796,6.7796,5.3736,2.145,0,0.39880000000000004,0,0.39880000000000004,0,0.28529247466283614,0,0.2073868664817984,0,0.506,10.1,Low,Compliant within operational parameters
Satish Kumar Gautam,False,ALIGARH,,17th Lok Sabha,17.0,12.0,12.227,12.0957,12.0957,11.9048,0.3222,0,0.7115117647058824,0,0.7115117647058824,0,0.02635151713421117,0,0.01578246814983845,0,0.506,10.1,Low,Compliant within operational parameters
Virendra Singh,False,BALLIA,,17th Lok Sabha,17.0,7.0,7.9178,7.9915,7.2414,5.9445,1.9733,0,0.4259647058823529,0,0.47008823529411764,0,0.24922326908989872,0,0.17909520258513548,0,0.485,9.7,Low,Compliant within operational parameters
Narendra Modi,False,VARANASI,,17th Lok Sabha,19.5,7.0,9.0791,9.2246,8.7111,8.6532,0.4259,0,0.44672307692307694,0,0.47305641025641026,0,0.046909936006872925,0,0.006646692151393057,0,0.502,10.0,Low,Compliant within operational parameters
Rajesh Verma,False,SITAPUR,,17th Lok Sabha,17.0,9.5,9.7072,10.5723,9.4602,6.8858,2.8214,0,0.5564823529411765,0,0.6219,0,0.29065023899785725,0,0.27212955328639993,0,0.488,9.8,Low,Compliant within operational parameters
Satyadev Pachauri,False,KANPUR,,17th Lok Sabha,17.0,12.0,13.059,12.7171,12.7171,11.3878,1.6712,0,0.748064705882353,0,0.748064705882353,0,0.12797304540929627,0,0.10452854817529153,0,0.48,9.6,Low,Compliant within operational parameters
Rajkumar Chahar,False,FATEHPUR SIKRI,,17th Lok Sabha,17.0,12.0,12.7106,12.4623,12.4623,11.8372,0.8734,0,0.7330764705882353,0,0.7330764705882353,0,0.06871430144918414,0,0.05015928038965532,0,0.484,9.7,Low,Compliant within operational parameters
S.P. Singh Baghel,False,AGRA(SC),,17th Lok Sabha,17.0,12.0,12.5277,12.2138,12.2138,11.4532,1.0745,0,0.7184588235294118,0,0.7184588235294118,0,0.08576993382664017,0,0.06227382141512061,0,0.47,9.4,Low,Compliant within operational parameters
Chandra Sen Jadon,False,FIROZABAD,,17th Lok Sabha,17.0,12.0,12.3677,12.0944,12.0944,11.7006,0.6671,0,0.711435294117647,0,0.711435294117647,0,0.05393888920332803,0,0.03256052387882,0,0.49,9.8,Low,Compliant within operational parameters
B.P. Saroj Bholanath,False,MACHHLISHAHR(SC),,17th Lok Sabha,17.0,12.0,12.4208,11.8567,11.8567,10.3589,2.0619,0,0.6974529411764706,0,0.6974529411764706,0,0.1660038000772897,0,0.12632520009783496,0,0.465,9.3,Low,Compliant within operational parameters
Satya Pal Singh,False,BAGHPAT,,17th Lok Sabha,17.0,7.0,7.827,10.6665,9.8211,4.8616,2.9654,0,0.5777117647058824,0,0.6274411764705882,0,0.378868020953111,0,0.5049841667430328,1,0.559,31.2,Low,Execution delay gap (>40% sanctioned not spent)
Rajendra Agrawal,False,MEERUT,,17th Lok Sabha,17.0,9.5,10.4067,10.1407,10.1407,9.2288,1.1779,0,0.5965117647058824,0,0.5965117647058824,0,0.11318669703171994,0,0.08992475864585295,0,0.464,9.3,Low,Compliant within operational parameters
Dharmendra Kumar Kashyap,False,AONLA,,17th Lok Sabha,19.5,12.0,13.5099,12.9494,12.9494,11.8367,1.6732,0,0.6640717948717949,0,0.6640717948717949,0,0.12384991746793092,0,0.08592676108545572,0,0.468,9.4,Low,Compliant within operational parameters
Shafiqur Rahman Barq,False,SAMBHAL,,17th Lok Sabha,17.0,12.0,12.1198,12.0587,11.1563,9.9315,2.1883,0,0.6562529411764706,0,0.7093352941176471,0,0.18055578474892325,0,0.10978550236189419,0,0.473,9.5,Low,Compliant within operational parameters
Mohammad Azam Khan,True,RAMPUR,,17th Lok Sabha,7.5,2.5,2.9526,2.3745,2.3745,2.3745,0.5781,0,0.3166,0,0.3166,0,0.19579353789880105,0,0.0,0,0.527,10.5,Low,Compliant within operational parameters
Rajveer Raju Bhaiya Singh,False,ETAH,,17th Lok Sabha,17.0,9.5,9.6831,9.5342,9.5342,9.0397,0.6434,0,0.5608352941176471,0,0.5608352941176471,0,0.066445663062449,0,0.05186591428751236,0,0.474,9.5,Low,Compliant within operational parameters
Sanghamitra Maurya,False,BADAUN,,17th Lok Sabha,17.0,9.5,9.7226,9.5,9.1428,7.1911,2.5315,0,0.5378117647058823,0,0.5588235294117647,0,0.2603727398021105,0,0.21346852167826047,0,0.48,9.6,Low,Compliant within operational parameters
Harish Dwivedi,False,BASTI,,17th Lok Sabha,17.0,5.0,5.8761,11.669,11.669,5.7453,0.1308,0,0.6864117647058824,0,0.6864117647058824,0,0.022259662020728033,0,0.5076441854486246,1,0.571,31.4,Low,Execution delay gap (>40% sanctioned not spent)
Santosh Kumar Gangwar,False,BAREILLY,,17th Lok Sabha,19.5,12.0,12.2287,11.8925,11.8925,10.3069,1.9218,0,0.6098717948717949,0,0.6098717948717949,0,0.1571548897266267,0,0.13332772755938613,0,0.461,9.2,Low,Compliant within operational parameters
Rajveer Diler,False,HATHRAS (SC),,17th Lok Sabha,17.0,9.5,9.7063,9.3022,9.1937,9.0521,0.6542,0,0.5408058823529411,0,0.5471882352941176,0,0.06739952402048154,0,0.015401851267715979,0,0.479,9.6,Low,Compliant within operational parameters
Smriti Irani,False,AMETHI,,17th Lok Sabha,17.0,7.0,7.3689,7.0937,7.0937,5.4335,1.9354,0,0.4172764705882353,0,0.4172764705882353,0,0.2626443566882438,0,0.23403865401694457,0,0.499,10.0,Low,Compliant within operational parameters
Sonia Gandhi,False,RAE BARELI,,17th Lok Sabha,17.0,7.0,7.283,9.784,6.6242,5.0909,2.1921,0,0.3896588235294118,0,0.575529411764706,0,0.30098860359741864,0,0.2314694604631502,0,0.505,10.1,Low,Compliant within operational parameters
Mulayam Singh Yadav,False,MAINPURI,,17th Lok Sabha,17.0,7.0,8.0742,7.6814,7.6814,6.8662,1.208,0,0.45184705882352943,0,0.45184705882352943,0,0.149612345495529,0,0.10612648735907516,0,0.471,9.4,Low,Compliant within operational parameters
Danish Ali Kunwar,False,AMROHA,,17th Lok Sabha,17.0,9.5,9.8159,13.084,9.4124,9.152,0.6639,0,0.5536705882352941,0,0.7696470588235294,0,0.06763516335740993,0,0.027665632569801604,0,0.489,9.8,Low,Compliant within operational parameters
Dinesh Lal Yadav(Nirahua),False,AZAMGARH,,17th Lok Sabha,10.0,5.0,5.0302,5.82,4.9512,4.0615,0.9687,0,0.49512,0,0.5820000000000001,0,0.19257683591109698,0,0.17969381160122805,0,0.461,9.2,Low,Compliant within operational parameters
Pakauri Lal,False,ROBERTSGANJ(SC),,17th Lok Sabha,17.0,12.0,12.7153,13.1108,13.1108,11.1253,1.59,0,0.7712235294117646,0,0.7712235294117646,0,0.1250462041792172,0,0.15144003417030236,0,0.483,9.7,Low,Compliant within operational parameters
Keshari Devi Patel,False,PHULPUR,,17th Lok Sabha,17.0,7.0,8.0086,11.7186,7.5259,5.7483,2.2603,0,0.4427,0,0.6893294117647059,0,0.2822340983442799,0,0.23619766406675607,0,0.491,9.8,Low,Compliant within operational parameters
Akhilesh Yadav,True,AZAMGARH,,17th Lok Sabha,7.0,7.0,7.1259,5.305,4.6884,4.2536,2.8723,0,0.6697714285714286,0,0.7578571428571428,0,0.40307890933075124,0,0.09273952734408329,0,0.571,11.4,Low,Compliant within operational parameters
Kamlesh Paswan,False,BANSGAON(SC),,17th Lok Sabha,17.0,9.5,9.8184,9.2499,9.2499,7.717,2.1014,0,0.5441117647058824,0,0.5441117647058824,0,0.21402672533202965,0,0.16572071049416756,0,0.469,9.4,Low,Compliant within operational parameters
Bhola Singh,False,BULANDSHAHR(SC),,17th Lok Sabha,17.0,9.5,10.5414,12.2,10.3321,10.5215,0.0199,0,0.6077705882352942,0,0.7176470588235294,0,0.0018877947900658358,0,-0.018331220177892113,0,0.537,10.7,Low,Compliant within operational parameters
Seyed Tufail Hasan,False,MORADABAD,,17th Lok Sabha,17.0,12.0,12.1812,13.2769,11.4823,10.5166,1.6646,0,0.675429411764706,0,0.7809941176470588,0,0.1366532032968837,0,0.08410335908311052,0,0.478,9.6,Low,Compliant within operational parameters
Niranjan Jyoti,False,FATEHPUR,,17th Lok Sabha,17.0,9.5,9.9032,9.9554,9.688,8.2224,1.6808,0,0.5698823529411765,0,0.5856117647058823,0,0.16972291784473706,0,0.1512799339388935,0,0.454,9.1,Low,Compliant within operational parameters
Upendra Singh Rawat,False,BARABANKI(SC),,17th Lok Sabha,19.5,12.0,15.2909,14.5424,14.5424,12.7299,2.561,0,0.7457641025641026,0,0.7457641025641026,0,0.16748523631702514,0,0.12463554846517769,0,0.475,9.5,Low,Compliant within operational parameters
Anurag Sharma,False,JHANSI,,17th Lok Sabha,17.0,7.0,10.6201,9.9127,9.9054,8.351,2.2691,0,0.5826705882352942,0,0.5831,0,0.21366088831555255,0,0.15692450582510542,0,0.463,9.3,Low,Compliant within operational parameters
Rita Bahuguna Joshi,False,ALLAHABAD,,17th Lok Sabha,17.0,9.5,11.4925,17.1176,10.3673,8.611,2.8815,0,0.6098411764705882,0,1.0069176470588235,0,0.25072873613226015,0,0.16940765676694988,0,0.523,10.5,Low,Compliant within operational parameters
Bhanu Pratap Singh Verma,False,JALAUN(SC),,17th Lok Sabha,24.5,14.5,15.2568,14.9009,14.9009,13.9693,1.2875,0,0.6082,0,0.6082,0,0.08438860049289498,0,0.06251971357434782,0,0.462,9.2,Low,Compliant within operational parameters
Rajnath Singh,False,LUCKNOW,,17th Lok Sabha,17.0,12.0,13.2695,12.4543,12.4543,10.8395,2.43,0,0.7326058823529412,0,0.7326058823529412,0,0.18312671916801687,0,0.1296580297567909,0,0.477,9.5,Low,Compliant within operational parameters
Ashok Kumar Rawat,False,MISRIKH(SC),,17th Lok Sabha,17.0,9.5,9.7241,11.4589,8.9345,7.6902,2.0339,0,0.5255588235294117,0,0.6740529411764706,0,0.20916074495326045,0,0.13926912530080027,0,0.463,9.3,Low,Compliant within operational parameters
Maneka Sanjay Gandhi,False,SULTANPUR,,17th Lok Sabha,17.0,9.5,11.0235,11.0037,11.0037,8.3786,2.6449,0,0.6472764705882353,0,0.6472764705882353,0,0.239932870685354,0,0.2385652098839481,0,0.477,9.5,Low,Compliant within operational parameters
Sanjeev Kumar Balyan,False,MUZAFFARNAGAR,,17th Lok Sabha,17.0,12.0,12.699,13.6689,12.6228,10.4346,2.2644,0,0.7425176470588235,0,0.8040529411764706,0,0.1783132530120482,0,0.17335298032132335,0,0.477,9.5,Low,Compliant within operational parameters
Vinod Kumar Sonkar,False,KAUSHAMBI(SC),,17th Lok Sabha,17.0,12.0,12.1113,12.2698,11.8418,10.654,1.4573,0,0.6965764705882352,0,0.7217529411764706,0,0.12032564629725959,0,0.10030569676907222,0,0.469,9.4,Low,Compliant within operational parameters
Pankaj Chowdhary,False,MAHARAJGANJ,,17th Lok Sabha,17.0,9.5,9.6051,9.4259,9.4259,9.2045,0.4006,0,0.554464705882353,0,0.554464705882353,0,0.041707009817701014,0,0.023488473249238896,0,0.489,9.8,Low,Compliant within operational parameters
Rekha Arun Verma,False,DHAURAHRA,,17th Lok Sabha,17.0,12.0,12.6037,13.0376,12.2365,12.1052,0.4985,0,0.7197941176470588,0,0.7669176470588235,0,0.03955187762323762,0,0.010730192456993384,0,0.511,10.2,Low,Compliant within operational parameters
Sangam Lal Gupta,False,PRATAPGARH,,17th Lok Sabha,17.0,9.5,10.8724,10.474,10.474,8.6213,2.2511,0,0.6161176470588235,0,0.6161176470588235,0,0.20704720208969501,0,0.1768856215390491,0,0.471,9.4,Low,Compliant within operational parameters
Afzal Ansari,False,GHAZIPUR,,17th Lok Sabha,17.0,9.5,10.7964,10.2868,9.8363,8.5901,2.2063,0,0.5786058823529412,0,0.6051058823529412,0,0.20435515542217778,0,0.12669398046013236,0,0.463,9.3,Low,Compliant within operational parameters
Hema Malini,False,MATHURA,,17th Lok Sabha,17.0,7.0,8.5317,18.1762,18.1762,10.3921,-1.8604,1,1.0691882352941178,1,1.0691882352941178,0,-0.21805736254204905,0,0.4282578316699861,1,0.63,87.6,High,Overspent beyond available funds; Works sanctioned exceed entitlement ceiling (>105%); Execution delay gap (>40% sanctioned not spent)
Subrata Pathak,False,KANNAUJ,,17th Lok Sabha,17.0,9.5,11.4365,12.7062,10.8219,9.4754,1.9611,0,0.6365823529411765,0,0.7474235294117647,0,0.1714772876317055,0,0.12442362246925207,0,0.458,9.2,Low,Compliant within operational parameters
Vijay Kumar Dubey,False,KUSHI NAGAR,,17th Lok Sabha,17.0,12.0,12.3355,12.7406,11.7564,10.9654,1.3701,0,0.6915529411764706,0,0.7494470588235295,0,0.11106967694864417,0,0.06728250144602077,0,0.466,9.3,Low,Compliant within operational parameters
Devendra Alias Bhole Singh,False,AKBARPUR,,17th Lok Sabha,17.0,9.5,10.0877,9.6763,9.6763,8.1319,1.9558,0,0.5691941176470587,0,0.5691941176470587,0,0.1938796752480744,0,0.15960646114733934,0,0.457,9.1,Low,Compliant within operational parameters
Ram Shiromani,False,SHRAWASTI,,17th Lok Sabha,17.0,5.0,6.1276,5.453,5.453,4.5329,1.5947,0,0.32076470588235295,0,0.32076470588235295,0,0.26024871075135453,0,0.16873280762882828,0,0.539,10.8,Low,Compliant within operational parameters
R.K. Singh Patel,False,BANDA,,17th Lok Sabha,17.0,9.5,10.2349,10.05,9.8804,9.4007,0.8342,0,0.5811999999999999,0,0.5911764705882353,0,0.081505437278332,0,0.04855066596494063,0,0.464,9.3,Low,Compliant within operational parameters
Ravindra Kushawaha,False,SALEMPUR,,17th Lok Sabha,17.0,7.0,8.4689,9.8581,8.1211,6.8342,1.6347,0,0.4777117647058824,0,0.5798882352941177,0,0.19302388739978038,0,0.15846375491004916,0,0.46,9.2,Low,Compliant within operational parameters
Shyam Yadav Singh,False,JAUNPUR,,17th Lok Sabha,17.0,7.0,8.2928,7.9696,7.9696,5.7353,2.5575,0,0.4688,0,0.4688,0,0.3084000578815358,0,0.2803528407950211,0,0.504,10.1,Low,Compliant within operational parameters
Vijay Kumar Singh Retd.,False,GHAZIABAD,,17th Lok Sabha,17.0,9.5,11.2857,20.0241,11.3428,7.4674,3.8183,0,0.6672235294117648,0,1.1778882352941178,0,0.338330808013681,0,0.34166167083965165,0,0.568,11.4,Low,Compliant within operational parameters
Brijbhushan Sharan Singh,False,KAISERGANJ,,17th Lok Sabha,19.5,12.0,12.6553,12.0674,12.0674,12.3074,0.3479,0,0.6188410256410256,0,0.6188410256410256,0,0.027490458543061008,0,-0.01988829408157517,0,0.51,10.2,Low,Compliant within operational parameters
Ghanshyam Singh Lodhi,False,RAMPUR,,17th Lok Sabha,14.5,9.5,10.1243,9.8419,9.8419,8.1784,1.9459,0,0.6787517241379311,0,0.6787517241379311,0,0.192200942287368,0,0.16902224164033375,0,0.462,9.2,Low,Compliant within operational parameters
Ramapati Ram Tripathi,False,DEORIA,,17th Lok Sabha,17.0,9.5,9.7914,9.1749,9.1749,9.0693,0.7221,0,0.5397,0,0.5397,0,0.07374839144555426,0,0.01150966223065091,0,0.478,9.6,Low,Compliant within operational parameters
Malook Nagar,False,BIJNOR,,17th Lok Sabha,17.0,7.0,7.6397,6.5799,6.5499,4.7571,2.8826,0,0.38528823529411765,0,0.3870529411764706,0,0.37731848109218946,0,0.2737141025053817,0,0.55,11.0,Low,Compliant within operational parameters
Praveen Kumar Nishad,False,SANT KABIR NAGAR,,17th Lok Sabha,17.0,7.0,8.482,9.0174,7.3836,5.9777,2.5043,0,0.4343294117647059,0,0.5304352941176471,0,0.2952487620844141,0,0.19040847283168114,0,0.491,9.8,Low,Compliant within operational parameters
Ajay (Teni) Misra,False,KHERI,,17th Lok Sabha,17.0,12.0,12.3222,12.1064,12.068,12.1858,0.1364,0,0.7098823529411764,0,0.7121411764705883,0,0.011069451883592214,0,-0.009761352336758435,0,0.525,10.5,Low,Compliant within operational parameters
Atul Kumar Singh,False,GHOSI,,17th Lok Sabha,17.0,7.0,7.4101,10.3638,6.5194,6.0787,1.3314,0,0.3834941176470588,0,0.609635294117647,0,0.17967368861418873,0,0.06759824523729172,0,0.5,10.0,Low,Compliant within operational parameters
Mukesh Rajput,False,FARRUKHABAD,,17th Lok Sabha,17.0,9.5,11.3104,11.6294,11.0623,10.6707,0.6397,0,0.6507235294117647,0,0.6840823529411765,0,0.05655856556797285,0,0.03539951004763931,0,0.477,9.5,Low,Compliant within operational parameters
Kaushal Kishore,False,MOHANLALGANJ(SC),,17th Lok Sabha,17.0,12.0,12.9023,12.7131,12.7131,10.9701,1.9322,0,0.747829411764706,0,0.747829411764706,0,0.1497562450105795,0,0.13710267362012415,0,0.47,9.4,Low,Compliant within operational parameters
Mahendra Nath Pandey,False,CHANDAULI,,17th Lok Sabha,17.0,9.5,9.6836,8.7986,8.7986,8.7986,0.885,0,0.5175647058823529,0,0.5175647058823529,0,0.0913916312115329,0,0.0,0,0.486,9.7,Low,Compliant within operational parameters
Lallu Singh,False,FAIZABAD,,17th Lok Sabha,17.0,9.5,10.4043,10.0263,10.0263,10.1711,0.2332,0,0.5897823529411765,0,0.5897823529411765,0,0.022413809674845978,0,-0.01444201749399063,0,0.513,10.3,Low,Compliant within operational parameters
Ritesh Pandey,False,AMBEDKAR NAGAR,,17th Lok Sabha,17.0,9.5,9.6854,9.4594,9.4594,7.2573,2.4281,0,0.5564352941176471,0,0.5564352941176471,0,0.25069692526896153,0,0.232794891853606,0,0.475,9.5,Low,Compliant within operational parameters
Sangeeta Azad,False,LALGANJ (SC),,17th Lok Sabha,17.0,12.0,12.2038,15.7525,11.7705,11.01,1.1938,0,0.6923823529411764,0,0.9266176470588235,0,0.09782198987200709,0,0.0646106792404741,0,0.487,9.7,Low,Compliant within operational parameters
Swami Sachchidanandhari Sakshi Ji Maharaj,False,UNNAO,,17th Lok Sabha,24.5,14.5,15.1209,14.7682,14.7682,12.5793,2.5416,0,0.6027836734693878,0,0.6027836734693878,0,0.16808523302184392,0,0.1482171151528284,0,0.461,9.2,Low,Compliant within operational parameters
Ramesh Chand Bind,False,BHADOHI,,17th Lok Sabha,17.0,9.5,10.6232,10.0439,9.574,9.229,1.3942,0,0.5631764705882353,0,0.5908176470588236,0,0.13124105730853228,0,0.03603509504909136,0,0.475,9.5,Low,Compliant within operational parameters
Ravindra Shyamnarayan Alias Ravi Kishan Shukla,False,GORAKHPUR,,17th Lok Sabha,17.0,9.5,9.7406,9.5354,9.5354,7.2058,2.5348,0,0.5609058823529411,0,0.5609058823529411,0,0.26023037595220005,0,0.24431067390985164,0,0.481,9.6,Low,Compliant within operational parameters
Pradeep Kumar Chaudhary,False,KAIRANA,,17th Lok Sabha,17.0,9.5,10.5968,10.9457,10.3966,9.9816,0.6152,0,0.6115647058823529,0,0.643864705882353,0,0.05805526196587649,0,0.03991689590827763,0,0.469,9.4,Low,Compliant within operational parameters
Ram Shankar Katheria,False,ETAWAH(SC),,17th Lok Sabha,17.0,9.5,9.6799,8.6414,8.6414,7.9087,1.7712,0,0.5083176470588235,0,0.5083176470588235,0,0.18297709687083547,0,0.08478950170111338,0,0.485,9.7,Low,Compliant within operational parameters
Pushpendra Singh Chandel,False,HAMIRPUR,,17th Lok Sabha,24.5,14.5,15.1447,16.22,15.0931,14.1972,0.9475,0,0.6160448979591837,0,0.6620408163265306,0,0.06256314090077716,0,0.05935824979626447,0,0.467,9.3,Low,Compliant within operational parameters
Jagdambika Pal,False,DOMARIYAGANJ,,17th Lok Sabha,17.0,7.0,7.4767,7.8136,6.5125,5.4838,1.9929,0,0.3830882352941177,0,0.4596235294117647,0,0.2665480760228443,0,0.15795777351247609,0,0.495,9.9,Low,Compliant within operational parameters
Kirti Vardhan Singh,False,GONDA,,17th Lok Sabha,22.0,12.0,13.7708,12.82,12.82,12.8823,0.8885,0,0.5827272727272728,0,0.5827272727272728,0,0.06452057977750021,0,-0.004859594383775387,0,0.487,9.7,Low,Compliant within operational parameters
Akshaibar Lal,False,BAHRAICH(SC),,17th Lok Sabha,29.5,19.5,20.0749,27.1958,19.6174,17.1794,2.8955,0,0.6649966101694915,0,0.9218915254237288,0,0.1442348405222442,0,0.12427742718199143,0,0.477,9.5,Low,Compliant within operational parameters
Arun Kumar Sagar,False,SHAHJAHANPUR(SC),,17th Lok Sabha,17.0,9.5,9.9879,9.9869,9.9869,9.9869,0.001,0,0.587464705882353,0,0.587464705882353,0,0.00010012114658737073,0,0.0,0,0.52,10.4,Low,Compliant within operational parameters
Tirath Singh Rawat,False,GARHWAL,,17th Lok Sabha,17.0,7.0,7.2545,7.8439,6.2743,4.3682,2.8863,0,0.3690764705882353,0,0.46140588235294117,0,0.3978633951340547,0,0.30379484564015113,0,0.555,11.1,Low,Compliant within operational parameters
Ramesh Pokhriyal Nishank,False,HARDWAR,,17th Lok Sabha,17.0,7.0,7.2074,7.3848,7.3848,5.25,1.9574,0,0.4344,0,0.4344,0,0.2715819851818964,0,0.2890802729931752,0,0.509,10.2,Low,Compliant within operational parameters
Ajay Tamta,False,ALMORA(SC),,17th Lok Sabha,17.0,9.5,9.5879,9.3918,9.3918,7.8476,1.7403,0,0.5524588235294118,0,0.5524588235294118,0,0.1815100282647921,0,0.16442002598011032,0,0.462,9.2,Low,Compliant within operational parameters
Mala Rajya Laxmi Shah,False,TEHRI GARHWAL,,17th Lok Sabha,17.0,9.5,10.7843,10.0651,9.9946,9.3587,1.4256,0,0.5879176470588235,0,0.5920647058823529,0,0.13219216824457777,0,0.06362435715286249,0,0.469,9.4,Low,Compliant within operational parameters
Ajay Bhatt,False,NAINITAL UDHAM SINGH NAG.,,17th Lok Sabha,17.0,7.0,7.0647,8.0202,7.0,7.0471,0.0176,0,0.4117647058823529,0,0.47177647058823535,0,0.002491259359916203,0,-0.00672857142857148,0,0.531,10.6,Low,Compliant within operational parameters
S.S. Ahluwalia,False,BARDHAMAN-DURGAPUR,,17th Lok Sabha,17.0,2.5,2.8,9.268,2.5502,0.0633,2.7367,0,0.15001176470588234,0,0.5451764705882354,0,0.9773928571428572,1,0.9751784173790291,1,0.737,54.7,Medium,High idle/unspent balance (>50%); Execution delay gap (>40% sanctioned not spent); Peer distribution outlier (Isolation Forest)
Sisir Kumar Adhikari,False,KANTHI,,17th Lok Sabha,17.0,7.0,7.8952,12.7469,7.3832,6.9299,0.9653,0,0.4343058823529412,0,0.7498176470588236,0,0.12226416050258386,0,0.06139614259399724,0,0.483,9.7,Low,Compliant within operational parameters
Sunil Kumar Mondal,False,BARDHAMAN PURBA(SC),,17th Lok Sabha,17.0,7.0,7.2278,11.8005,7.3009,4.9469,2.2809,0,0.42946470588235297,0,0.6941470588235293,0,0.3155732034644013,0,0.3224260022736923,0,0.511,10.2,Low,Compliant within operational parameters
Babul Supriyo,True,ASANSOL,,17th Lok Sabha,17.0,5.0,5.0352,4.3283,1.7772,0.488,4.5472,0,0.10454117647058823,0,0.2546058823529411,0,0.9030823006037497,1,0.7254107584965114,1,0.735,54.7,Medium,High idle/unspent balance (>50%); Execution delay gap (>40% sanctioned not spent); Peer distribution outlier (Isolation Forest)
Pratima Mondal,False,JOYNAGAR(SC),,17th Lok Sabha,17.0,9.5,10.6326,13.3092,13.3092,9.1131,1.5195,0,0.7828941176470589,0,0.7828941176470589,0,0.14290954235088313,0,0.3152781534577586,0,0.509,10.2,Low,Compliant within operational parameters
Shatrughan Sinha,False,ASANSOL,,17th Lok Sabha,10.0,2.5,5.6008,11.6447,4.7175,3.3828,2.218,0,0.47175,0,1.1644700000000001,0,0.3960148550207114,0,0.2829252782193959,0,0.596,11.9,Low,Compliant within operational parameters
Choudhury Mohan Jatua,False,MATHURAPUR(SC),,17th Lok Sabha,17.0,9.5,10.0221,11.6662,11.6662,8.7528,1.2693,0,0.6862470588235294,0,0.6862470588235294,0,0.1266501032717694,0,0.24972998919956793,0,0.476,9.5,Low,Compliant within operational parameters
(Smt.) Kakoli Ghosh Dastidar,False,BARASAT,,17th Lok Sabha,17.0,9.5,9.6695,10.6795,9.4668,5.5367,4.1328,0,0.5568705882352941,0,0.6282058823529413,0,0.4274057603805781,0,0.4151455613301221,1,0.56,31.2,Low,Execution delay gap (>40% sanctioned not spent)
Sajda Ahmed,False,ULUBERIA,,17th Lok Sabha,17.0,9.5,10.0303,11.5727,9.9279,9.5925,0.4378,0,0.5839941176470588,0,0.6807470588235294,0,0.04364774732560342,0,0.03378357960898075,0,0.481,9.6,Low,Compliant within operational parameters
Sudip Bandyopadhyay,False,KOLKATA UTTAR,,17th Lok Sabha,17.0,7.0,7.2388,12.3182,10.4326,4.4411,2.7977,0,0.6136823529411766,0,0.7245999999999999,0,0.38648671050450345,0,0.5743055422425858,1,0.576,31.5,Low,Execution delay gap (>40% sanctioned not spent)
Arjun Singh,False,BARRACKPUR,,17th Lok Sabha,17.0,7.0,7.3836,14.1487,8.3665,4.4654,2.9182,0,0.49214705882352944,0,0.8322764705882353,0,0.39522726041497375,0,0.4662762206418455,1,0.563,31.3,Low,Execution delay gap (>40% sanctioned not spent)
Kunar Hembram,False,JHARGRAM(ST),,17th Lok Sabha,17.0,9.5,14.4353,21.4238,13.6428,13.8074,0.6279,0,0.8025176470588234,0,1.2602235294117647,0,0.04349753728706712,0,-0.012064971999882728,0,0.593,11.9,Low,Compliant within operational parameters
John Barla,False,ALIPURDUARS(ST),,17th Lok Sabha,17.0,7.0,7.182,6.4757,6.4757,5.6775,1.5045,0,0.3809235294117647,0,0.3809235294117647,0,0.20948203842940682,0,0.12326080578161429,0,0.502,10.0,Low,Compliant within operational parameters
Khalilur Rahaman,False,JANGIPUR,,17th Lok Sabha,27.0,7.0,7.2018,7.1457,7.0991,5.5403,1.6615,0,0.2629296296296296,0,0.26465555555555553,0,0.23070621233580493,0,0.2195771294952881,0,0.557,11.1,Low,Compliant within operational parameters
Kalyan Banerjee,False,SREERAMPUR,,17th Lok Sabha,17.0,9.5,10.4611,10.7619,10.2541,7.4808,2.9803,0,0.6031823529411764,0,0.6330529411764706,0,0.2848935580388296,0,0.2704576705903004,0,0.491,9.8,Low,Compliant within operational parameters
Debasree Chaudhuri,False,RAIGANJ,,17th Lok Sabha,17.0,12.0,12.2828,14.2933,11.9921,12.2008,0.082,0,0.7054176470588236,0,0.8407823529411765,0,0.006676002214478784,0,-0.017403123723117597,0,0.551,11.0,Low,Compliant within operational parameters
Mahua Moitra,False,KRISHNANAGAR,,17th Lok Sabha,17.0,12.0,12.1567,12.691,12.534,10.3939,1.7628,0,0.7372941176470589,0,0.7465294117647059,0,0.1450064573445096,0,0.17074357746928356,0,0.465,9.3,Low,Compliant within operational parameters
Jayanta Kumar Roy,False,JALPAIGURI(SC),,17th Lok Sabha,17.0,5.0,5.0284,9.1951,4.0293,2.2394,2.789,0,0.23701764705882353,0,0.5408882352941177,0,0.5546495903269429,1,0.444221080584717,1,0.625,52.5,Medium,High idle/unspent balance (>50%); Execution delay gap (>40% sanctioned not spent)
Abhishek Banerjee,False,DIAMOND HARBOUR,,17th Lok Sabha,17.0,9.5,10.6542,15.727,15.727,9.4653,1.1889,0,0.9251176470588236,0,0.9251176470588236,0,0.11158979557357664,0,0.39814967889616587,0,0.539,10.8,Low,Compliant within operational parameters
Saumitra Khan,False,BISHNUPUR(SC),,17th Lok Sabha,17.0,7.0,7.2143,7.1111,6.9486,6.3855,0.8288,0,0.4087411764705882,0,0.4183,0,0.11488294082585976,0,0.08103790691650109,0,0.48,9.6,Low,Compliant within operational parameters
Sukanta Majumdar,False,BALURGHAT,,17th Lok Sabha,17.0,9.5,9.8726,11.0291,8.7008,7.231,2.6416,0,0.5118117647058823,0,0.6487705882352941,0,0.2675688268541215,0,0.1689269952188304,0,0.482,9.6,Low,Compliant within operational parameters
Mala Roy,False,KOLKATA DAKSHIN,,17th Lok Sabha,17.0,9.5,9.7069,12.7624,9.7865,6.8733,2.8336,0,0.5756764705882353,0,0.7507294117647059,0,0.29191605971010315,0,0.29767536913094567,0,0.49,9.8,Low,Compliant within operational parameters
Mimi Chakraborty,False,JADAVPUR,,17th Lok Sabha,17.0,9.5,10.1359,12.8921,12.8921,9.4536,0.6823,0,0.7583588235294118,0,0.7583588235294118,0,0.06731518661391687,0,0.26671372390844,0,0.5,10.0,Low,Compliant within operational parameters
Raju Bista,False,DARJEELING,,17th Lok Sabha,17.0,7.0,7.2867,14.1627,6.8311,6.3969,0.8898,0,0.4018294117647059,0,0.8331,0,0.12211289060891763,0,0.06356223741417935,0,0.51,10.2,Low,Compliant within operational parameters
Asit Kumar Mal,False,BOLPUR(SC),,17th Lok Sabha,17.0,9.5,12.6022,14.867,11.7409,11.5551,1.0471,0,0.6906411764705882,0,0.8745294117647059,0,0.0830886670581327,0,0.015825021931879193,0,0.498,10.0,Low,Compliant within operational parameters
Adhir Ranjan Chowdhury,False,BAHARAMPUR,,17th Lok Sabha,29.5,7.0,7.7872,7.2384,7.0217,4.8102,2.977,0,0.23802372881355932,0,0.24536949152542376,0,0.3822940209574686,0,0.3149522195479727,0,0.599,12.0,Low,Compliant within operational parameters
Jyotirmay Singh Mahato,False,PURULIA,,17th Lok Sabha,17.0,5.0,5.3218,5.8901,5.1715,2.338,2.9838,0,0.30420588235294116,0,0.34647647058823533,0,0.5606749596001354,1,0.5479067968674466,1,0.657,53.1,Medium,High idle/unspent balance (>50%); Execution delay gap (>40% sanctioned not spent); Peer distribution outlier (Isolation Forest)
Dilip Ghosh,False,MEDINIPUR,,17th Lok Sabha,17.0,7.0,7.5027,9.1304,7.3365,6.7637,0.739,0,0.4315588235294118,0,0.5370823529411765,0,0.09849787409865782,0,0.0780753765419478,0,0.471,9.4,Low,Compliant within operational parameters
Prasun Banerjee,False,HOWRAH,,17th Lok Sabha,17.0,7.0,7.8537,8.0354,7.713,6.9851,0.8686,0,0.4537058823529412,0,0.47267058823529406,0,0.11059755274583954,0,0.09437313626345131,0,0.469,9.4,Low,Compliant within operational parameters
Dibyendu Adhikari,False,TAMLUK,,17th Lok Sabha,17.0,7.0,7.5542,7.6525,7.0243,6.2146,1.3396,0,0.4131941176470588,0,0.4501470588235294,0,0.1773318154139419,0,0.11527127258232141,0,0.474,9.5,Low,Compliant within operational parameters
Deepak (Dev) Adhikari,False,GHATAL,,17th Lok Sabha,17.0,7.0,7.1854,10.7507,7.4205,6.3594,0.826,0,0.4365,0,0.6323941176470589,0,0.11495532607788014,0,0.1429957550030321,0,0.464,9.3,Low,Compliant within operational parameters
Nusrat Jahan Ruhi,False,BASIRHAT,,17th Lok Sabha,17.0,9.5,9.8242,10.0896,8.8454,7.6629,2.1613,0,0.5203176470588236,0,0.5935058823529412,0,0.21999755705299162,0,0.13368530535645648,0,0.465,9.3,Low,Compliant within operational parameters
Jagannath Sarkar,False,RANAGHAT(SC),,17th Lok Sabha,17.0,9.5,9.7323,10.3367,9.0983,6.76,2.9723,0,0.5351941176470588,0,0.6080411764705883,0,0.3054057108802647,0,0.25700405570271373,0,0.492,9.8,Low,Compliant within operational parameters
Nisith Pramanik,False,COOCHBEHAR(SC),,17th Lok Sabha,17.0,9.5,10.202,15.2345,9.2911,7.5074,2.6946,0,0.5465352941176471,0,0.8961470588235294,0,0.2641246814350127,0,0.19197942116649272,0,0.504,10.1,Low,Compliant within operational parameters
Abu Taher Khan,False,MURSHIDABAD,,17th Lok Sabha,29.5,7.0,7.1904,7.0708,6.2432,4.2775,2.9129,0,0.21163389830508475,0,0.23968813559322036,0,0.405109590565198,0,0.31485456176319837,0,0.611,12.2,Low,Compliant within operational parameters
Khagen Murmu,False,MALDAHA UTTAR,,17th Lok Sabha,17.0,7.0,7.2796,6.9903,6.7377,4.76,2.5196,0,0.39633529411764706,0,0.4111941176470588,0,0.34611791856695423,0,0.29352746486189657,0,0.531,10.6,Low,Compliant within operational parameters
Aparupa Poddar,False,ARAMBAG(SC),,17th Lok Sabha,17.0,9.5,10.1555,11.2881,9.9326,7.1563,2.9992,0,0.5842705882352942,0,0.6640058823529412,0,0.29532765496528973,0,0.279513923846727,0,0.49,9.8,Low,Compliant within operational parameters
Subhas Sarkar,False,BANKURA,,17th Lok Sabha,17.0,5.0,5.2831,5.0826,5.0826,2.8607,2.4224,0,0.2989764705882353,0,0.2989764705882353,0,0.45851867274895425,0,0.4371581474048715,1,0.615,32.3,Low,Execution delay gap (>40% sanctioned not spent)
Abu Hasem Khan Choudhury,False,MALDAHA DAKSHIN,,17th Lok Sabha,24.5,9.5,9.908,9.2265,8.7482,7.1721,2.7359,0,0.35706938775510205,0,0.3765918367346939,0,0.2761303996770287,0,0.18016277634256192,0,0.52,10.4,Low,Compliant within operational parameters
Shantanu Thakur,False,BANGAON(SC),,17th Lok Sabha,17.0,7.0,7.6644,13.202,7.0318,4.7257,2.9387,0,0.41363529411764705,0,0.7765882352941177,0,0.38342205521632483,0,0.32795301345316985,0,0.549,11.0,Low,Compliant within operational parameters
Saugata Roy,False,DUM DUM,,17th Lok Sabha,17.0,9.5,9.699,11.1225,9.0978,7.2783,2.4207,0,0.5351647058823529,0,0.654264705882353,0,0.249582431178472,0,0.19999340499901072,0,0.472,9.4,Low,Compliant within operational parameters
Locket Chatterjee,False,HOOGHLY,,17th Lok Sabha,17.0,7.0,7.8585,11.0256,7.6118,4.9208,2.9377,0,0.4477529411764706,0,0.6485647058823529,0,0.3738245212190621,0,0.35353004545573974,0,0.527,10.5,Low,Compliant within operational parameters
Satabdi Roy (Banerjee),False,BIRBHUM,,17th Lok Sabha,17.0,9.5,9.7191,9.3884,9.2823,8.8777,0.8414,0,0.5460176470588235,0,0.5522588235294118,0,0.08657180191581526,0,0.043588334787714095,0,0.467,9.3,Low,Compliant within operational parameters
Bishnu Pada Ray,False,ANDAMAN & NICOBAR ISLANDS,A & N Islands,16th Lok Sabha,25.0,25.0,25.0,,,,2.5,0,0.0,0,0.0,0,0.1,0,0.0,0,0.378,7.6,Low,Compliant within operational parameters
Vara Prasadarao Velagapalli,False,TIRUPATI(SC),Andhra Pradesh,16th Lok Sabha,22.5,22.5,22.5,,,,6.28,0,0.0,0,0.0,0,0.27911111111111114,0,0.0,0,0.472,9.4,Low,Compliant within operational parameters
Ravindra Babu Pandula,False,AMALAPURAM(SC),Andhra Pradesh,16th Lok Sabha,25.0,22.5,22.5,,,,3.3,0,0.0,0,0.0,0,0.14666666666666667,0,0.0,0,0.386,7.7,Low,Compliant within operational parameters
Hari Babu Kambhampati,False,VISAKHAPATNAM,Andhra Pradesh,16th Lok Sabha,25.0,25.0,25.0,,,,2.33,0,0.0,0,0.0,0,0.0932,0,0.0,0,0.385,7.7,Low,Compliant within operational parameters
Naramalli Sivaprasad,False,CHITTOOR,Andhra Pradesh,16th Lok Sabha,25.0,25.0,25.0,,,,3.87,0,0.0,0,0.0,0,0.1548,0,0.0,0,0.391,7.8,Low,Compliant within operational parameters
Ashok Gajapati Raju Pusapati,True,VIZIANAGARAM,Andhra Pradesh,16th Lok Sabha,25.0,25.0,25.0,,,,2.34,0,0.0,0,0.0,0,0.09359999999999999,0,0.0,0,0.385,7.7,Low,Compliant within operational parameters
Gokaraju Ganga Raju,False,NARASAPURAM,Andhra Pradesh,16th Lok Sabha,25.0,17.5,17.5,,,,4.58,0,0.0,0,0.0,0,0.26171428571428573,0,0.0,0,0.45,9.0,Low,Compliant within operational parameters
J.C. Divakar Reddy,False,ANANTAPUR,Andhra Pradesh,16th Lok Sabha,25.0,17.5,17.5,,,,4.39,0,0.0,0,0.0,0,0.25085714285714283,0,0.0,0,0.44,8.8,Low,Compliant within operational parameters
Jayadev Galla,False,GUNTUR,Andhra Pradesh,16th Lok Sabha,25.0,17.5,17.5,,,,0.83,0,0.0,0,0.0,0,0.047428571428571424,0,0.0,0,0.389,7.8,Low,Compliant within operational parameters
Narasimham Thota,False,KAKINADA,Andhra Pradesh,16th Lok Sabha,25.0,20.0,20.0,,,,3.63,0,0.0,0,0.0,0,0.1815,0,0.0,0,0.406,8.1,Low,Compliant within operational parameters
Kristappa Nimmala,False,HINDUPUR,Andhra Pradesh,16th Lok Sabha,25.0,25.0,25.0,,,,7.13,0,0.0,0,0.0,0,0.2852,0,0.0,0,0.48,9.6,Low,Compliant within operational parameters
Murali Mohan Maganti,False,RAJAHMUNDRY,Andhra Pradesh,16th Lok Sabha,25.0,22.5,22.5,,,,8.04,0,0.0,0,0.0,0,0.3573333333333333,0,0.0,0,0.542,10.8,Low,Compliant within operational parameters
Konakalla Narayana Rao,False,MACHILIPATNAM,Andhra Pradesh,16th Lok Sabha,25.0,20.0,20.0,,,,4.8,0,0.0,0,0.0,0,0.24,0,0.0,0,0.432,8.6,Low,Compliant within operational parameters
Kinjarapu Ram Mohan Naidu,False,SRIKAKULAM,Andhra Pradesh,16th Lok Sabha,25.0,22.5,22.5,,,,2.12,0,0.0,0,0.0,0,0.09422222222222222,0,0.0,0,0.386,7.7,Low,Compliant within operational parameters
Maganti Venkateswara Rao Magantti,False,ELURU,Andhra Pradesh,16th Lok Sabha,27.5,17.5,17.5,,,,2.57,0,0.0,0,0.0,0,0.14685714285714285,0,0.0,0,0.386,7.7,Low,Compliant within operational parameters
Mekapati Rajamohan Reddy,False,NELLORE(SC),Andhra Pradesh,16th Lok Sabha,20.0,20.0,20.0,,,,3.75,0,0.0,0,0.0,0,0.1875,0,0.0,0,0.406,8.1,Low,Compliant within operational parameters
Midhun Reddy,False,RAJAMPET,Andhra Pradesh,16th Lok Sabha,22.5,22.5,22.5,,,,1.86,0,0.0,0,0.0,0,0.08266666666666667,0,0.0,0,0.391,7.8,Low,Compliant within operational parameters
Muthamsetti Srinivasa Rao (Avnthi),False,ANAKAPALLE,Andhra Pradesh,16th Lok Sabha,25.0,22.5,22.5,,,,0.01,0,0.0,0,0.0,0,0.00044444444444444447,0,0.0,0,0.355,7.1,Low,Compliant within operational parameters
Rayapati Sambasiva Rao,False,NARASARAOPET,Andhra Pradesh,16th Lok Sabha,25.0,22.5,22.5,,,,1.45,0,0.0,0,0.0,0,0.06444444444444444,0,0.0,0,0.39,7.8,Low,Compliant within operational parameters
Srinivas Kesineni,False,VIJAYAWADA,Andhra Pradesh,16th Lok Sabha,25.0,22.5,22.5,,,,4.52,0,0.0,0,0.0,0,0.20088888888888887,0,0.0,0,0.411,8.2,Low,Compliant within operational parameters
S.P.Y. Reddy,False,NANDYAL,Andhra Pradesh,16th Lok Sabha,25.0,15.0,15.0,,,,1.34,0,0.0,0,0.0,0,0.08933333333333333,0,0.0,0,0.385,7.7,Low,Compliant within operational parameters
Y. S. Avinash Reddy,False,KADAPA,Andhra Pradesh,16th Lok Sabha,20.0,20.0,20.0,,,,1.3,0,0.0,0,0.0,0,0.065,0,0.0,0,0.39,7.8,Low,Compliant within operational parameters
Yerram Venkata Subbareddy,False,ONGOLE,Andhra Pradesh,16th Lok Sabha,20.0,17.5,17.5,,,,3.71,0,0.0,0,0.0,0,0.212,0,0.0,0,0.417,8.3,Low,Compliant within operational parameters
Geetha Kothapalli,False,ARAKU(ST),Andhra Pradesh,16th Lok Sabha,25.0,25.0,25.0,,,,2.31,0,0.0,0,0.0,0,0.0924,0,0.0,0,0.384,7.7,Low,Compliant within operational parameters
Sriram Malyadri,False,BAPATLA,Andhra Pradesh,16th Lok Sabha,25.0,22.5,22.5,,,,1.94,0,0.0,0,0.0,0,0.08622222222222221,0,0.0,0,0.385,7.7,Low,Compliant within operational parameters
Renuka Butta,False,KURNOOL,Andhra Pradesh,16th Lok Sabha,25.0,22.5,22.5,,,,0.77,0,0.0,0,0.0,0,0.03422222222222222,0,0.0,0,0.384,7.7,Low,Compliant within operational parameters
Kiren Rijiju,False,ARUNACHAL WEST,Arunachal Pradesh,16th Lok Sabha,25.0,25.0,25.0,,,,3.44,0,0.0,0,0.0,0,0.1376,0,0.0,0,0.383,7.7,Low,Compliant within operational parameters
Ninong Ering,False,ARUNACHAL EAST,Arunachal Pradesh,16th Lok Sabha,25.0,25.0,25.0,,,,2.8,0,0.0,0,0.0,0,0.11199999999999999,0,0.0,0,0.382,7.6,Low,Compliant within operational parameters
Sushmita Dev,False,SILCHAR,Assam,16th Lok Sabha,25.0,25.0,25.0,,,,2.85,0,0.0,0,0.0,0,0.114,0,0.0,0,0.386,7.7,Low,Compliant within operational parameters
Maulana Badruddin Ajmal,False,DHUBRI,Assam,16th Lok Sabha,25.0,25.0,25.0,,,,2.57,0,0.0,0,0.0,0,0.10279999999999999,0,0.0,0,0.379,7.6,Low,Compliant within operational parameters
Biren Singh Engti,False,AUTONOMOUS DISTRICT(ST),Assam,16th Lok Sabha,15.0,15.0,15.0,,,,1.04,0,0.0,0,0.0,0,0.06933333333333333,0,0.0,0,0.389,7.8,Low,Compliant within operational parameters
Gaurav Gogoi,False,KALIABOR,Assam,16th Lok Sabha,27.5,20.0,20.0,,,,1.37,0,0.0,0,0.0,0,0.0685,0,0.0,0,0.39,7.8,Low,Compliant within operational parameters
Kamakhya Prasad Tasa,False,JORHAT,Assam,16th Lok Sabha,25.0,17.5,17.5,,,,5.11,0,0.0,0,0.0,0,0.29200000000000004,0,0.0,0,0.491,9.8,Low,Compliant within operational parameters
Rajen Gohain,False,NOWGONG,Assam,16th Lok Sabha,25.0,25.0,25.0,,,,0.92,0,0.0,0,0.0,0,0.0368,0,0.0,0,0.383,7.7,Low,Compliant within operational parameters
Pradan Baruah,False,LAKHIMPUR,Assam,16th Lok Sabha,17.5,17.5,17.5,,,,3.2,0,0.0,0,0.0,0,0.18285714285714286,0,0.0,0,0.405,8.1,Low,Compliant within operational parameters
Ramen Deka,False,MANGALDOI,Assam,16th Lok Sabha,25.0,25.0,25.0,,,,4.3,0,0.0,0,0.0,0,0.172,0,0.0,0,0.407,8.1,Low,Compliant within operational parameters
Rameswar Teli,False,DIBRUGARH,Assam,16th Lok Sabha,25.0,20.0,20.0,,,,4.52,0,0.0,0,0.0,0,0.22599999999999998,0,0.0,0,0.428,8.6,Low,Compliant within operational parameters
Ram Prasad Sarmah,False,TEZPUR,Assam,16th Lok Sabha,25.0,22.5,22.5,,,,3.63,0,0.0,0,0.0,0,0.16133333333333333,0,0.0,0,0.398,8.0,Low,Compliant within operational parameters
Naba Kumar Sarania,True,KOKRAJHAR (ST),Assam,16th Lok Sabha,25.0,25.0,25.0,,,,3.2,0,0.0,0,0.0,0,0.128,0,0.0,0,0.385,7.7,Low,Compliant within operational parameters
Radheshyam Biswas,False,KARIMGANJ (SC),Assam,16th Lok Sabha,25.0,25.0,25.0,,,,2.54,0,0.0,0,0.0,0,0.1016,0,0.0,0,0.38,7.6,Low,Compliant within operational parameters
Sarbananda Sonowal,False,LAKHIMPUR,Assam,16th Lok Sabha,7.5,7.5,7.5,,,,0.27,0,0.0,0,0.0,0,0.036000000000000004,0,0.0,0,0.385,7.7,Low,Compliant within operational parameters
Sirajuddin Ajmal,False,BARPETA,Assam,16th Lok Sabha,25.0,25.0,25.0,,,,0.09,0,0.0,0,0.0,0,0.0036,0,0.0,0,0.368,7.4,Low,Compliant within operational parameters
Bijoya Chakravarty,False,GUWAHATI,Assam,16th Lok Sabha,25.0,25.0,25.0,,,,4.03,0,0.0,0,0.0,0,0.1612,0,0.0,0,0.398,8.0,Low,Compliant within operational parameters
Mehboob Ali Kaiser,False,KHAGARIA,Bihar,16th Lok Sabha,25.0,25.0,25.0,,,,2.64,0,0.0,0,0.0,0,0.1056,0,0.0,0,0.379,7.6,Low,Compliant within operational parameters
Ajay Nishad,False,MUZAFFARPUR,Bihar,16th Lok Sabha,25.0,25.0,25.0,,,,2.85,0,0.0,0,0.0,0,0.114,0,0.0,0,0.386,7.7,Low,Compliant within operational parameters
Arun Kumar,False,JAHANABAD,Bihar,16th Lok Sabha,25.0,22.5,22.5,,,,0.13,0,0.0,0,0.0,0,0.005777777777777778,0,0.0,0,0.375,7.5,Low,Compliant within operational parameters
Sanjay Jaiswal,False,PASCHIM CHAMPARAN,Bihar,16th Lok Sabha,25.0,25.0,25.0,,,,2.77,0,0.0,0,0.0,0,0.1108,0,0.0,0,0.381,7.6,Low,Compliant within operational parameters
Bhola Singh,False,BEGUSARAI,Bihar,16th Lok Sabha,25.0,25.0,25.0,,,,1.08,0,0.0,0,0.0,0,0.0432,0,0.0,0,0.387,7.7,Low,Compliant within operational parameters
Ashwini Kumar Choubey,False,BUXAR,Bihar,16th Lok Sabha,25.0,25.0,25.0,,,,1.42,0,0.0,0,0.0,0,0.056799999999999996,0,0.0,0,0.388,7.8,Low,Compliant within operational parameters
Asrarul Haque Mohammad,False,KISHANGANJ,Bihar,16th Lok Sabha,25.0,22.5,22.5,,,,0.19,0,0.0,0,0.0,0,0.008444444444444445,0,0.0,0,0.381,7.6,Low,Compliant within operational parameters
Birendra Kumar Choudhary,False,JHANJHARPUR,Bihar,16th Lok Sabha,25.0,25.0,25.0,,,,0.48,0,0.0,0,0.0,0,0.0192,0,0.0,0,0.379,7.6,Low,Compliant within operational parameters
Chhedi Paswan,False,SASARAM(SC),Bihar,16th Lok Sabha,25.0,25.0,25.0,,,,1.59,0,0.0,0,0.0,0,0.0636,0,0.0,0,0.391,7.8,Low,Compliant within operational parameters
Giriraj Singh,False,NAWADA,Bihar,16th Lok Sabha,25.0,25.0,25.0,,,,2.72,0,0.0,0,0.0,0,0.10880000000000001,0,0.0,0,0.381,7.6,Low,Compliant within operational parameters
Janak Ram,False,GOPALGANJ (SC),Bihar,16th Lok Sabha,25.0,25.0,25.0,,,,1.54,0,0.0,0,0.0,0,0.0616,0,0.0,0,0.391,7.8,Low,Compliant within operational parameters
Chirag Paswan,False,JAMUI(SC),Bihar,16th Lok Sabha,25.0,22.5,22.5,,,,2.51,0,0.0,0,0.0,0,0.11155555555555555,0,0.0,0,0.383,7.7,Low,Compliant within operational parameters
Kaushalendra Kumar,False,NALANDA,Bihar,16th Lok Sabha,25.0,25.0,25.0,,,,0.53,0,0.0,0,0.0,0,0.0212,0,0.0,0,0.379,7.6,Low,Compliant within operational parameters
Hari Manjhi,False,GAYA (SC),Bihar,16th Lok Sabha,25.0,25.0,25.0,,,,2.53,0,0.0,0,0.0,0,0.1012,0,0.0,0,0.38,7.6,Low,Compliant within operational parameters
Hukmdev Narayan Yadav,False,MADHUBANI,Bihar,16th Lok Sabha,25.0,25.0,25.0,,,,0.24,0,0.0,0,0.0,0,0.0096,0,0.0,0,0.382,7.6,Low,Compliant within operational parameters
Janardan Singh Sigriwal,False,MAHARAJGANJ,Bihar,16th Lok Sabha,32.5,30.0,30.0,,,,-0.72,1,0.0,0,0.0,0,-0.024,0,0.0,0,0.455,39.1,Medium,Overspent beyond available funds
Kirti (Jha) Azad,False,DARBHANGA,Bihar,16th Lok Sabha,25.0,25.0,25.0,,,,2.19,0,0.0,0,0.0,0,0.0876,0,0.0,0,0.385,7.7,Low,Compliant within operational parameters
Jay Prakash Narayan Yadav,False,BANKA,Bihar,16th Lok Sabha,25.0,25.0,25.0,,,,0.84,0,0.0,0,0.0,0,0.0336,0,0.0,0,0.386,7.7,Low,Compliant within operational parameters
Nityanand Rai,False,UJJARPUR,Bihar,16th Lok Sabha,25.0,25.0,25.0,,,,2.51,0,0.0,0,0.0,0,0.10039999999999999,0,0.0,0,0.379,7.6,Low,Compliant within operational parameters
Rama Kishore Singh,False,VAISHALI,Bihar,16th Lok Sabha,25.0,25.0,25.0,,,,2.52,0,0.0,0,0.0,0,0.1008,0,0.0,0,0.38,7.6,Low,Compliant within operational parameters
Om Prakash Yadav,False,SIWAN,Bihar,16th Lok Sabha,25.0,25.0,25.0,,,,4.19,0,0.0,0,0.0,0,0.16760000000000003,0,0.0,0,0.404,8.1,Low,Compliant within operational parameters
Rajiv Pratap Rudy,False,SARAN,Bihar,16th Lok Sabha,32.5,15.0,15.0,,,,0.01,0,0.0,0,0.0,0,0.0006666666666666666,0,0.0,0,0.357,7.1,Low,Compliant within operational parameters
Raj Kumar Singh,False,ARRAH,Bihar,16th Lok Sabha,25.0,22.5,22.5,,,,3.0,0,0.0,0,0.0,0,0.13333333333333333,0,0.0,0,0.384,7.7,Low,Compliant within operational parameters
Radha Mohan Singh,False,PURVI CHAMPARAN,Bihar,16th Lok Sabha,25.0,22.5,22.5,,,,5.0,0,0.0,0,0.0,0,0.2222222222222222,0,0.0,0,0.421,8.4,Low,Compliant within operational parameters
Rajesh Ranjan (Pappu Yadav),False,MADHEPURA,Bihar,16th Lok Sabha,25.0,25.0,25.0,,,,1.53,0,0.0,0,0.0,0,0.061200000000000004,0,0.0,0,0.39,7.8,Low,Compliant within operational parameters
Ram Kumar Sharma Kushwaha,False,SITAMARHI,Bihar,16th Lok Sabha,25.0,17.5,17.5,,,,2.55,0,0.0,0,0.0,0,0.1457142857142857,0,0.0,0,0.386,7.7,Low,Compliant within operational parameters
Ramchandra Paswan,False,SAMASTIPUR(SC),Bihar,16th Lok Sabha,25.0,25.0,25.0,,,,1.31,0,0.0,0,0.0,0,0.0524,0,0.0,0,0.39,7.8,Low,Compliant within operational parameters
Ram Vilas Paswan,False,HAJIPUR(SC),Bihar,16th Lok Sabha,25.0,25.0,25.0,,,,1.33,0,0.0,0,0.0,0,0.053200000000000004,0,0.0,0,0.389,7.8,Low,Compliant within operational parameters
Sarfaraz Alam,False,ARARIA,Bihar,16th Lok Sabha,5.0,5.0,5.0,,,,0.14,0,0.0,0,0.0,0,0.028000000000000004,0,0.0,0,0.382,7.6,Low,Compliant within operational parameters
Shailesh (Bulo Mandal) Kumar,False,BHAGALPUR,Bihar,16th Lok Sabha,25.0,25.0,25.0,,,,1.25,0,0.0,0,0.0,0,0.05,0,0.0,0,0.386,7.7,Low,Compliant within operational parameters
Ram Kripal Yadav,False,PATALIPUTRA,Bihar,16th Lok Sabha,25.0,22.5,22.5,,,,1.72,0,0.0,0,0.0,0,0.07644444444444444,0,0.0,0,0.387,7.7,Low,Compliant within operational parameters
Tariq Anwar,False,KATIHAR,Bihar,16th Lok Sabha,25.0,25.0,25.0,,,,2.51,0,0.0,0,0.0,0,0.10039999999999999,0,0.0,0,0.379,7.6,Low,Compliant within operational parameters
Santosh Kumar,False,PURNEA,Bihar,16th Lok Sabha,25.0,25.0,25.0,,,,2.69,0,0.0,0,0.0,0,0.1076,0,0.0,0,0.381,7.6,Low,Compliant within operational parameters
Satish Chandra Dubey,False,VALMIKI NAGAR,Bihar,16th Lok Sabha,25.0,22.5,22.5,,,,0.1,0,0.0,0,0.0,0,0.0044444444444444444,0,0.0,0,0.375,7.5,Low,Compliant within operational parameters
Sushil Kumar Singh,False,AURANGABAD,Bihar,16th Lok Sabha,25.0,22.5,22.5,,,,0.9,0,0.0,0,0.0,0,0.04,0,0.0,0,0.383,7.7,Low,Compliant within operational parameters
Upendra Kushwaha,False,KARAKAT,Bihar,16th Lok Sabha,25.0,22.5,22.5,,,,0.15,0,0.0,0,0.0,0,0.006666666666666666,0,0.0,0,0.38,7.6,Low,Compliant within operational parameters
Shatrughan Prasad Sinha,False,PATNA SAHIB,Bihar,16th Lok Sabha,25.0,25.0,25.0,,,,1.52,0,0.0,0,0.0,0,0.0608,0,0.0,0,0.39,7.8,Low,Compliant within operational parameters
Tasleem Taslimuddin,False,ARARIA,Bihar,16th Lok Sabha,17.5,17.5,17.5,,,,5.52,0,0.0,0,0.0,0,0.3154285714285714,0,0.0,0,0.516,10.3,Low,Compliant within operational parameters
Rama Devi,False,SHEOHAR,Bihar,16th Lok Sabha,25.0,25.0,25.0,,,,0.21,0,0.0,0,0.0,0,0.0084,0,0.0,0,0.381,7.6,Low,Compliant within operational parameters
Veena Devi,False,MUNGER,Bihar,16th Lok Sabha,25.0,25.0,25.0,,,,3.02,0,0.0,0,0.0,0,0.1208,0,0.0,0,0.387,7.7,Low,Compliant within operational parameters
Ranjeet Ranjan,False,SUPAUL,Bihar,16th Lok Sabha,25.0,25.0,25.0,,,,2.51,0,0.0,0,0.0,0,0.10039999999999999,0,0.0,0,0.379,7.6,Low,Compliant within operational parameters
Kirron Kher,False,CHANDIGARH,Chandigarh,16th Lok Sabha,25.0,25.0,25.0,,,,2.55,0,0.0,0,0.0,0,0.102,0,0.0,0,0.38,7.6,Low,Compliant within operational parameters
Banshilal Mahto,False,KORBA,Chhattisgarh,16th Lok Sabha,25.0,25.0,25.0,,,,0.26,0,0.0,0,0.0,0,0.0104,0,0.0,0,0.378,7.6,Low,Compliant within operational parameters
Abhishek Singh,False,RAJNANDGAON,Chhattisgarh,16th Lok Sabha,25.0,25.0,25.0,,,,0.34,0,0.0,0,0.0,0,0.013600000000000001,0,0.0,0,0.378,7.6,Low,Compliant within operational parameters
Chandu Lal Sahu,False,MAHASAMUND,Chhattisgarh,16th Lok Sabha,25.0,25.0,25.0,,,,1.94,0,0.0,0,0.0,0,0.0776,0,0.0,0,0.388,7.8,Low,Compliant within operational parameters
Dinesh Kashyap,False,BASTAR(ST),Chhattisgarh,16th Lok Sabha,25.0,25.0,25.0,,,,1.58,0,0.0,0,0.0,0,0.0632,0,0.0,0,0.391,7.8,Low,Compliant within operational parameters
Kamalbhan Singh Marabi,False,SARGUJA(ST),Chhattisgarh,16th Lok Sabha,25.0,25.0,25.0,,,,3.2,0,0.0,0,0.0,0,0.128,0,0.0,0,0.385,7.7,Low,Compliant within operational parameters
Lakhan Lal Sahu,False,BILASPUR,Chhattisgarh,16th Lok Sabha,25.0,25.0,25.0,,,,4.54,0,0.0,0,0.0,0,0.1816,0,0.0,0,0.406,8.1,Low,Compliant within operational parameters
Vikram Usendi,False,KANKER(ST),Chhattisgarh,16th Lok Sabha,25.0,22.5,22.5,,,,0.78,0,0.0,0,0.0,0,0.034666666666666665,0,0.0,0,0.385,7.7,Low,Compliant within operational parameters
Kamla Devi Patle,False,JANJGIR CHAMPA(SC),Chhattisgarh,16th Lok Sabha,25.0,25.0,25.0,,,,0.66,0,0.0,0,0.0,0,0.0264,0,0.0,0,0.382,7.6,Low,Compliant within operational parameters
Ramesh Bais,False,RAIPUR,Chhattisgarh,16th Lok Sabha,25.0,25.0,25.0,,,,7.16,0,0.0,0,0.0,0,0.2864,0,0.0,0,0.481,9.6,Low,Compliant within operational parameters
Tamradhwaj Sahu,False,DURG,Chhattisgarh,16th Lok Sabha,25.0,25.0,25.0,,,,0.12,0,0.0,0,0.0,0,0.0048,0,0.0,0,0.375,7.5,Low,Compliant within operational parameters
Vishnu Deo Sai,False,RAIGARH(ST),Chhattisgarh,16th Lok Sabha,25.0,25.0,25.0,,,,0.91,0,0.0,0,0.0,0,0.0364,0,0.0,0,0.383,7.7,Low,Compliant within operational parameters
Natubhai Gomanbhai Patel,False,DADRA & NAGAR HAVELI (ST),D & N Haveli,16th Lok Sabha,25.0,25.0,25.0,,,,2.42,0,0.0,0,0.0,0,0.0968,0,0.0,0,0.382,7.6,Low,Compliant within operational parameters
Lalubhai Babubhai Patel,False,DAMAN & DIU,Daman & Diu,16th Lok Sabha,25.0,22.5,22.5,,,,4.74,0,0.0,0,0.0,0,0.21066666666666667,0,0.0,0,0.418,8.4,Low,Compliant within operational parameters
Harsh Vardhan,False,CHANDINI CHOWK,Delhi,16th Lok Sabha,25.0,25.0,25.0,,,,1.1,0,0.0,0,0.0,0,0.044000000000000004,0,0.0,0,0.387,7.7,Low,Compliant within operational parameters
Udit Raj,False,NORTH WEST DELHI(SC),Delhi,16th Lok Sabha,37.5,37.5,37.5,,,,3.15,0,0.0,0,0.0,0,0.08399999999999999,0,0.0,0,0.389,7.8,Low,Compliant within operational parameters
Maheish Girri,False,EAST DELHI,Delhi,16th Lok Sabha,25.0,22.5,22.5,,,,2.03,0,0.0,0,0.0,0,0.09022222222222222,0,0.0,0,0.385,7.7,Low,Compliant within operational parameters
Manoj Kumar Tiwari,False,NORTH EAST DELHI,Delhi,16th Lok Sabha,25.0,22.5,22.5,,,,0.04,0,0.0,0,0.0,0,0.0017777777777777779,0,0.0,0,0.368,7.4,Low,Compliant within operational parameters
Parvesh Sahib Singh,False,WEST DELHI,Delhi,16th Lok Sabha,25.0,25.0,25.0,,,,2.5,0,0.0,0,0.0,0,0.1,0,0.0,0,0.378,7.6,Low,Compliant within operational parameters
Ramesh Bidhuri,False,SOUTH DELHI,Delhi,16th Lok Sabha,25.0,22.5,22.5,,,,1.8,0,0.0,0,0.0,0,0.08,0,0.0,0,0.388,7.8,Low,Compliant within operational parameters
Meenakashi Lekhi,False,NEW DELHI,Delhi,16th Lok Sabha,25.0,22.5,22.5,,,,3.47,0,0.0,0,0.0,0,0.15422222222222223,0,0.0,0,0.389,7.8,Low,Compliant within operational parameters
Narendra Keshav Sawaikar,False,SOUTH GOA,Goa,16th Lok Sabha,27.5,20.0,20.0,,,,0.0,0,0.0,0,0.0,0,0.0,0,0.0,0,0.345,6.9,Low,Compliant within operational parameters
Shripad Yesso Naik,False,NORTH GOA,Goa,16th Lok Sabha,25.0,25.0,25.0,,,,4.86,0,0.0,0,0.0,0,0.19440000000000002,0,0.0,0,0.406,8.1,Low,Compliant within operational parameters
Bharati Dhirubhai Shiyal,False,BHAVNAGAR,Gujarat,16th Lok Sabha,25.0,25.0,25.0,,,,2.67,0,0.0,0,0.0,0,0.10679999999999999,0,0.0,0,0.379,7.6,Low,Compliant within operational parameters
K. C. Patel,False,VALSAD(ST),Gujarat,16th Lok Sabha,25.0,25.0,25.0,,,,0.48,0,0.0,0,0.0,0,0.0192,0,0.0,0,0.379,7.6,Low,Compliant within operational parameters
Kirit Premjibhai Solanki,False,AHMEDABAD WEST(SC),Gujarat,16th Lok Sabha,25.0,25.0,25.0,,,,2.52,0,0.0,0,0.0,0,0.1008,0,0.0,0,0.38,7.6,Low,Compliant within operational parameters
Haribhai Parthibhai Chaudhary,False,BANASKANTHA,Gujarat,16th Lok Sabha,25.0,22.5,22.5,,,,0.38,0,0.0,0,0.0,0,0.01688888888888889,0,0.0,0,0.379,7.6,Low,Compliant within operational parameters
Chandrakant Raghunath Patil,False,NAVSARI,Gujarat,16th Lok Sabha,25.0,25.0,25.0,,,,5.05,0,0.0,0,0.0,0,0.20199999999999999,0,0.0,0,0.411,8.2,Low,Compliant within operational parameters
Jasvantsinh Sumanbhai Bhabhor,False,DAHOD(ST),Gujarat,16th Lok Sabha,25.0,25.0,25.0,,,,0.48,0,0.0,0,0.0,0,0.0192,0,0.0,0,0.379,7.6,Low,Compliant within operational parameters
Dilip Patel,False,ANAND,Gujarat,16th Lok Sabha,25.0,25.0,25.0,,,,1.41,0,0.0,0,0.0,0,0.0564,0,0.0,0,0.39,7.8,Low,Compliant within operational parameters
Devusinh Jesingbhai Chauhan,False,KHEDA,Gujarat,16th Lok Sabha,25.0,25.0,25.0,,,,1.28,0,0.0,0,0.0,0,0.0512,0,0.0,0,0.387,7.7,Low,Compliant within operational parameters
Devajibhai Govindbhai Fatepara,False,SURENDRANAGAR,Gujarat,16th Lok Sabha,25.0,25.0,25.0,,,,0.66,0,0.0,0,0.0,0,0.0264,0,0.0,0,0.382,7.6,Low,Compliant within operational parameters
Dipsinh Shankarsinh Rathod,False,SABARKANTHA,Gujarat,16th Lok Sabha,25.0,25.0,25.0,,,,0.09,0,0.0,0,0.0,0,0.0036,0,0.0,0,0.368,7.4,Low,Compliant within operational parameters
Lal Krishna Advani,False,GANDHINAGAR,Gujarat,16th Lok Sabha,25.0,22.5,22.5,,,,3.15,0,0.0,0,0.0,0,0.13999999999999999,0,0.0,0,0.384,7.7,Low,Compliant within operational parameters
Mansukhbhai Dhanjibhai Vasava,False,BHARUCH,Gujarat,16th Lok Sabha,25.0,25.0,25.0,,,,1.32,0,0.0,0,0.0,0,0.0528,0,0.0,0,0.39,7.8,Low,Compliant within operational parameters
Mohanbhai Kalyanjibhai Kundariya,False,RAJKOT,Gujarat,16th Lok Sabha,25.0,25.0,25.0,,,,4.85,0,0.0,0,0.0,0,0.19399999999999998,0,0.0,0,0.406,8.1,Low,Compliant within operational parameters
Liladharbhai Khodaji Vaghela,False,PATAN,Gujarat,16th Lok Sabha,25.0,22.5,22.5,,,,0.07,0,0.0,0,0.0,0,0.0031111111111111114,0,0.0,0,0.367,7.3,Low,Compliant within operational parameters
Naranbhai Kachhadiya,False,AMRELI,Gujarat,16th Lok Sabha,25.0,25.0,25.0,,,,1.08,0,0.0,0,0.0,0,0.0432,0,0.0,0,0.387,7.7,Low,Compliant within operational parameters
Parbhubhai Nagarbhai Vasava,False,BARDOLI(ST),Gujarat,16th Lok Sabha,25.0,25.0,25.0,,,,1.16,0,0.0,0,0.0,0,0.0464,0,0.0,0,0.389,7.8,Low,Compliant within operational parameters
Paresh Rawal,False,AHMEDABAD EAST,Gujarat,16th Lok Sabha,25.0,25.0,25.0,,,,2.54,0,0.0,0,0.0,0,0.1016,0,0.0,0,0.38,7.6,Low,Compliant within operational parameters
Ramsinh Patalyabhai Rathwa,False,CHHOTA UDAIPUR(ST),Gujarat,16th Lok Sabha,25.0,25.0,25.0,,,,2.85,0,0.0,0,0.0,0,0.114,0,0.0,0,0.386,7.7,Low,Compliant within operational parameters
Prabhatsinh Pratapsinh Chauhan,False,PANCHMAHAL,Gujarat,16th Lok Sabha,25.0,25.0,25.0,,,,1.08,0,0.0,0,0.0,0,0.0432,0,0.0,0,0.387,7.7,Low,Compliant within operational parameters
Rajeshbhai Naranbhai Chudasama,False,JUNAGADH,Gujarat,16th Lok Sabha,25.0,25.0,25.0,,,,1.55,0,0.0,0,0.0,0,0.062,0,0.0,0,0.391,7.8,Low,Compliant within operational parameters
Ranjanben Bhatt,False,VADODARA,Gujarat,16th Lok Sabha,25.0,25.0,25.0,,,,3.51,0,0.0,0,0.0,0,0.1404,0,0.0,0,0.384,7.7,Low,Compliant within operational parameters
Poonamben Hematbhai Maadam,False,JAMNAGAR,Gujarat,16th Lok Sabha,25.0,25.0,25.0,,,,2.35,0,0.0,0,0.0,0,0.094,0,0.0,0,0.386,7.7,Low,Compliant within operational parameters
Vitthalbhai Hansrajbhai Radadiyahai,False,PORBANDAR,Gujarat,16th Lok Sabha,25.0,25.0,25.0,,,,3.35,0,0.0,0,0.0,0,0.134,0,0.0,0,0.384,7.7,Low,Compliant within operational parameters
Darshana Vikram Jardosh,False,SURAT,Gujarat,16th Lok Sabha,25.0,25.0,25.0,,,,0.08,0,0.0,0,0.0,0,0.0032,0,0.0,0,0.367,7.3,Low,Compliant within operational parameters
Jayshreeben Patel,False,MAHESANA,Gujarat,16th Lok Sabha,25.0,25.0,25.0,,,,1.64,0,0.0,0,0.0,0,0.06559999999999999,0,0.0,0,0.391,7.8,Low,Compliant within operational parameters
Ashwini Kumar,False,KARNAL,Haryana,16th Lok Sabha,25.0,20.0,20.0,,,,0.74,0,0.0,0,0.0,0,0.037,0,0.0,0,0.383,7.7,Low,Compliant within operational parameters
Rao Inderjit Singh,False,GURGAON,Haryana,16th Lok Sabha,25.0,25.0,25.0,,,,1.82,0,0.0,0,0.0,0,0.0728,0,0.0,0,0.386,7.7,Low,Compliant within operational parameters
Charanjeet Singh Rori,False,SIRSA(SC),Haryana,16th Lok Sabha,25.0,25.0,25.0,,,,0.88,0,0.0,0,0.0,0,0.0352,0,0.0,0,0.385,7.7,Low,Compliant within operational parameters
Dharambir Bhaleram,False,BHIWANI MAHENDRAGARH,Haryana,16th Lok Sabha,25.0,25.0,25.0,,,,0.16,0,0.0,0,0.0,0,0.0064,0,0.0,0,0.376,7.5,Low,Compliant within operational parameters
Deepender Singh Hooda,False,ROHTAK,Haryana,16th Lok Sabha,25.0,25.0,25.0,,,,0.86,0,0.0,0,0.0,0,0.0344,0,0.0,0,0.385,7.7,Low,Compliant within operational parameters
Dushyant Chautala,False,HISAR,Haryana,16th Lok Sabha,25.0,25.0,25.0,,,,4.43,0,0.0,0,0.0,0,0.1772,0,0.0,0,0.406,8.1,Low,Compliant within operational parameters
Krishan Pal,False,FARIDABAD,Haryana,16th Lok Sabha,25.0,25.0,25.0,,,,3.93,0,0.0,0,0.0,0,0.1572,0,0.0,0,0.393,7.9,Low,Compliant within operational parameters
Rattan Lal Kataria,False,AMBALA (SC),Haryana,16th Lok Sabha,25.0,25.0,25.0,,,,3.69,0,0.0,0,0.0,0,0.1476,0,0.0,0,0.386,7.7,Low,Compliant within operational parameters
Raj Kumar Saini,False,KURUKSHETRA,Haryana,16th Lok Sabha,25.0,25.0,25.0,,,,0.68,0,0.0,0,0.0,0,0.027200000000000002,0,0.0,0,0.382,7.6,Low,Compliant within operational parameters
Ramesh Chander Kaushik,False,SONEPAT,Haryana,16th Lok Sabha,25.0,25.0,25.0,,,,0.41,0,0.0,0,0.0,0,0.016399999999999998,0,0.0,0,0.379,7.6,Low,Compliant within operational parameters
Anurag Singh Thakur,False,HAMIRPUR,Himachal Pradesh,16th Lok Sabha,25.0,25.0,25.0,,,,4.96,0,0.0,0,0.0,0,0.1984,0,0.0,0,0.407,8.1,Low,Compliant within operational parameters
Ram Swaroop Sharma,False,MANDI,Himachal Pradesh,16th Lok Sabha,25.0,25.0,25.0,,,,0.57,0,0.0,0,0.0,0,0.022799999999999997,0,0.0,0,0.381,7.6,Low,Compliant within operational parameters
Shanta Kumar,False,KANGRA,Himachal Pradesh,16th Lok Sabha,25.0,25.0,25.0,,,,5.0,0,0.0,0,0.0,0,0.2,0,0.0,0,0.411,8.2,Low,Compliant within operational parameters
Virender Kashyap,False,SHIMLA (SC),Himachal Pradesh,16th Lok Sabha,25.0,25.0,25.0,,,,4.98,0,0.0,0,0.0,0,0.19920000000000002,0,0.0,0,0.411,8.2,Low,Compliant within operational parameters
Jitendra Singh,False,UDHAMPUR,Jammu & Kashmir,16th Lok Sabha,25.0,25.0,25.0,,,,4.36,0,0.0,0,0.0,0,0.1744,0,0.0,0,0.404,8.1,Low,Compliant within operational parameters
Farooq Abdullah,False,SRINAGAR,Jammu & Kashmir,16th Lok Sabha,12.5,7.5,7.5,,,,0.0,0,0.0,0,0.0,0,0.0,0,0.0,0,0.345,6.9,Low,Compliant within operational parameters
Jugal Kishore Sharma,False,JAMMU,Jammu & Kashmir,16th Lok Sabha,25.0,25.0,25.0,,,,4.84,0,0.0,0,0.0,0,0.1936,0,0.0,0,0.406,8.1,Low,Compliant within operational parameters
Muzaffar Hussain Baig,False,BARAMULLAH,Jammu & Kashmir,16th Lok Sabha,25.0,22.5,22.5,,,,2.06,0,0.0,0,0.0,0,0.09155555555555556,0,0.0,0,0.385,7.7,Low,Compliant within operational parameters
Thupstan Chhewang,False,LADAKH,Jammu & Kashmir,16th Lok Sabha,25.0,22.5,22.5,,,,2.67,0,0.0,0,0.0,0,0.11866666666666667,0,0.0,0,0.387,7.7,Low,Compliant within operational parameters
Mehbooba Mufti,False,ANANTNAG,Jammu & Kashmir,16th Lok Sabha,12.5,10.0,10.0,,,,1.84,0,0.0,0,0.0,0,0.184,0,0.0,0,0.405,8.1,Low,Compliant within operational parameters
Tariq Hameed Karra,False,SRINAGAR,Jammu & Kashmir,16th Lok Sabha,12.5,12.5,12.5,,,,3.42,0,0.0,0,0.0,0,0.2736,0,0.0,0,0.463,9.3,Low,Compliant within operational parameters
Ravindra Kumar Ray,False,KODARMA,Jharkhand,16th Lok Sabha,25.0,22.5,22.5,,,,0.0,0,0.0,0,0.0,0,0.0,0,0.0,0,0.345,6.9,Low,Compliant within operational parameters
Bidyut Baran Mahato,False,JAMSHEDPUR,Jharkhand,16th Lok Sabha,25.0,20.0,20.0,,,,2.78,0,0.0,0,0.0,0,0.13899999999999998,0,0.0,0,0.384,7.7,Low,Compliant within operational parameters
Kariya Munda,False,KHUNTI(ST),Jharkhand,16th Lok Sabha,25.0,20.0,20.0,,,,0.47,0,0.0,0,0.0,0,0.0235,0,0.0,0,0.382,7.6,Low,Compliant within operational parameters
Jayant Sinha,False,HAZARIBAGH,Jharkhand,16th Lok Sabha,25.0,22.5,22.5,,,,2.53,0,0.0,0,0.0,0,0.11244444444444443,0,0.0,0,0.383,7.7,Low,Compliant within operational parameters
Nishikant Dubey,False,GODDA,Jharkhand,16th Lok Sabha,25.0,7.5,7.5,,,,3.39,0,0.0,0,0.0,0,0.452,0,0.0,0,0.596,11.9,Low,Compliant within operational parameters
Laxman Giluwa,False,SINGHBHUM(ST),Jharkhand,16th Lok Sabha,32.5,30.0,30.0,,,,0.39,0,0.0,0,0.0,0,0.013000000000000001,0,0.0,0,0.378,7.6,Low,Compliant within operational parameters
Pashupati Nath Singh,False,DHANBAD,Jharkhand,16th Lok Sabha,25.0,25.0,25.0,,,,4.95,0,0.0,0,0.0,0,0.198,0,0.0,0,0.407,8.1,Low,Compliant within operational parameters
Ravindra Kumar Pandey,False,GIRIDIH,Jharkhand,16th Lok Sabha,25.0,22.5,22.5,,,,4.61,0,0.0,0,0.0,0,0.2048888888888889,0,0.0,0,0.411,8.2,Low,Compliant within operational parameters
Sunil Kumar Singh,False,CHATRA,Jharkhand,16th Lok Sabha,25.0,22.5,22.5,,,,0.14,0,0.0,0,0.0,0,0.006222222222222223,0,0.0,0,0.375,7.5,Low,Compliant within operational parameters
Shibu Soren,False,DUMKA(ST),Jharkhand,16th Lok Sabha,25.0,20.0,20.0,,,,2.68,0,0.0,0,0.0,0,0.134,0,0.0,0,0.384,7.7,Low,Compliant within operational parameters
Ram Tahal Choudhary,False,RANCHI,Jharkhand,16th Lok Sabha,25.0,17.5,17.5,,,,2.48,0,0.0,0,0.0,0,0.1417142857142857,0,0.0,0,0.385,7.7,Low,Compliant within operational parameters
Vishnu Dayal Ram,False,PALAMU(SC),Jharkhand,16th Lok Sabha,25.0,25.0,25.0,,,,0.0,0,0.0,0,0.0,0,0.0,0,0.0,0,0.345,6.9,Low,Compliant within operational parameters
Sudarshan Bhagat,False,LOHARDAGA(ST),Jharkhand,16th Lok Sabha,25.0,22.5,22.5,,,,0.26,0,0.0,0,0.0,0,0.011555555555555557,0,0.0,0,0.378,7.6,Low,Compliant within operational parameters
Vijay Kumar Hansdak,False,RAJMAHAL(ST),Jharkhand,16th Lok Sabha,25.0,20.0,20.0,,,,2.46,0,0.0,0,0.0,0,0.123,0,0.0,0,0.386,7.7,Low,Compliant within operational parameters
M. Veerappa Moily,False,CHIKBALLAPUR,Karnataka,16th Lok Sabha,25.0,17.5,17.5,,,,0.46,0,0.0,0,0.0,0,0.026285714285714287,0,0.0,0,0.383,7.7,Low,Compliant within operational parameters
Shobha Karandlaje,False,UDUPI CHIKMAGALUR,Karnataka,16th Lok Sabha,25.0,22.5,22.5,,,,0.85,0,0.0,0,0.0,0,0.03777777777777778,0,0.0,0,0.383,7.7,Low,Compliant within operational parameters
B.V. Nayak,False,RAICHUR(ST),Karnataka,16th Lok Sabha,25.0,22.5,22.5,,,,0.54,0,0.0,0,0.0,0,0.024,0,0.0,0,0.382,7.6,Low,Compliant within operational parameters
B. S. Yeddyurappa,False,SHIMOGA,Karnataka,16th Lok Sabha,20.0,20.0,20.0,,,,2.49,0,0.0,0,0.0,0,0.12450000000000001,0,0.0,0,0.385,7.7,Low,Compliant within operational parameters
B. Sreeramulu,False,BELLARY(ST),Karnataka,16th Lok Sabha,20.0,20.0,20.0,,,,0.77,0,0.0,0,0.0,0,0.0385,0,0.0,0,0.383,7.7,Low,Compliant within operational parameters
B.N. Chandrappa,False,CHITRADURGA(SC),Karnataka,16th Lok Sabha,25.0,22.5,22.5,,,,2.79,0,0.0,0,0.0,0,0.124,0,0.0,0,0.384,7.7,Low,Compliant within operational parameters
Ananth Ananth Kumar,False,BANGALORE SOUTH,Karnataka,16th Lok Sabha,25.0,12.5,12.5,,,,5.13,0,0.0,0,0.0,0,0.4104,0,0.0,0,0.574,11.5,Low,Compliant within operational parameters
Anant Kumar Dattatreya Hegde,False,UTTARA KANNADA,Karnataka,16th Lok Sabha,25.0,25.0,25.0,,,,4.63,0,0.0,0,0.0,0,0.1852,0,0.0,0,0.404,8.1,Low,Compliant within operational parameters
C.S. Puttaraju,False,MANDYA,Karnataka,16th Lok Sabha,20.0,15.0,15.0,,,,1.48,0,0.0,0,0.0,0,0.09866666666666667,0,0.0,0,0.38,7.6,Low,Compliant within operational parameters
B.Y. Raghavendra,False,SHIMOGA,Karnataka,16th Lok Sabha,2.5,2.5,2.5,,,,1.04,0,0.0,0,0.0,0,0.41600000000000004,0,0.0,0,0.58,11.6,Low,Compliant within operational parameters
Bhagwanth Khuba,False,BIDAR,Karnataka,16th Lok Sabha,25.0,25.0,25.0,,,,2.73,0,0.0,0,0.0,0,0.1092,0,0.0,0,0.381,7.6,Low,Compliant within operational parameters
Doddaalahalli Kempegowda Suresh,False,BANGALORE RURAL,Karnataka,16th Lok Sabha,25.0,25.0,25.0,,,,0.84,0,0.0,0,0.0,0,0.0336,0,0.0,0,0.386,7.7,Low,Compliant within operational parameters
D.V. Sadananda Gowda,False,BANGALORE NORTH,Karnataka,16th Lok Sabha,25.0,25.0,25.0,,,,2.54,0,0.0,0,0.0,0,0.1016,0,0.0,0,0.38,7.6,Low,Compliant within operational parameters
Gowdar Mallikarjunappa Siddeshwara,False,DAVANAGERE,Karnataka,16th Lok Sabha,25.0,25.0,25.0,,,,0.39,0,0.0,0,0.0,0,0.015600000000000001,0,0.0,0,0.382,7.6,Low,Compliant within operational parameters
K.H. Muniyappa,False,KOLAR(SC),Karnataka,16th Lok Sabha,25.0,17.5,17.5,,,,0.13,0,0.0,0,0.0,0,0.0074285714285714285,0,0.0,0,0.38,7.6,Low,Compliant within operational parameters
H.D. Devegowda,False,HASSAN,Karnataka,16th Lok Sabha,25.0,17.5,17.5,,,,0.6,0,0.0,0,0.0,0,0.03428571428571429,0,0.0,0,0.385,7.7,Low,Compliant within operational parameters
Prakash Babanna Hukkeri,False,CHIKKODI,Karnataka,16th Lok Sabha,25.0,25.0,25.0,,,,1.14,0,0.0,0,0.0,0,0.045599999999999995,0,0.0,0,0.388,7.8,Low,Compliant within operational parameters
Mallikarjun Kharge,False,GULBARGA(SC),Karnataka,16th Lok Sabha,25.0,25.0,25.0,,,,4.87,0,0.0,0,0.0,0,0.1948,0,0.0,0,0.406,8.1,Low,Compliant within operational parameters
Parvatagouda Chandanagouda Gaddigoudar,False,BAGALKOT,Karnataka,16th Lok Sabha,25.0,22.5,22.5,,,,0.03,0,0.0,0,0.0,0,0.0013333333333333333,0,0.0,0,0.367,7.3,Low,Compliant within operational parameters
Pralhad Venkatesh Joshi,False,DHARWAD,Karnataka,16th Lok Sabha,27.5,27.5,27.5,,,,4.08,0,0.0,0,0.0,0,0.14836363636363636,0,0.0,0,0.385,7.7,Low,Compliant within operational parameters
P. C. Mohan,False,BANGALORE CENTRAL,Karnataka,16th Lok Sabha,25.0,25.0,25.0,,,,2.51,0,0.0,0,0.0,0,0.10039999999999999,0,0.0,0,0.379,7.6,Low,Compliant within operational parameters
Prathap Simha,False,MYSORE,Karnataka,16th Lok Sabha,25.0,25.0,25.0,,,,2.55,0,0.0,0,0.0,0,0.102,0,0.0,0,0.38,7.6,Low,Compliant within operational parameters
Ramesh Chandappa Jigajinagi,False,BIJAPUR(SC),Karnataka,16th Lok Sabha,27.5,15.0,15.0,,,,2.43,0,0.0,0,0.0,0,0.162,0,0.0,0,0.398,8.0,Low,Compliant within operational parameters
Nalin Kumar Kateel,False,DAKSHINA KANNADA,Karnataka,16th Lok Sabha,25.0,25.0,25.0,,,,0.06,0,0.0,0,0.0,0,0.0024,0,0.0,0,0.367,7.3,Low,Compliant within operational parameters
Rangaswamy Dhruvanarayana,False,CHAMARAJANAGAR(SC),Karnataka,16th Lok Sabha,25.0,25.0,25.0,,,,0.9,0,0.0,0,0.0,0,0.036000000000000004,0,0.0,0,0.385,7.7,Low,Compliant within operational parameters
Sanganna Amarappa Karadi,False,KOPPAL,Karnataka,16th Lok Sabha,25.0,25.0,25.0,,,,1.37,0,0.0,0,0.0,0,0.0548,0,0.0,0,0.39,7.8,Low,Compliant within operational parameters
S.P. Muddahanumegowda,False,TUMKUR,Karnataka,16th Lok Sabha,25.0,22.5,22.5,,,,0.61,0,0.0,0,0.0,0,0.02711111111111111,0,0.0,0,0.382,7.6,Low,Compliant within operational parameters
Shivkumar Chanabasappa Udasi,False,HAVERI,Karnataka,16th Lok Sabha,25.0,22.5,22.5,,,,0.02,0,0.0,0,0.0,0,0.0008888888888888889,0,0.0,0,0.362,7.2,Low,Compliant within operational parameters
Venkatapura Subbaiah Ugrappa,False,BELLARY(ST),Karnataka,16th Lok Sabha,2.5,2.5,2.5,,,,1.15,0,0.0,0,0.0,0,0.45999999999999996,0,0.0,0,0.6,12.0,Low,Compliant within operational parameters
Suresh Chanabasappa Angadi,False,BELGAUM,Karnataka,16th Lok Sabha,25.0,25.0,25.0,,,,3.74,0,0.0,0,0.0,0,0.1496,0,0.0,0,0.385,7.7,Low,Compliant within operational parameters
P.K .Kunhalikutty,False,MALAPPURAM,Kerala,16th Lok Sabha,10.0,10.0,10.0,,,,0.68,0,0.0,0,0.0,0,0.068,0,0.0,0,0.39,7.8,Low,Compliant within operational parameters
Anirudhan Sampath,False,ATTINGAL,Kerala,16th Lok Sabha,25.0,25.0,25.0,,,,0.49,0,0.0,0,0.0,0,0.0196,0,0.0,0,0.378,7.6,Low,Compliant within operational parameters
Kuruppassery Varkey Thomas,False,ERNAKULAM,Kerala,16th Lok Sabha,25.0,25.0,25.0,,,,4.74,0,0.0,0,0.0,0,0.18960000000000002,0,0.0,0,0.406,8.1,Low,Compliant within operational parameters
(Adv.) Joice George,False,IDUKKI,Kerala,16th Lok Sabha,25.0,25.0,25.0,,,,2.52,0,0.0,0,0.0,0,0.1008,0,0.0,0,0.38,7.6,Low,Compliant within operational parameters
Shashi Tharoor,False,THIRUVANANTHAPURAM,Kerala,16th Lok Sabha,25.0,25.0,25.0,,,,1.5,0,0.0,0,0.0,0,0.06,0,0.0,0,0.39,7.8,Low,Compliant within operational parameters
E. Ahamed,False,MALAPPURAM,Kerala,16th Lok Sabha,15.0,15.0,15.0,,,,0.0,0,0.0,0,0.0,0,0.0,0,0.0,0,0.345,6.9,Low,Compliant within operational parameters
E. T. Mohammed Basheer,False,PONNANI,Kerala,16th Lok Sabha,25.0,25.0,25.0,,,,3.09,0,0.0,0,0.0,0,0.12359999999999999,0,0.0,0,0.385,7.7,Low,Compliant within operational parameters
Anto Antony,False,PATHANAMTHITTA,Kerala,16th Lok Sabha,25.0,25.0,25.0,,,,1.9,0,0.0,0,0.0,0,0.076,0,0.0,0,0.387,7.7,Low,Compliant within operational parameters
Jose K. Mani,False,KOTTAYAM,Kerala,16th Lok Sabha,25.0,20.0,20.0,,,,2.58,0,0.0,0,0.0,0,0.129,0,0.0,0,0.386,7.7,Low,Compliant within operational parameters
K. C. Venugopal,False,ALAPPUZHA,Kerala,16th Lok Sabha,25.0,25.0,25.0,,,,2.68,0,0.0,0,0.0,0,0.1072,0,0.0,0,0.381,7.6,Low,Compliant within operational parameters
C. N. Jayadevan,False,THRISSUR,Kerala,16th Lok Sabha,25.0,25.0,25.0,,,,2.25,0,0.0,0,0.0,0,0.09,0,0.0,0,0.385,7.7,Low,Compliant within operational parameters
Innocent,False,CHALAKUDY,Kerala,16th Lok Sabha,25.0,25.0,25.0,,,,2.73,0,0.0,0,0.0,0,0.1092,0,0.0,0,0.381,7.6,Low,Compliant within operational parameters
M. I. Shanavas,False,WAYANAD,Kerala,16th Lok Sabha,25.0,22.5,22.5,,,,1.24,0,0.0,0,0.0,0,0.05511111111111111,0,0.0,0,0.39,7.8,Low,Compliant within operational parameters
M. B. Rajesh,False,PALAKKAD,Kerala,16th Lok Sabha,25.0,25.0,25.0,,,,2.54,0,0.0,0,0.0,0,0.1016,0,0.0,0,0.38,7.6,Low,Compliant within operational parameters
P. Karunakaran,False,KASARAGOD,Kerala,16th Lok Sabha,25.0,22.5,22.5,,,,0.69,0,0.0,0,0.0,0,0.030666666666666665,0,0.0,0,0.379,7.6,Low,Compliant within operational parameters
Parayamparanbil Kuttappan Biju,False,ALATHUR(SC),Kerala,16th Lok Sabha,25.0,22.5,22.5,,,,2.5,0,0.0,0,0.0,0,0.1111111111111111,0,0.0,0,0.382,7.6,Low,Compliant within operational parameters
M. K. Raghavan,False,KOZHIKODE,Kerala,16th Lok Sabha,25.0,25.0,25.0,,,,2.5,0,0.0,0,0.0,0,0.1,0,0.0,0,0.378,7.6,Low,Compliant within operational parameters
N.K. Premachandran,False,KOLLAM,Kerala,16th Lok Sabha,25.0,25.0,25.0,,,,2.48,0,0.0,0,0.0,0,0.0992,0,0.0,0,0.378,7.6,Low,Compliant within operational parameters
Ramachandran Mullappally,False,VADAKARA,Kerala,16th Lok Sabha,25.0,22.5,22.5,,,,2.82,0,0.0,0,0.0,0,0.12533333333333332,0,0.0,0,0.386,7.7,Low,Compliant within operational parameters
Suresh Kodikunnil,False,MAVELIKKARA(SC),Kerala,16th Lok Sabha,25.0,25.0,25.0,,,,4.69,0,0.0,0,0.0,0,0.18760000000000002,0,0.0,0,0.406,8.1,Low,Compliant within operational parameters
P.K.Sreemathi Teacher,False,KANNUR,Kerala,16th Lok Sabha,25.0,25.0,25.0,,,,1.59,0,0.0,0,0.0,0,0.0636,0,0.0,0,0.391,7.8,Low,Compliant within operational parameters
Faizal P.P. Mohammed,False,LAKSHADWEEP(ST),Lakshadweep,16th Lok Sabha,25.0,20.0,20.0,,,,4.6,0,0.0,0,0.0,0,0.22999999999999998,0,0.0,0,0.429,8.6,Low,Compliant within operational parameters
Chintamani Malviya,False,UJJAIN(SC),Madhya Pradesh,16th Lok Sabha,25.0,25.0,25.0,,,,1.38,0,0.0,0,0.0,0,0.0552,0,0.0,0,0.39,7.8,Low,Compliant within operational parameters
Alok Sanjar,False,BHOPAL,Madhya Pradesh,16th Lok Sabha,25.0,25.0,25.0,,,,4.67,0,0.0,0,0.0,0,0.1868,0,0.0,0,0.406,8.1,Low,Compliant within operational parameters
Bhagirath Prasad,False,BHIND(SC),Madhya Pradesh,16th Lok Sabha,25.0,25.0,25.0,,,,3.21,0,0.0,0,0.0,0,0.1284,0,0.0,0,0.385,7.7,Low,Compliant within operational parameters
Sumitra Mahajan (Tai),False,INDORE,Madhya Pradesh,16th Lok Sabha,25.0,25.0,25.0,,,,0.99,0,0.0,0,0.0,0,0.039599999999999996,0,0.0,0,0.383,7.7,Low,Compliant within operational parameters
Virendra Kumar,False,TIKAMGARH(SC),Madhya Pradesh,16th Lok Sabha,25.0,25.0,25.0,,,,2.14,0,0.0,0,0.0,0,0.08560000000000001,0,0.0,0,0.387,7.7,Low,Compliant within operational parameters
Anoop Mishra,False,MORENA,Madhya Pradesh,16th Lok Sabha,25.0,25.0,25.0,,,,2.57,0,0.0,0,0.0,0,0.10279999999999999,0,0.0,0,0.379,7.6,Low,Compliant within operational parameters
Bodh Singh Bhagat,False,BALAGHAT,Madhya Pradesh,16th Lok Sabha,25.0,25.0,25.0,,,,0.33,0,0.0,0,0.0,0,0.0132,0,0.0,0,0.377,7.5,Low,Compliant within operational parameters
Dileep Singh Bhuria,False,RATLAM(ST),Madhya Pradesh,16th Lok Sabha,5.0,5.0,5.0,,,,0.81,0,0.0,0,0.0,0,0.162,0,0.0,0,0.398,8.0,Low,Compliant within operational parameters
Jyotiraditya Madhavrao Scindia,False,GUNA,Madhya Pradesh,16th Lok Sabha,25.0,25.0,25.0,,,,4.97,0,0.0,0,0.0,0,0.19879999999999998,0,0.0,0,0.41,8.2,Low,Compliant within operational parameters
Faggan Singh Kulaste,False,MANDLA(ST),Madhya Pradesh,16th Lok Sabha,25.0,25.0,25.0,,,,3.83,0,0.0,0,0.0,0,0.1532,0,0.0,0,0.388,7.8,Low,Compliant within operational parameters
Gyan Singh,False,SHAHDOL (ST),Madhya Pradesh,16th Lok Sabha,12.5,12.5,12.5,,,,3.8,0,0.0,0,0.0,0,0.304,0,0.0,0,0.504,10.1,Low,Compliant within operational parameters
Dalpat Singh Paraste,False,SHAHDOL (ST),Madhya Pradesh,16th Lok Sabha,12.5,12.5,12.5,,,,2.73,0,0.0,0,0.0,0,0.2184,0,0.0,0,0.421,8.4,Low,Compliant within operational parameters
Ganesh Singh,False,SATNA,Madhya Pradesh,16th Lok Sabha,25.0,25.0,25.0,,,,0.41,0,0.0,0,0.0,0,0.016399999999999998,0,0.0,0,0.379,7.6,Low,Compliant within operational parameters
Laxmi Narayan Yadav,False,SAGAR,Madhya Pradesh,16th Lok Sabha,25.0,25.0,25.0,,,,0.58,0,0.0,0,0.0,0,0.0232,0,0.0,0,0.382,7.6,Low,Compliant within operational parameters
Kantilal Bhuria,False,RATLAM(ST),Madhya Pradesh,16th Lok Sabha,20.0,17.5,17.5,,,,0.59,0,0.0,0,0.0,0,0.03371428571428571,0,0.0,0,0.386,7.7,Low,Compliant within operational parameters
Janardan Mishra,False,REWA,Madhya Pradesh,16th Lok Sabha,25.0,25.0,25.0,,,,5.93,0,0.0,0,0.0,0,0.2372,0,0.0,0,0.429,8.6,Low,Compliant within operational parameters
Kamal Kamal Nath,False,CHHINDWARA,Madhya Pradesh,16th Lok Sabha,25.0,25.0,25.0,,,,0.61,0,0.0,0,0.0,0,0.024399999999999998,0,0.0,0,0.383,7.7,Low,Compliant within operational parameters
Nand Kumar Singh Chauhan,False,KHANDWA,Madhya Pradesh,16th Lok Sabha,25.0,25.0,25.0,,,,4.05,0,0.0,0,0.0,0,0.162,0,0.0,0,0.398,8.0,Low,Compliant within operational parameters
Prahlad Singh Patel,False,DAMOH,Madhya Pradesh,16th Lok Sabha,25.0,25.0,25.0,,,,1.88,0,0.0,0,0.0,0,0.07519999999999999,0,0.0,0,0.386,7.7,Low,Compliant within operational parameters
Nagendra Singh,False,KHAJURAHO,Madhya Pradesh,16th Lok Sabha,25.0,25.0,25.0,,,,3.88,0,0.0,0,0.0,0,0.1552,0,0.0,0,0.392,7.8,Low,Compliant within operational parameters
Manhor Untwal,False,DEWAS(SC),Madhya Pradesh,16th Lok Sabha,25.0,25.0,25.0,,,,0.47,0,0.0,0,0.0,0,0.018799999999999997,0,0.0,0,0.379,7.6,Low,Compliant within operational parameters
Rodmal Nagar,False,RAJGARH,Madhya Pradesh,16th Lok Sabha,25.0,25.0,25.0,,,,0.15,0,0.0,0,0.0,0,0.006,0,0.0,0,0.375,7.5,Low,Compliant within operational parameters
Narendra Singh Tomar,False,GWALIOR,Madhya Pradesh,16th Lok Sabha,25.0,22.5,22.5,,,,1.69,0,0.0,0,0.0,0,0.07511111111111111,0,0.0,0,0.386,7.7,Low,Compliant within operational parameters
Sudheer Gupta,False,MANDSOUR,Madhya Pradesh,16th Lok Sabha,25.0,25.0,25.0,,,,0.77,0,0.0,0,0.0,0,0.0308,0,0.0,0,0.379,7.6,Low,Compliant within operational parameters
Rakesh Singh,False,JABALPUR,Madhya Pradesh,16th Lok Sabha,25.0,25.0,25.0,,,,0.79,0,0.0,0,0.0,0,0.0316,0,0.0,0,0.383,7.7,Low,Compliant within operational parameters
Uday Pratap Singh,False,HOSHANGABAD,Madhya Pradesh,16th Lok Sabha,25.0,25.0,25.0,,,,1.6,0,0.0,0,0.0,0,0.064,0,0.0,0,0.39,7.8,Low,Compliant within operational parameters
Jyoti Dhurve,False,BETUL(ST),Madhya Pradesh,16th Lok Sabha,25.0,22.5,22.5,,,,1.46,0,0.0,0,0.0,0,0.06488888888888888,0,0.0,0,0.39,7.8,Low,Compliant within operational parameters
Subhash Patel,False,KHARGONE(ST),Madhya Pradesh,16th Lok Sabha,25.0,25.0,25.0,,,,0.0,0,0.0,0,0.0,0,0.0,0,0.0,0,0.345,6.9,Low,Compliant within operational parameters
Riti Pathak,False,SIDHI,Madhya Pradesh,16th Lok Sabha,25.0,25.0,25.0,,,,3.09,0,0.0,0,0.0,0,0.12359999999999999,0,0.0,0,0.385,7.7,Low,Compliant within operational parameters
Savitri Thakur,False,DHAR(ST),Madhya Pradesh,16th Lok Sabha,25.0,25.0,25.0,,,,0.59,0,0.0,0,0.0,0,0.0236,0,0.0,0,0.382,7.6,Low,Compliant within operational parameters
Sushma Swaraj,False,VIDISHA,Madhya Pradesh,16th Lok Sabha,25.0,25.0,25.0,,,,3.44,0,0.0,0,0.0,0,0.1376,0,0.0,0,0.383,7.7,Low,Compliant within operational parameters
Subhash Ramrao Bhamre,False,DHULE,Maharashtra,16th Lok Sabha,25.0,22.5,22.5,,,,2.81,0,0.0,0,0.0,0,0.1248888888888889,0,0.0,0,0.385,7.7,Low,Compliant within operational parameters
Kirit Somaiya,False,MUMBAI NORTH EAST,Maharashtra,16th Lok Sabha,25.0,25.0,25.0,,,,0.5,0,0.0,0,0.0,0,0.02,0,0.0,0,0.378,7.6,Low,Compliant within operational parameters
Ravindra Vishwanath Gaikwad,False,OSMANABAD,Maharashtra,16th Lok Sabha,25.0,25.0,25.0,,,,2.57,0,0.0,0,0.0,0,0.10279999999999999,0,0.0,0,0.379,7.6,Low,Compliant within operational parameters
Heena Vijaykumar Gavit,False,NANDURBAR(ST),Maharashtra,16th Lok Sabha,25.0,22.5,22.5,,,,0.02,0,0.0,0,0.0,0,0.0008888888888888889,0,0.0,0,0.362,7.2,Low,Compliant within operational parameters
Shrikant Eknath Shinde,False,KALYAN,Maharashtra,16th Lok Sabha,25.0,22.5,22.5,,,,0.0,0,0.0,0,0.0,0,0.0,0,0.0,0,0.345,6.9,Low,Compliant within operational parameters
Bhavana Gawali (Patil),False,YAVATMAL-WASHIM,Maharashtra,16th Lok Sabha,25.0,22.5,22.5,,,,5.38,0,0.0,0,0.0,0,0.2391111111111111,0,0.0,0,0.431,8.6,Low,Compliant within operational parameters
A.T. (Nana) Patil,False,JALGAON,Maharashtra,16th Lok Sabha,25.0,25.0,25.0,,,,3.53,0,0.0,0,0.0,0,0.1412,0,0.0,0,0.384,7.7,Low,Compliant within operational parameters
Anant Gangaram Geete,False,RAIGAD,Maharashtra,16th Lok Sabha,25.0,25.0,25.0,,,,1.84,0,0.0,0,0.0,0,0.0736,0,0.0,0,0.386,7.7,Low,Compliant within operational parameters
Anandrao Adsul,False,AMRAVATI(SC),Maharashtra,16th Lok Sabha,25.0,22.5,22.5,,,,2.12,0,0.0,0,0.0,0,0.09422222222222222,0,0.0,0,0.386,7.7,Low,Compliant within operational parameters
Pritam Gopinath Munde,False,BEED,Maharashtra,16th Lok Sabha,25.0,17.5,17.5,,,,0.19,0,0.0,0,0.0,0,0.010857142857142857,0,0.0,0,0.378,7.6,Low,Compliant within operational parameters
Sunil Baliram Gaikwad,False,LATUR(SC),Maharashtra,16th Lok Sabha,25.0,22.5,22.5,,,,2.54,0,0.0,0,0.0,0,0.11288888888888889,0,0.0,0,0.383,7.7,Low,Compliant within operational parameters
Ashok Mahadeorao Nete,False,GADCHIROLI-CHIMUR(ST),Maharashtra,16th Lok Sabha,25.0,22.5,22.5,,,,0.11,0,0.0,0,0.0,0,0.004888888888888889,0,0.0,0,0.375,7.5,Low,Compliant within operational parameters
Arvind Ganpat Sawant,False,MUMBAI SOUTH,Maharashtra,16th Lok Sabha,25.0,25.0,25.0,,,,2.56,0,0.0,0,0.0,0,0.1024,0,0.0,0,0.38,7.6,Low,Compliant within operational parameters
Ashok Shankarrao Chavan,False,NANDED,Maharashtra,16th Lok Sabha,25.0,22.5,22.5,,,,2.66,0,0.0,0,0.0,0,0.11822222222222223,0,0.0,0,0.387,7.7,Low,Compliant within operational parameters
Chandrakant Bhaurao Khaire,False,AURANGABAD,Maharashtra,16th Lok Sabha,25.0,25.0,25.0,,,,4.29,0,0.0,0,0.0,0,0.1716,0,0.0,0,0.407,8.1,Low,Compliant within operational parameters
Gajanan Chandrakant Kirtikar,False,MUMBAI NORTH WEST,Maharashtra,16th Lok Sabha,25.0,22.5,22.5,,,,3.36,0,0.0,0,0.0,0,0.14933333333333332,0,0.0,0,0.385,7.7,Low,Compliant within operational parameters
Chandu Barne Shrirang,False,MAVAL,Maharashtra,16th Lok Sabha,25.0,25.0,25.0,,,,2.92,0,0.0,0,0.0,0,0.1168,0,0.0,0,0.388,7.8,Low,Compliant within operational parameters
Anil Shirole,False,PUNE,Maharashtra,16th Lok Sabha,25.0,22.5,22.5,,,,0.07,0,0.0,0,0.0,0,0.0031111111111111114,0,0.0,0,0.367,7.3,Low,Compliant within operational parameters
Chintaman Navsha Wanaga,False,PALGHAR(ST),Maharashtra,16th Lok Sabha,20.0,17.5,17.5,,,,2.6,0,0.0,0,0.0,0,0.14857142857142858,0,0.0,0,0.386,7.7,Low,Compliant within operational parameters
Harishchandra Deoram Chavan,False,DINDORI(ST),Maharashtra,16th Lok Sabha,25.0,22.5,22.5,,,,0.05,0,0.0,0,0.0,0,0.0022222222222222222,0,0.0,0,0.366,7.3,Low,Compliant within operational parameters
Dhananjay Bhimrao Mahadik,False,KOLHAPUR,Maharashtra,16th Lok Sabha,25.0,22.5,22.5,,,,2.48,0,0.0,0,0.0,0,0.11022222222222222,0,0.0,0,0.381,7.6,Low,Compliant within operational parameters
Hansraj Gangaram Ahir,False,CHANDRAPUR,Maharashtra,16th Lok Sabha,25.0,25.0,25.0,,,,3.34,0,0.0,0,0.0,0,0.1336,0,0.0,0,0.385,7.7,Low,Compliant within operational parameters
Hemant Tukaram Godse,False,NASHIK,Maharashtra,16th Lok Sabha,25.0,22.5,22.5,,,,0.48,0,0.0,0,0.0,0,0.021333333333333333,0,0.0,0,0.379,7.6,Low,Compliant within operational parameters
Gopal Chinayya Shetty,False,MUMBAI NORTH,Maharashtra,16th Lok Sabha,25.0,22.5,22.5,,,,0.49,0,0.0,0,0.0,0,0.021777777777777778,0,0.0,0,0.378,7.6,Low,Compliant within operational parameters
Dilip Kumar Mansukhlal Gandhi,False,AHMEDNAGAR,Maharashtra,16th Lok Sabha,25.0,22.5,22.5,,,,0.45,0,0.0,0,0.0,0,0.02,0,0.0,0,0.378,7.6,Low,Compliant within operational parameters
Kapil Moreshwar Patil,False,BHIWANDI,Maharashtra,16th Lok Sabha,25.0,22.5,22.5,,,,0.0,0,0.0,0,0.0,0,0.0,0,0.0,0,0.345,6.9,Low,Compliant within operational parameters
Krupal Balaji Tumane,False,RAMTEK(SC),Maharashtra,16th Lok Sabha,25.0,22.5,22.5,,,,3.23,0,0.0,0,0.0,0,0.14355555555555555,0,0.0,0,0.386,7.7,Low,Compliant within operational parameters
Rajendra Dhedya Gavit,False,PALGHAR(ST),Maharashtra,16th Lok Sabha,5.0,5.0,5.0,,,,0.64,0,0.0,0,0.0,0,0.128,0,0.0,0,0.385,7.7,Low,Compliant within operational parameters
Prataprao Ganpatrao Jadhav,False,BULDHANA,Maharashtra,16th Lok Sabha,25.0,25.0,25.0,,,,2.51,0,0.0,0,0.0,0,0.10039999999999999,0,0.0,0,0.379,7.6,Low,Compliant within operational parameters
Rajeev Shankarrao Satav,False,HINGOLI,Maharashtra,16th Lok Sabha,25.0,22.5,22.5,,,,0.65,0,0.0,0,0.0,0,0.02888888888888889,0,0.0,0,0.379,7.6,Low,Compliant within operational parameters
Madhukarrao Yashwantrao Kukde,False,BHANDARA-GONDIYA,Maharashtra,16th Lok Sabha,5.0,5.0,5.0,,,,3.53,0,0.0,0,0.0,0,0.706,1,0.0,0,0.662,33.2,Low,High idle/unspent balance (>50%); Peer distribution outlier (Isolation Forest)
Nanabhau Falgunrao Patole,False,BHANDARA-GONDIYA,Maharashtra,16th Lok Sabha,17.5,17.5,17.5,,,,17.5,0,0.0,0,0.0,0,1.0,1,0.0,0,0.703,34.1,Low,High idle/unspent balance (>50%); Peer distribution outlier (Isolation Forest)
Nitin Jairam Gadkari,False,NAGPUR,Maharashtra,16th Lok Sabha,25.0,22.5,22.5,,,,2.9,0,0.0,0,0.0,0,0.1288888888888889,0,0.0,0,0.386,7.7,Low,Compliant within operational parameters
Rahul Ramesh Shewale,False,MUMBAI SOUTH CENTRAL,Maharashtra,16th Lok Sabha,25.0,22.5,22.5,,,,2.55,0,0.0,0,0.0,0,0.11333333333333333,0,0.0,0,0.384,7.7,Low,Compliant within operational parameters
Sanjay(Kaka) Ramchandra Patil,False,SANGLI,Maharashtra,16th Lok Sabha,25.0,22.5,22.5,,,,1.56,0,0.0,0,0.0,0,0.06933333333333333,0,0.0,0,0.389,7.8,Low,Compliant within operational parameters
Ramdas Chandrabhanji Tadas,False,WARDHA,Maharashtra,16th Lok Sabha,25.0,25.0,25.0,,,,4.14,0,0.0,0,0.0,0,0.1656,0,0.0,0,0.401,8.0,Low,Compliant within operational parameters
Raju Alias Devappa Anna Shetti,False,HATKANANGLE,Maharashtra,16th Lok Sabha,25.0,25.0,25.0,,,,2.48,0,0.0,0,0.0,0,0.0992,0,0.0,0,0.378,7.6,Low,Compliant within operational parameters
Raosaheb Patil Danve,False,JALNA,Maharashtra,16th Lok Sabha,25.0,22.5,22.5,,,,5.18,0,0.0,0,0.0,0,0.23022222222222222,0,0.0,0,0.429,8.6,Low,Compliant within operational parameters
Sanjay Shamrao Dhotre,False,AKOLA,Maharashtra,16th Lok Sabha,25.0,22.5,22.5,,,,2.51,0,0.0,0,0.0,0,0.11155555555555555,0,0.0,0,0.383,7.7,Low,Compliant within operational parameters
Rajan Baburao Vichare,False,THANE,Maharashtra,16th Lok Sabha,25.0,22.5,22.5,,,,0.04,0,0.0,0,0.0,0,0.0017777777777777779,0,0.0,0,0.368,7.4,Low,Compliant within operational parameters
Sanjay Haribhau Jadhav,False,PARBHANI,Maharashtra,16th Lok Sabha,25.0,25.0,25.0,,,,2.37,0,0.0,0,0.0,0,0.09480000000000001,0,0.0,0,0.385,7.7,Low,Compliant within operational parameters
Shivaji Adhalrao Patil,False,SHIRUR,Maharashtra,16th Lok Sabha,25.0,22.5,22.5,,,,2.53,0,0.0,0,0.0,0,0.11244444444444443,0,0.0,0,0.383,7.7,Low,Compliant within operational parameters
Udayanraje Pratapsingh Bhonsle,False,SATARA,Maharashtra,16th Lok Sabha,25.0,22.5,22.5,,,,5.01,0,0.0,0,0.0,0,0.22266666666666665,0,0.0,0,0.421,8.4,Low,Compliant within operational parameters
Vijaysinh Mohite Patil,False,MADHA,Maharashtra,16th Lok Sabha,25.0,22.5,22.5,,,,5.3,0,0.0,0,0.0,0,0.23555555555555555,0,0.0,0,0.427,8.5,Low,Compliant within operational parameters
Sadashiv Kisan Lokhande,False,SHIRDI(SC),Maharashtra,16th Lok Sabha,25.0,22.5,22.5,,,,0.0,0,0.0,0,0.0,0,0.0,0,0.0,0,0.345,6.9,Low,Compliant within operational parameters
Sharad Bansode,False,SOLAPUR(SC),Maharashtra,16th Lok Sabha,25.0,22.5,22.5,,,,5.02,0,0.0,0,0.0,0,0.2231111111111111,0,0.0,0,0.426,8.5,Low,Compliant within operational parameters
Supriya Sadanand Sule,False,BARAMATI,Maharashtra,16th Lok Sabha,25.0,22.5,22.5,,,,5.01,0,0.0,0,0.0,0,0.22266666666666665,0,0.0,0,0.421,8.4,Low,Compliant within operational parameters
Poonam Mahajan,False,MUMBAI NORTH-CENTRAL,Maharashtra,16th Lok Sabha,25.0,25.0,25.0,,,,0.42,0,0.0,0,0.0,0,0.0168,0,0.0,0,0.378,7.6,Low,Compliant within operational parameters
Raksha Nikhil Khadse,False,RAVER,Maharashtra,16th Lok Sabha,25.0,25.0,25.0,,,,2.51,0,0.0,0,0.0,0,0.10039999999999999,0,0.0,0,0.379,7.6,Low,Compliant within operational parameters
Vinayak Bhaurao Raut,False,RATNAGIRI-SINDHUDURG,Maharashtra,16th Lok Sabha,25.0,22.5,22.5,,,,2.56,0,0.0,0,0.0,0,0.11377777777777778,0,0.0,0,0.386,7.7,Low,Compliant within operational parameters
Thokchom Meinya,False,INNER MANIPUR,Manipur,16th Lok Sabha,25.0,25.0,25.0,,,,0.27,0,0.0,0,0.0,0,0.0108,0,0.0,0,0.378,7.6,Low,Compliant within operational parameters
Thangso Baite,False,OUTER MANIPUR(ST),Manipur,16th Lok Sabha,25.0,25.0,25.0,,,,0.77,0,0.0,0,0.0,0,0.0308,0,0.0,0,0.379,7.6,Low,Compliant within operational parameters
Conrad Kongkal Sangma,False,TURA,Meghalaya,16th Lok Sabha,15.0,12.5,12.5,,,,0.92,0,0.0,0,0.0,0,0.0736,0,0.0,0,0.386,7.7,Low,Compliant within operational parameters
Purno Agitok Sangma,False,TURA,Meghalaya,16th Lok Sabha,10.0,10.0,10.0,,,,0.13,0,0.0,0,0.0,0,0.013000000000000001,0,0.0,0,0.378,7.6,Low,Compliant within operational parameters
Vincent H Pala,False,SHILLONG,Meghalaya,16th Lok Sabha,25.0,25.0,25.0,,,,3.06,0,0.0,0,0.0,0,0.12240000000000001,0,0.0,0,0.387,7.7,Low,Compliant within operational parameters
C. L. Ruala,False,MIZORAM (ST),Mizoram,16th Lok Sabha,25.0,25.0,25.0,,,,0.18,0,0.0,0,0.0,0,0.0072,0,0.0,0,0.377,7.5,Low,Compliant within operational parameters
Neiphiu Rio,False,NAGALAND,Nagaland,16th Lok Sabha,20.0,20.0,20.0,,,,0.0,0,0.0,0,0.0,0,0.0,0,0.0,0,0.345,6.9,Low,Compliant within operational parameters
Tokheho,False,NAGALAND,Nagaland,16th Lok Sabha,5.0,5.0,5.0,,,,0.02,0,0.0,0,0.0,0,0.004,0,0.0,0,0.372,7.4,Low,Compliant within operational parameters
(Dr.) Richard Hay,False,CENTRAL1,Nominated,16th Lok Sabha,17.5,17.5,17.5,,,,2.58,0,0.0,0,0.0,0,0.14742857142857144,0,0.0,0,0.386,7.7,Low,Compliant within operational parameters
George Baker,False,CENTRAL2,Nominated,16th Lok Sabha,17.5,17.5,17.5,,,,3.78,0,0.0,0,0.0,0,0.216,0,0.0,0,0.421,8.4,Low,Compliant within operational parameters
Kulamani Samal,False,JAGATSINGHPUR(SC),Odisha,16th Lok Sabha,25.0,25.0,25.0,,,,1.14,0,0.0,0,0.0,0,0.045599999999999995,0,0.0,0,0.388,7.8,Low,Compliant within operational parameters
Prabhas Kumar Singh,False,BARGARH,Odisha,16th Lok Sabha,25.0,25.0,25.0,,,,0.57,0,0.0,0,0.0,0,0.022799999999999997,0,0.0,0,0.381,7.6,Low,Compliant within operational parameters
"Baijayant ""Jay"" Panda",False,KENDRAPARA,Odisha,16th Lok Sabha,22.5,17.5,17.5,,,,1.88,0,0.0,0,0.0,0,0.10742857142857143,0,0.0,0,0.381,7.6,Low,Compliant within operational parameters
Arjun Charan Sethi,False,BHADRAK(SC),Odisha,16th Lok Sabha,25.0,25.0,25.0,,,,2.88,0,0.0,0,0.0,0,0.1152,0,0.0,0,0.386,7.7,Low,Compliant within operational parameters
Bhartruhari Mahtab,False,CUTTACK,Odisha,16th Lok Sabha,25.0,22.5,22.5,,,,2.71,0,0.0,0,0.0,0,0.12044444444444444,0,0.0,0,0.387,7.7,Low,Compliant within operational parameters
Arka Keshari Deo,False,KALAHANDI,Odisha,16th Lok Sabha,25.0,25.0,25.0,,,,4.17,0,0.0,0,0.0,0,0.1668,0,0.0,0,0.403,8.1,Low,Compliant within operational parameters
Balabhadra Majhi,False,NABARANGPUR(ST),Odisha,16th Lok Sabha,25.0,25.0,25.0,,,,3.89,0,0.0,0,0.0,0,0.15560000000000002,0,0.0,0,0.392,7.8,Low,Compliant within operational parameters
Jual Oram,False,SUNDARGARH (ST),Odisha,16th Lok Sabha,25.0,25.0,25.0,,,,4.68,0,0.0,0,0.0,0,0.18719999999999998,0,0.0,0,0.406,8.1,Low,Compliant within operational parameters
Jhina Hikaka,False,KORAPUT(ST),Odisha,16th Lok Sabha,25.0,12.5,12.5,,,,5.49,0,0.0,0,0.0,0,0.43920000000000003,0,0.0,0,0.594,11.9,Low,Compliant within operational parameters
Kalikesh Narayan Singh Deo,False,BOLANGIR,Odisha,16th Lok Sabha,25.0,25.0,25.0,,,,4.81,0,0.0,0,0.0,0,0.1924,0,0.0,0,0.407,8.1,Low,Compliant within operational parameters
Hemendra Chandra Singh,False,KANDHAMAL,Odisha,16th Lok Sabha,,,,,,,0.0,0,0.0,0,0.0,0,0.0,0,0.0,0,0.345,6.9,Low,Compliant within operational parameters
Nagendra Kumar Pradhan,False,SAMBALPUR,Odisha,16th Lok Sabha,25.0,17.5,17.5,,,,0.02,0,0.0,0,0.0,0,0.001142857142857143,0,0.0,0,0.366,7.3,Low,Compliant within operational parameters
Rabindra Kumar Jena,False,BALASORE,Odisha,16th Lok Sabha,25.0,25.0,25.0,,,,4.3,0,0.0,0,0.0,0,0.172,0,0.0,0,0.407,8.1,Low,Compliant within operational parameters
Ladu Kishore Swain,False,ASKA,Odisha,16th Lok Sabha,25.0,22.5,22.5,,,,3.47,0,0.0,0,0.0,0,0.15422222222222223,0,0.0,0,0.389,7.8,Low,Compliant within operational parameters
Pinaki Misra,False,PURI,Odisha,16th Lok Sabha,25.0,25.0,25.0,,,,3.27,0,0.0,0,0.0,0,0.1308,0,0.0,0,0.385,7.7,Low,Compliant within operational parameters
Rama Chandra Hansdah,False,MAYURBHANJ (ST),Odisha,16th Lok Sabha,25.0,25.0,25.0,,,,3.84,0,0.0,0,0.0,0,0.1536,0,0.0,0,0.388,7.8,Low,Compliant within operational parameters
Prasanna Kumar Patasani,False,BHUBANESWAR,Odisha,16th Lok Sabha,25.0,25.0,25.0,,,,4.96,0,0.0,0,0.0,0,0.1984,0,0.0,0,0.407,8.1,Low,Compliant within operational parameters
Tathagata Satpathy,False,DHENKANAL,Odisha,16th Lok Sabha,25.0,22.5,22.5,,,,2.16,0,0.0,0,0.0,0,0.096,0,0.0,0,0.384,7.7,Low,Compliant within operational parameters
Pratyusha Rajeshwari Singh,False,KANDHAMAL,Odisha,16th Lok Sabha,25.0,22.5,22.5,,,,4.27,0,0.0,0,0.0,0,0.18977777777777777,0,0.0,0,0.407,8.1,Low,Compliant within operational parameters
Sidhant Mohapatra,False,BERHAMPUR,Odisha,16th Lok Sabha,25.0,22.5,22.5,,,,3.06,0,0.0,0,0.0,0,0.136,0,0.0,0,0.383,7.7,Low,Compliant within operational parameters
Sakuntala Laguri,False,KEONJHAR(ST),Odisha,16th Lok Sabha,25.0,25.0,25.0,,,,2.88,0,0.0,0,0.0,0,0.1152,0,0.0,0,0.386,7.7,Low,Compliant within operational parameters
Rita Tarai,False,JAJPUR(SC),Odisha,16th Lok Sabha,25.0,22.5,22.5,,,,3.77,0,0.0,0,0.0,0,0.16755555555555557,0,0.0,0,0.404,8.1,Low,Compliant within operational parameters
R. Radhakrishnan,False,PONDICHERRY,Puducherry,16th Lok Sabha,25.0,25.0,25.0,,,,3.78,0,0.0,0,0.0,0,0.1512,0,0.0,0,0.385,7.7,Low,Compliant within operational parameters
Sadhu Singh,False,FARIDKOT(SC),Punjab,16th Lok Sabha,25.0,25.0,25.0,,,,3.09,0,0.0,0,0.0,0,0.12359999999999999,0,0.0,0,0.385,7.7,Low,Compliant within operational parameters
Amarinder Singh,False,AMRITSAR,Punjab,16th Lok Sabha,15.0,15.0,15.0,,,,2.42,0,0.0,0,0.0,0,0.16133333333333333,0,0.0,0,0.398,8.0,Low,Compliant within operational parameters
Dharam Vira Gandhi,False,PATIALA,Punjab,16th Lok Sabha,25.0,25.0,25.0,,,,0.77,0,0.0,0,0.0,0,0.0308,0,0.0,0,0.379,7.6,Low,Compliant within operational parameters
Bhagwant Mann,False,SANGRUR,Punjab,16th Lok Sabha,25.0,25.0,25.0,,,,1.31,0,0.0,0,0.0,0,0.0524,0,0.0,0,0.39,7.8,Low,Compliant within operational parameters
Gurjeet Singh Aujla,False,AMRITSAR,Punjab,16th Lok Sabha,10.0,10.0,10.0,,,,4.34,0,0.0,0,0.0,0,0.434,0,0.0,0,0.587,11.7,Low,Compliant within operational parameters
Harinder Singh Khalsa,False,FATEHGARH SAHIB(SC),Punjab,16th Lok Sabha,25.0,25.0,25.0,,,,2.9,0,0.0,0,0.0,0,0.11599999999999999,0,0.0,0,0.387,7.7,Low,Compliant within operational parameters
Prem Singh Chandumajra,False,ANANDPUR SAHIB,Punjab,16th Lok Sabha,25.0,25.0,25.0,,,,1.38,0,0.0,0,0.0,0,0.0552,0,0.0,0,0.39,7.8,Low,Compliant within operational parameters
Santokh Singh Chaudhary,False,JALANDHAR(SC),Punjab,16th Lok Sabha,25.0,25.0,25.0,,,,1.35,0,0.0,0,0.0,0,0.054000000000000006,0,0.0,0,0.389,7.8,Low,Compliant within operational parameters
Ranjit Singh Brahmpura,False,KHADOOR SAHIB,Punjab,16th Lok Sabha,25.0,25.0,25.0,,,,1.55,0,0.0,0,0.0,0,0.062,0,0.0,0,0.391,7.8,Low,Compliant within operational parameters
Ravneet Singh,False,LUDHIANA,Punjab,16th Lok Sabha,25.0,25.0,25.0,,,,2.0,0,0.0,0,0.0,0,0.08,0,0.0,0,0.388,7.8,Low,Compliant within operational parameters
Sher Singh Ghubaya,False,FIROZPUR,Punjab,16th Lok Sabha,25.0,25.0,25.0,,,,0.36,0,0.0,0,0.0,0,0.0144,0,0.0,0,0.379,7.6,Low,Compliant within operational parameters
Vijay Sampla,False,HOSHIARPUR(SC),Punjab,16th Lok Sabha,25.0,22.5,22.5,,,,0.33,0,0.0,0,0.0,0,0.014666666666666668,0,0.0,0,0.38,7.6,Low,Compliant within operational parameters
Harsimrat Kaur Badal,False,BHATINDA,Punjab,16th Lok Sabha,25.0,25.0,25.0,,,,1.76,0,0.0,0,0.0,0,0.0704,0,0.0,0,0.386,7.7,Low,Compliant within operational parameters
Sunil Kumar Jakhar,False,GURDASPUR,Punjab,16th Lok Sabha,15.0,12.5,12.5,,,,2.94,0,0.0,0,0.0,0,0.2352,0,0.0,0,0.428,8.6,Low,Compliant within operational parameters
Vinod Khanna,False,GURDASPUR,Punjab,16th Lok Sabha,10.0,10.0,10.0,,,,3.85,0,0.0,0,0.0,0,0.385,0,0.0,0,0.554,11.1,Low,Compliant within operational parameters
Rajyavardhan Singh Rathore,False,JAIPUR RURAL,Rajasthan,16th Lok Sabha,25.0,22.5,22.5,,,,5.03,0,0.0,0,0.0,0,0.22355555555555556,0,0.0,0,0.428,8.6,Low,Compliant within operational parameters
Sona Ram Choudhary,False,BARMER,Rajasthan,16th Lok Sabha,25.0,17.5,17.5,,,,0.67,0,0.0,0,0.0,0,0.03828571428571429,0,0.0,0,0.382,7.6,Low,Compliant within operational parameters
Karan Singh Yadav,False,ALWAR,Rajasthan,16th Lok Sabha,20.0,17.5,17.5,,,,17.64,0,0.0,0,0.0,0,1.008,1,0.0,0,0.704,34.1,Low,High idle/unspent balance (>50%); Peer distribution outlier (Isolation Forest)
Arjunlal Meena,False,UDAIPUR(ST),Rajasthan,16th Lok Sabha,25.0,25.0,25.0,,,,2.54,0,0.0,0,0.0,0,0.1016,0,0.0,0,0.38,7.6,Low,Compliant within operational parameters
Bahadur Singh Koli,False,BHARATPUR(SC),Rajasthan,16th Lok Sabha,25.0,25.0,25.0,,,,3.97,0,0.0,0,0.0,0,0.1588,0,0.0,0,0.394,7.9,Low,Compliant within operational parameters
Manoj Rajoria,False,KARAULI-DHOLPUR(SC),Rajasthan,16th Lok Sabha,25.0,22.5,22.5,,,,0.68,0,0.0,0,0.0,0,0.030222222222222223,0,0.0,0,0.379,7.6,Low,Compliant within operational parameters
(Shri) Raghu Sharma,False,AJMER,Rajasthan,16th Lok Sabha,5.0,5.0,5.0,,,,3.73,0,0.0,0,0.0,0,0.746,1,0.0,0,0.674,33.5,Low,High idle/unspent balance (>50%); Peer distribution outlier (Isolation Forest)
Chandra Prakash Joshi,False,CHITTORGARH,Rajasthan,16th Lok Sabha,25.0,25.0,25.0,,,,2.01,0,0.0,0,0.0,0,0.08039999999999999,0,0.0,0,0.388,7.8,Low,Compliant within operational parameters
C.R. Chaudhary,False,NAGAUR,Rajasthan,16th Lok Sabha,25.0,22.5,22.5,,,,0.16,0,0.0,0,0.0,0,0.0071111111111111115,0,0.0,0,0.377,7.5,Low,Compliant within operational parameters
Dushyant Singh,False,JHALAWAR-BARAN,Rajasthan,16th Lok Sabha,25.0,22.5,22.5,,,,0.29,0,0.0,0,0.0,0,0.012888888888888887,0,0.0,0,0.379,7.6,Low,Compliant within operational parameters
Arjun Ram Meghwal,False,BIKANER(SC),Rajasthan,16th Lok Sabha,25.0,25.0,25.0,,,,3.31,0,0.0,0,0.0,0,0.1324,0,0.0,0,0.385,7.7,Low,Compliant within operational parameters
Hariom Singh Rathore,False,RAJSAMAND,Rajasthan,16th Lok Sabha,25.0,22.5,22.5,,,,2.58,0,0.0,0,0.0,0,0.11466666666666667,0,0.0,0,0.386,7.7,Low,Compliant within operational parameters
Harish Chandra Meena,False,DAUSA(ST),Rajasthan,16th Lok Sabha,25.0,22.5,22.5,,,,1.96,0,0.0,0,0.0,0,0.08711111111111111,0,0.0,0,0.385,7.7,Low,Compliant within operational parameters
Chand Nath,False,ALWAR,Rajasthan,16th Lok Sabha,2.5,2.5,2.5,,,,2.63,0,0.0,0,0.0,0,1.052,1,0.0,0,0.704,34.1,Low,High idle/unspent balance (>50%); Peer distribution outlier (Isolation Forest)
Devji Mansingram Patel,False,JALORE,Rajasthan,16th Lok Sabha,25.0,20.0,20.0,,,,0.77,0,0.0,0,0.0,0,0.0385,0,0.0,0,0.383,7.7,Low,Compliant within operational parameters
Gajendra Singh Shekhawat,False,JODHPUR,Rajasthan,16th Lok Sabha,25.0,20.0,20.0,,,,2.0,0,0.0,0,0.0,0,0.1,0,0.0,0,0.378,7.6,Low,Compliant within operational parameters
Manshankar Ninama,False,BANSWARA(ST),Rajasthan,16th Lok Sabha,25.0,25.0,25.0,,,,3.44,0,0.0,0,0.0,0,0.1376,0,0.0,0,0.383,7.7,Low,Compliant within operational parameters
Nihal Chand Chauhan,False,GANGANAGAR(SC),Rajasthan,16th Lok Sabha,25.0,25.0,25.0,,,,0.75,0,0.0,0,0.0,0,0.03,0,0.0,0,0.379,7.6,Low,Compliant within operational parameters
P.P. Chaudhary,False,PALI,Rajasthan,16th Lok Sabha,25.0,25.0,25.0,,,,2.24,0,0.0,0,0.0,0,0.08960000000000001,0,0.0,0,0.385,7.7,Low,Compliant within operational parameters
Om Birla,False,KOTA,Rajasthan,16th Lok Sabha,25.0,20.0,20.0,,,,2.64,0,0.0,0,0.0,0,0.132,0,0.0,0,0.385,7.7,Low,Compliant within operational parameters
Rahul Kaswan,False,CHURU,Rajasthan,16th Lok Sabha,25.0,25.0,25.0,,,,3.44,0,0.0,0,0.0,0,0.1376,0,0.0,0,0.383,7.7,Low,Compliant within operational parameters
Sanwar Lal Jat,False,AJMER,Rajasthan,16th Lok Sabha,20.0,20.0,20.0,,,,2.65,0,0.0,0,0.0,0,0.1325,0,0.0,0,0.385,7.7,Low,Compliant within operational parameters
Sukhbir Singh Jaunpuria,False,TONK-SAWAI MADHOPUR,Rajasthan,16th Lok Sabha,25.0,25.0,25.0,,,,4.46,0,0.0,0,0.0,0,0.1784,0,0.0,0,0.407,8.1,Low,Compliant within operational parameters
Ramcharan Bohara,False,JAIPUR,Rajasthan,16th Lok Sabha,25.0,17.5,17.5,,,,3.24,0,0.0,0,0.0,0,0.18514285714285716,0,0.0,0,0.404,8.1,Low,Compliant within operational parameters
Subhash Chandra Baheria,False,BHILWARA,Rajasthan,16th Lok Sabha,25.0,22.5,22.5,,,,5.04,0,0.0,0,0.0,0,0.224,0,0.0,0,0.428,8.6,Low,Compliant within operational parameters
Sumedhanand Saraswati,False,SIKAR,Rajasthan,16th Lok Sabha,25.0,25.0,25.0,,,,3.94,0,0.0,0,0.0,0,0.1576,0,0.0,0,0.393,7.9,Low,Compliant within operational parameters
Santosh Ahlawat,False,JHUNJHUNU,Rajasthan,16th Lok Sabha,27.5,25.0,25.0,,,,0.07,0,0.0,0,0.0,0,0.0028000000000000004,0,0.0,0,0.367,7.3,Low,Compliant within operational parameters
Prem Das Rai,False,SIKKIM,Sikkim,16th Lok Sabha,25.0,25.0,25.0,,,,0.95,0,0.0,0,0.0,0,0.038,0,0.0,0,0.382,7.6,Low,Compliant within operational parameters
K. Kamaraaj,False,KALLAKURICHI,Tamil Nadu,16th Lok Sabha,25.0,25.0,25.0,,,,2.51,0,0.0,0,0.0,0,0.10039999999999999,0,0.0,0,0.379,7.6,Low,Compliant within operational parameters
Munisamy Thambidurai,False,KARUR,Tamil Nadu,16th Lok Sabha,25.0,22.5,22.5,,,,0.72,0,0.0,0,0.0,0,0.032,0,0.0,0,0.385,7.7,Low,Compliant within operational parameters
A. Arunmozhithevan,False,CUDDALORE,Tamil Nadu,16th Lok Sabha,25.0,25.0,25.0,,,,0.39,0,0.0,0,0.0,0,0.015600000000000001,0,0.0,0,0.382,7.6,Low,Compliant within operational parameters
Ponnusamy Venugopal,False,TIRUVALLUR(SC),Tamil Nadu,16th Lok Sabha,25.0,22.5,22.5,,,,0.16,0,0.0,0,0.0,0,0.0071111111111111115,0,0.0,0,0.377,7.5,Low,Compliant within operational parameters
Anbumani Ramadoss,False,DHARAMAPURI,Tamil Nadu,16th Lok Sabha,25.0,25.0,25.0,,,,2.59,0,0.0,0,0.0,0,0.1036,0,0.0,0,0.38,7.6,Low,Compliant within operational parameters
K. Gopal,False,NAGAPATTINAM(SC),Tamil Nadu,16th Lok Sabha,25.0,25.0,25.0,,,,0.16,0,0.0,0,0.0,0,0.0064,0,0.0,0,0.376,7.5,Low,Compliant within operational parameters
Jayakumar Jayavardhan,False,CHENNAI SOUTH,Tamil Nadu,16th Lok Sabha,25.0,22.5,22.5,,,,0.06,0,0.0,0,0.0,0,0.0026666666666666666,0,0.0,0,0.366,7.3,Low,Compliant within operational parameters
C. Mahendran,False,POLLACHI,Tamil Nadu,16th Lok Sabha,25.0,25.0,25.0,,,,2.73,0,0.0,0,0.0,0,0.1092,0,0.0,0,0.381,7.6,Low,Compliant within operational parameters
Elumalai Vellaigounder,False,ARANI,Tamil Nadu,16th Lok Sabha,25.0,25.0,25.0,,,,2.92,0,0.0,0,0.0,0,0.1168,0,0.0,0,0.388,7.8,Low,Compliant within operational parameters
Balasubramaniam Senguttuvan,False,VELLORE,Tamil Nadu,16th Lok Sabha,25.0,25.0,25.0,,,,2.54,0,0.0,0,0.0,0,0.1016,0,0.0,0,0.38,7.6,Low,Compliant within operational parameters
Gopalakrishnan Chinnaraj,False,NILGIRIS(SC),Tamil Nadu,16th Lok Sabha,25.0,22.5,22.5,,,,0.48,0,0.0,0,0.0,0,0.021333333333333333,0,0.0,0,0.379,7.6,Low,Compliant within operational parameters
Anwhar Raajhaa,False,RAMANATHAPURAM,Tamil Nadu,16th Lok Sabha,25.0,25.0,25.0,,,,1.0,0,0.0,0,0.0,0,0.04,0,0.0,0,0.383,7.7,Low,Compliant within operational parameters
G. Hari,False,ARAKKONAM,Tamil Nadu,16th Lok Sabha,25.0,25.0,25.0,,,,2.53,0,0.0,0,0.0,0,0.1012,0,0.0,0,0.38,7.6,Low,Compliant within operational parameters
J. Jayasingh Thiyagaraj Natterjee,False,THOOTHUKKUDI,Tamil Nadu,16th Lok Sabha,25.0,25.0,25.0,,,,2.88,0,0.0,0,0.0,0,0.1152,0,0.0,0,0.386,7.7,Low,Compliant within operational parameters
K. Ashok Kumar,False,KRISHNAGIRI,Tamil Nadu,16th Lok Sabha,25.0,25.0,25.0,,,,2.46,0,0.0,0,0.0,0,0.0984,0,0.0,0,0.379,7.6,Low,Compliant within operational parameters
Krishnan Narayanasamy Ramachandran,False,SRIPERUMBUDUR,Tamil Nadu,16th Lok Sabha,30.0,30.0,30.0,,,,3.13,0,0.0,0,0.0,0,0.10433333333333333,0,0.0,0,0.379,7.6,Low,Compliant within operational parameters
K.R.P. Prabakaran,False,TIRUNELVELI,Tamil Nadu,16th Lok Sabha,25.0,25.0,25.0,,,,0.63,0,0.0,0,0.0,0,0.0252,0,0.0,0,0.382,7.6,Low,Compliant within operational parameters
M. Chandrakasi,False,CHIDAMBARAM(SC),Tamil Nadu,16th Lok Sabha,25.0,25.0,25.0,,,,0.1,0,0.0,0,0.0,0,0.004,0,0.0,0,0.372,7.4,Low,Compliant within operational parameters
R.K. Bharathi Mohan,False,MAYILADUTHURAI,Tamil Nadu,16th Lok Sabha,25.0,25.0,25.0,,,,2.54,0,0.0,0,0.0,0,0.1016,0,0.0,0,0.38,7.6,Low,Compliant within operational parameters
Pon Radhakrishnan,False,KANNIYAKUMARI,Tamil Nadu,16th Lok Sabha,25.0,22.5,22.5,,,,0.46,0,0.0,0,0.0,0,0.020444444444444446,0,0.0,0,0.379,7.6,Low,Compliant within operational parameters
R. Parthipan,False,THENI,Tamil Nadu,16th Lok Sabha,25.0,25.0,25.0,,,,3.1,0,0.0,0,0.0,0,0.124,0,0.0,0,0.384,7.7,Low,Compliant within operational parameters
Nagarajan P.,False,COIMBATORE,Tamil Nadu,16th Lok Sabha,25.0,25.0,25.0,,,,1.2,0,0.0,0,0.0,0,0.048,0,0.0,0,0.387,7.7,Low,Compliant within operational parameters
P. Kumar,False,TIRUCHIRAPPALLI,Tamil Nadu,16th Lok Sabha,25.0,25.0,25.0,,,,1.42,0,0.0,0,0.0,0,0.056799999999999996,0,0.0,0,0.388,7.8,Low,Compliant within operational parameters
Parasuraman K.,False,THANJAVUR,Tamil Nadu,16th Lok Sabha,25.0,25.0,25.0,,,,1.62,0,0.0,0,0.0,0,0.06480000000000001,0,0.0,0,0.39,7.8,Low,Compliant within operational parameters
P.R. Sundaram,False,NAMAKKAL,Tamil Nadu,16th Lok Sabha,25.0,25.0,25.0,,,,0.13,0,0.0,0,0.0,0,0.0052,0,0.0,0,0.374,7.5,Low,Compliant within operational parameters
Pr. Senthilnathan,False,SIVAGANGA,Tamil Nadu,16th Lok Sabha,25.0,25.0,25.0,,,,0.05,0,0.0,0,0.0,0,0.002,0,0.0,0,0.368,7.4,Low,Compliant within operational parameters
M. Udhayakumar,False,DINDIGUL,Tamil Nadu,16th Lok Sabha,25.0,25.0,25.0,,,,0.5,0,0.0,0,0.0,0,0.02,0,0.0,0,0.378,7.6,Low,Compliant within operational parameters
S. Rajendran,False,VILUPPURAM(SC),Tamil Nadu,16th Lok Sabha,25.0,25.0,25.0,,,,2.56,0,0.0,0,0.0,0,0.1024,0,0.0,0,0.38,7.6,Low,Compliant within operational parameters
S.Selvakumara Chinnayan,False,ERODE,Tamil Nadu,16th Lok Sabha,25.0,25.0,25.0,,,,0.4,0,0.0,0,0.0,0,0.016,0,0.0,0,0.38,7.6,Low,Compliant within operational parameters
R. Gopalakrishnan,False,MADURAI,Tamil Nadu,16th Lok Sabha,25.0,25.0,25.0,,,,0.65,0,0.0,0,0.0,0,0.026000000000000002,0,0.0,0,0.383,7.7,Low,Compliant within operational parameters
R.P. Marutharajaa,False,PERAMBALUR,Tamil Nadu,16th Lok Sabha,25.0,25.0,25.0,,,,0.46,0,0.0,0,0.0,0,0.0184,0,0.0,0,0.379,7.6,Low,Compliant within operational parameters
T.G. Venkatesh Babu,False,CHENNAI NORTH,Tamil Nadu,16th Lok Sabha,32.5,30.0,30.0,,,,3.49,0,0.0,0,0.0,0,0.11633333333333334,0,0.0,0,0.388,7.8,Low,Compliant within operational parameters
R. Vanaroja,False,TIRUVANNAMALAI,Tamil Nadu,16th Lok Sabha,25.0,25.0,25.0,,,,0.4,0,0.0,0,0.0,0,0.016,0,0.0,0,0.38,7.6,Low,Compliant within operational parameters
T. Radhakrishnan,False,VIRUDHUNAGAR,Tamil Nadu,16th Lok Sabha,25.0,25.0,25.0,,,,1.12,0,0.0,0,0.0,0,0.044800000000000006,0,0.0,0,0.389,7.8,Low,Compliant within operational parameters
K. Maragatham,False,KANCHEEPURAM(SC),Tamil Nadu,16th Lok Sabha,25.0,25.0,25.0,,,,2.9,0,0.0,0,0.0,0,0.11599999999999999,0,0.0,0,0.387,7.7,Low,Compliant within operational parameters
Vasanthi M.,False,TENKASI(SC),Tamil Nadu,16th Lok Sabha,25.0,25.0,25.0,,,,0.63,0,0.0,0,0.0,0,0.0252,0,0.0,0,0.382,7.6,Low,Compliant within operational parameters
V. Sathyabama,False,TIRUPPUR,Tamil Nadu,16th Lok Sabha,25.0,25.0,25.0,,,,0.76,0,0.0,0,0.0,0,0.0304,0,0.0,0,0.379,7.6,Low,Compliant within operational parameters
Vijay Kumar S.R.,False,CHENNAI CENTRAL,Tamil Nadu,16th Lok Sabha,25.0,25.0,25.0,,,,0.32,0,0.0,0,0.0,0,0.0128,0,0.0,0,0.379,7.6,Low,Compliant within operational parameters
V. Panneer Selvam,False,SALEM,Tamil Nadu,16th Lok Sabha,25.0,25.0,25.0,,,,1.2,0,0.0,0,0.0,0,0.048,0,0.0,0,0.387,7.7,Low,Compliant within operational parameters
Boora Narsaiah Goud,False,BHONGIR,Telangana,16th Lok Sabha,25.0,22.5,22.5,,,,2.93,0,0.0,0,0.0,0,0.13022222222222224,0,0.0,0,0.386,7.7,Low,Compliant within operational parameters
Seetaram Ajmeera Naik,False,MAHABUBABAD,Telangana,16th Lok Sabha,25.0,22.5,22.5,,,,5.0,0,0.0,0,0.0,0,0.2222222222222222,0,0.0,0,0.421,8.4,Low,Compliant within operational parameters
A.P. Jithender Reddy,False,MAHABUBNAGAR,Telangana,16th Lok Sabha,25.0,22.5,22.5,,,,2.5,0,0.0,0,0.0,0,0.1111111111111111,0,0.0,0,0.382,7.6,Low,Compliant within operational parameters
Dayakar Pasunoori,False,WARANGEL(SC),Telangana,16th Lok Sabha,20.0,17.5,17.5,,,,0.74,0,0.0,0,0.0,0,0.04228571428571429,0,0.0,0,0.386,7.7,Low,Compliant within operational parameters
Bandaru Dattatreya,False,SECUNDERABAD,Telangana,16th Lok Sabha,25.0,22.5,22.5,,,,2.74,0,0.0,0,0.0,0,0.12177777777777779,0,0.0,0,0.387,7.7,Low,Compliant within operational parameters
Ch. Malla Reddy,False,MALKAJGIRI,Telangana,16th Lok Sabha,25.0,17.5,17.5,,,,2.39,0,0.0,0,0.0,0,0.13657142857142857,0,0.0,0,0.384,7.7,Low,Compliant within operational parameters
Asaduddin Owaisi,False,HYDERABAD,Telangana,16th Lok Sabha,25.0,22.5,22.5,,,,5.18,0,0.0,0,0.0,0,0.23022222222222222,0,0.0,0,0.429,8.6,Low,Compliant within operational parameters
Bheemrao Baswanthrao Patil,False,ZAHIRABAD,Telangana,16th Lok Sabha,25.0,22.5,22.5,,,,5.28,0,0.0,0,0.0,0,0.2346666666666667,0,0.0,0,0.428,8.6,Low,Compliant within operational parameters
Nagesh Godam,False,ADILABAD(ST),Telangana,16th Lok Sabha,25.0,22.5,22.5,,,,5.02,0,0.0,0,0.0,0,0.2231111111111111,0,0.0,0,0.426,8.5,Low,Compliant within operational parameters
Nandi Yellaiah,False,NAGARKURNOOL(SC),Telangana,16th Lok Sabha,25.0,25.0,25.0,,,,2.52,0,0.0,0,0.0,0,0.1008,0,0.0,0,0.38,7.6,Low,Compliant within operational parameters
Konda Vishweshwar Reddy,False,CHELVELLA,Telangana,16th Lok Sabha,25.0,22.5,22.5,,,,4.92,0,0.0,0,0.0,0,0.21866666666666668,0,0.0,0,0.422,8.4,Low,Compliant within operational parameters
Ponguleti Srinivasa Reddy,False,KHAMMAM,Telangana,16th Lok Sabha,25.0,22.5,22.5,,,,5.02,0,0.0,0,0.0,0,0.2231111111111111,0,0.0,0,0.426,8.5,Low,Compliant within operational parameters
Kotha Prabhakar Reddy,False,MEDAK,Telangana,16th Lok Sabha,25.0,22.5,22.5,,,,5.07,0,0.0,0,0.0,0,0.22533333333333336,0,0.0,0,0.427,8.5,Low,Compliant within operational parameters
Balka Suman Suman,False,PEDDAPALLE,Telangana,16th Lok Sabha,25.0,12.5,12.5,,,,0.0,0,0.0,0,0.0,0,0.0,0,0.0,0,0.345,6.9,Low,Compliant within operational parameters
Srihari Kadiyam,False,WARANGEL(SC),Telangana,16th Lok Sabha,5.0,5.0,5.0,,,,0.0,0,0.0,0,0.0,0,0.0,0,0.0,0,0.345,6.9,Low,Compliant within operational parameters
Sukender Reddy Gutha,False,NALGONDA,Telangana,16th Lok Sabha,25.0,25.0,25.0,,,,1.27,0,0.0,0,0.0,0,0.0508,0,0.0,0,0.387,7.7,Low,Compliant within operational parameters
Vinod Kumar Boianapalli,False,KARIMNAGAR,Telangana,16th Lok Sabha,25.0,22.5,22.5,,,,5.0,0,0.0,0,0.0,0,0.2222222222222222,0,0.0,0,0.421,8.4,Low,Compliant within operational parameters
Kavitha Kalvakuntla,False,NIZAMABAD,Telangana,16th Lok Sabha,25.0,22.5,22.5,,,,0.03,0,0.0,0,0.0,0,0.0013333333333333333,0,0.0,0,0.367,7.3,Low,Compliant within operational parameters
Jitendra Chaudhury,False,TRIPURA EAST(ST),Tripura,16th Lok Sabha,37.5,20.0,20.0,,,,5.11,0,0.0,0,0.0,0,0.2555,0,0.0,0,0.443,8.9,Low,Compliant within operational parameters
Sankar Prasad Datta,False,TRIPURA WEST,Tripura,16th Lok Sabha,25.0,22.5,22.5,,,,5.0,0,0.0,0,0.0,0,0.2222222222222222,0,0.0,0,0.421,8.4,Low,Compliant within operational parameters
Begum Tabassum Hasan,False,KAIRANA,Uttar Pradesh,16th Lok Sabha,5.0,2.5,2.5,,,,0.36,0,0.0,0,0.0,0,0.144,0,0.0,0,0.386,7.7,Low,Compliant within operational parameters
Sakshi Swami Maharaj,False,UNNAO,Uttar Pradesh,16th Lok Sabha,25.0,17.5,17.5,,,,0.34,0,0.0,0,0.0,0,0.01942857142857143,0,0.0,0,0.378,7.6,Low,Compliant within operational parameters
Ram Shankar,False,AGRA(SC),Uttar Pradesh,16th Lok Sabha,25.0,25.0,25.0,,,,3.2,0,0.0,0,0.0,0,0.128,0,0.0,0,0.385,7.7,Low,Compliant within operational parameters
Sadhvi Savitri Bai Phoole,False,BAHRAICH(SC),Uttar Pradesh,16th Lok Sabha,25.0,12.5,12.5,,,,0.29,0,0.0,0,0.0,0,0.0232,0,0.0,0,0.382,7.6,Low,Compliant within operational parameters
Ashok Kumar Dohrey,False,ETAWAH(SC),Uttar Pradesh,16th Lok Sabha,25.0,22.5,22.5,,,,5.21,0,0.0,0,0.0,0,0.23155555555555554,0,0.0,0,0.429,8.6,Low,Compliant within operational parameters
Niranjan Jyoti,False,FATEHPUR,Uttar Pradesh,16th Lok Sabha,25.0,25.0,25.0,,,,2.54,0,0.0,0,0.0,0,0.1016,0,0.0,0,0.38,7.6,Low,Compliant within operational parameters
Vijay Kumar Singh,False,GHAZIABAD,Uttar Pradesh,16th Lok Sabha,25.0,25.0,25.0,,,,1.79,0,0.0,0,0.0,0,0.0716,0,0.0,0,0.385,7.7,Low,Compliant within operational parameters
Krishn Pratap Singh,False,JAUNPUR,Uttar Pradesh,16th Lok Sabha,25.0,25.0,25.0,,,,4.82,0,0.0,0,0.0,0,0.1928,0,0.0,0,0.407,8.1,Low,Compliant within operational parameters
Mahesh Sharma,False,GAUTAM BUDDHA NAGAR,Uttar Pradesh,16th Lok Sabha,25.0,25.0,25.0,,,,4.99,0,0.0,0,0.0,0,0.1996,0,0.0,0,0.411,8.2,Low,Compliant within operational parameters
Satya Pal Singh,False,BAGHPAT,Uttar Pradesh,16th Lok Sabha,25.0,25.0,25.0,,,,1.6,0,0.0,0,0.0,0,0.064,0,0.0,0,0.39,7.8,Low,Compliant within operational parameters
Yashwant Singh,False,NAGINA(SC),Uttar Pradesh,16th Lok Sabha,25.0,25.0,25.0,,,,0.45,0,0.0,0,0.0,0,0.018000000000000002,0,0.0,0,0.38,7.6,Low,Compliant within operational parameters
Anshul Verma,False,HARDOI (SC),Uttar Pradesh,16th Lok Sabha,25.0,22.5,22.5,,,,0.77,0,0.0,0,0.0,0,0.03422222222222222,0,0.0,0,0.384,7.7,Low,Compliant within operational parameters
Mahendra Nath Pandey,False,CHANDAULI,Uttar Pradesh,16th Lok Sabha,25.0,25.0,25.0,,,,3.14,0,0.0,0,0.0,0,0.12560000000000002,0,0.0,0,0.386,7.7,Low,Compliant within operational parameters
Murli Manohar Joshi,False,KANPUR,Uttar Pradesh,16th Lok Sabha,25.0,25.0,25.0,,,,0.0,0,0.0,0,0.0,0,0.0,0,0.0,0,0.345,6.9,Low,Compliant within operational parameters
Sanjeev Kumar Balyan,False,MUZAFFARNAGAR,Uttar Pradesh,16th Lok Sabha,25.0,25.0,25.0,,,,0.0,0,0.0,0,0.0,0,0.0,0,0.0,0,0.345,6.9,Low,Compliant within operational parameters
Babulal Chaudhary,False,FATEHPUR SIKRI,Uttar Pradesh,16th Lok Sabha,25.0,25.0,25.0,,,,2.78,0,0.0,0,0.0,0,0.1112,0,0.0,0,0.382,7.6,Low,Compliant within operational parameters
Uma Bharati,False,JHANSI,Uttar Pradesh,16th Lok Sabha,25.0,22.5,22.5,,,,4.28,0,0.0,0,0.0,0,0.19022222222222224,0,0.0,0,0.407,8.1,Low,Compliant within operational parameters
Nepal Singh,False,RAMPUR,Uttar Pradesh,16th Lok Sabha,25.0,25.0,25.0,,,,0.15,0,0.0,0,0.0,0,0.006,0,0.0,0,0.375,7.5,Low,Compliant within operational parameters
Kunwar Pushpendra Singh Chandel,False,HAMIRPUR,Uttar Pradesh,16th Lok Sabha,25.0,17.5,17.5,,,,4.43,0,0.0,0,0.0,0,0.2531428571428571,0,0.0,0,0.442,8.8,Low,Compliant within operational parameters
Devendra (Alias) Bhole Singh Singh,False,AKBARPUR,Uttar Pradesh,16th Lok Sabha,25.0,25.0,25.0,,,,0.0,0,0.0,0,0.0,0,0.0,0,0.0,0,0.345,6.9,Low,Compliant within operational parameters
Dharmendra Yadav,False,BADAUN,Uttar Pradesh,16th Lok Sabha,25.0,17.5,17.5,,,,5.42,0,0.0,0,0.0,0,0.3097142857142857,0,0.0,0,0.506,10.1,Low,Compliant within operational parameters
Akshay Yadav,False,FIROZABAD,Uttar Pradesh,16th Lok Sabha,25.0,25.0,25.0,,,,1.48,0,0.0,0,0.0,0,0.0592,0,0.0,0,0.391,7.8,Low,Compliant within operational parameters
Brijbhushan Sharan Singh,False,KAISERGANJ,Uttar Pradesh,16th Lok Sabha,22.5,22.5,22.5,,,,0.42,0,0.0,0,0.0,0,0.018666666666666665,0,0.0,0,0.379,7.6,Low,Compliant within operational parameters
Bhairon Prasad Mishra,False,BANDA,Uttar Pradesh,16th Lok Sabha,25.0,22.5,22.5,,,,2.05,0,0.0,0,0.0,0,0.0911111111111111,0,0.0,0,0.385,7.7,Low,Compliant within operational parameters
Bharat Singh,False,BALLIA,Uttar Pradesh,16th Lok Sabha,25.0,25.0,25.0,,,,4.28,0,0.0,0,0.0,0,0.17120000000000002,0,0.0,0,0.406,8.1,Low,Compliant within operational parameters
Chhote Lal,False,ROBERTSGANJ(SC),Uttar Pradesh,16th Lok Sabha,25.0,25.0,25.0,,,,0.03,0,0.0,0,0.0,0,0.0012,0,0.0,0,0.367,7.3,Low,Compliant within operational parameters
Feroze Varun Gandhi,False,SULTANPUR,Uttar Pradesh,16th Lok Sabha,25.0,25.0,25.0,,,,1.24,0,0.0,0,0.0,0,0.0496,0,0.0,0,0.386,7.7,Low,Compliant within operational parameters
Harish Dwivedi,False,BASTI,Uttar Pradesh,16th Lok Sabha,25.0,25.0,25.0,,,,0.23,0,0.0,0,0.0,0,0.0092,0,0.0,0,0.382,7.6,Low,Compliant within operational parameters
Ajay (Teni) Misra,False,KHERI,Uttar Pradesh,16th Lok Sabha,25.0,25.0,25.0,,,,0.16,0,0.0,0,0.0,0,0.0064,0,0.0,0,0.376,7.5,Low,Compliant within operational parameters
Bharatendra Singh,False,BIJNOR,Uttar Pradesh,16th Lok Sabha,25.0,25.0,25.0,,,,0.68,0,0.0,0,0.0,0,0.027200000000000002,0,0.0,0,0.382,7.6,Low,Compliant within operational parameters
Daddan Mishra,False,SHRAWASTI,Uttar Pradesh,16th Lok Sabha,25.0,25.0,25.0,,,,0.69,0,0.0,0,0.0,0,0.0276,0,0.0,0,0.382,7.6,Low,Compliant within operational parameters
Bhola Singh,False,BULANDSHAHR(SC),Uttar Pradesh,16th Lok Sabha,25.0,25.0,25.0,,,,0.6,0,0.0,0,0.0,0,0.024,0,0.0,0,0.382,7.6,Low,Compliant within operational parameters
Dharmendra Kumar,False,AONLA,Uttar Pradesh,16th Lok Sabha,25.0,22.5,22.5,,,,2.11,0,0.0,0,0.0,0,0.09377777777777777,0,0.0,0,0.386,7.7,Low,Compliant within operational parameters
Hari Narayan Rajbhar,False,GHOSI,Uttar Pradesh,16th Lok Sabha,25.0,25.0,25.0,,,,3.88,0,0.0,0,0.0,0,0.1552,0,0.0,0,0.392,7.8,Low,Compliant within operational parameters
Hukum Singh,False,KAIRANA,Uttar Pradesh,16th Lok Sabha,20.0,20.0,20.0,,,,4.86,0,0.0,0,0.0,0,0.24300000000000002,0,0.0,0,0.435,8.7,Low,Compliant within operational parameters
Bhanu Pratap Singh Verma,False,JALAUN(SC),Uttar Pradesh,16th Lok Sabha,25.0,17.5,17.5,,,,0.49,0,0.0,0,0.0,0,0.028,0,0.0,0,0.382,7.6,Low,Compliant within operational parameters
Hari Om Pandey,False,AMBEDKAR NAGAR,Uttar Pradesh,16th Lok Sabha,25.0,25.0,25.0,,,,0.49,0,0.0,0,0.0,0,0.0196,0,0.0,0,0.378,7.6,Low,Compliant within operational parameters
Kunwar Sarvesh Kumar,False,MORADABAD,Uttar Pradesh,16th Lok Sabha,25.0,25.0,25.0,,,,4.93,0,0.0,0,0.0,0,0.1972,0,0.0,0,0.408,8.2,Low,Compliant within operational parameters
Kamlesh Paswan,False,BANSGAON(SC),Uttar Pradesh,16th Lok Sabha,25.0,25.0,25.0,,,,2.66,0,0.0,0,0.0,0,0.10640000000000001,0,0.0,0,0.379,7.6,Low,Compliant within operational parameters
Jagdambika Pal,False,DOMARIYAGANJ,Uttar Pradesh,16th Lok Sabha,25.0,25.0,25.0,,,,0.1,0,0.0,0,0.0,0,0.004,0,0.0,0,0.372,7.4,Low,Compliant within operational parameters
Kalraj Mishra,False,DEORIA,Uttar Pradesh,16th Lok Sabha,25.0,22.5,22.5,,,,-0.31,1,0.0,0,0.0,0,-0.013777777777777778,0,0.0,0,0.42,38.4,Medium,Overspent beyond available funds
Mukesh Rajput,False,FARRUKHABAD,Uttar Pradesh,16th Lok Sabha,25.0,25.0,25.0,,,,2.15,0,0.0,0,0.0,0,0.086,0,0.0,0,0.385,7.7,Low,Compliant within operational parameters
Narendra Modi,False,VARANASI,Uttar Pradesh,16th Lok Sabha,25.0,22.5,22.5,,,,1.32,0,0.0,0,0.0,0,0.05866666666666667,0,0.0,0,0.39,7.8,Low,Compliant within operational parameters
Nagendra Pratap Singh Patel,False,PHULPUR,Uttar Pradesh,16th Lok Sabha,5.0,5.0,5.0,,,,4.27,0,0.0,0,0.0,0,0.8539999999999999,1,0.0,0,0.688,33.8,Low,High idle/unspent balance (>50%); Peer distribution outlier (Isolation Forest)
Kirti Vardhan Singh,False,GONDA,Uttar Pradesh,16th Lok Sabha,20.0,20.0,20.0,,,,1.02,0,0.0,0,0.0,0,0.051000000000000004,0,0.0,0,0.387,7.7,Low,Compliant within operational parameters
Mulayam Singh Yadav,False,AZAMGARH,Uttar Pradesh,16th Lok Sabha,25.0,25.0,25.0,,,,3.58,0,0.0,0,0.0,0,0.1432,0,0.0,0,0.385,7.7,Low,Compliant within operational parameters
Praveen Kumar Nishad,False,GORAKHPUR,Uttar Pradesh,16th Lok Sabha,5.0,5.0,5.0,,,,2.05,0,0.0,0,0.0,0,0.41,0,0.0,0,0.574,11.5,Low,Compliant within operational parameters
Rajesh Verma,False,SITAPUR,Uttar Pradesh,16th Lok Sabha,25.0,25.0,25.0,,,,0.05,0,0.0,0,0.0,0,0.002,0,0.0,0,0.368,7.4,Low,Compliant within operational parameters
Rahul Gandhi,False,AMETHI,Uttar Pradesh,16th Lok Sabha,25.0,22.5,22.5,,,,0.38,0,0.0,0,0.0,0,0.01688888888888889,0,0.0,0,0.379,7.6,Low,Compliant within operational parameters
Rajesh Pandey,False,KUSHI NAGAR,Uttar Pradesh,16th Lok Sabha,25.0,25.0,25.0,,,,3.52,0,0.0,0,0.0,0,0.1408,0,0.0,0,0.384,7.7,Low,Compliant within operational parameters
Kaushal Kishore,False,MOHANLALGANJ(SC),Uttar Pradesh,16th Lok Sabha,25.0,25.0,25.0,,,,4.17,0,0.0,0,0.0,0,0.1668,0,0.0,0,0.403,8.1,Low,Compliant within operational parameters
Raghav Lakhanpal,False,SAHARANPUR,Uttar Pradesh,16th Lok Sabha,25.0,25.0,25.0,,,,0.51,0,0.0,0,0.0,0,0.0204,0,0.0,0,0.379,7.6,Low,Compliant within operational parameters
Rajendra Agrawal,False,MEERUT,Uttar Pradesh,16th Lok Sabha,25.0,25.0,25.0,,,,0.73,0,0.0,0,0.0,0,0.0292,0,0.0,0,0.379,7.6,Low,Compliant within operational parameters
Rajveer (Raju Bhaiya) Singh,False,ETAH,Uttar Pradesh,16th Lok Sabha,25.0,25.0,25.0,,,,-0.19,1,0.0,0,0.0,0,-0.0076,0,0.0,0,0.393,37.9,Medium,Overspent beyond available funds
Kanwar Singh Tanwar,False,AMROHA,Uttar Pradesh,16th Lok Sabha,25.0,25.0,25.0,,,,0.98,0,0.0,0,0.0,0,0.0392,0,0.0,0,0.382,7.6,Low,Compliant within operational parameters
Keshav Prasad Maurya,False,PHULPUR,Uttar Pradesh,16th Lok Sabha,17.5,17.5,17.5,,,,5.3,0,0.0,0,0.0,0,0.3028571428571428,0,0.0,0,0.504,10.1,Low,Compliant within operational parameters
Kunwar Haribansh Singh,False,PRATAPGARH,Uttar Pradesh,16th Lok Sabha,25.0,25.0,25.0,,,,1.97,0,0.0,0,0.0,0,0.0788,0,0.0,0,0.387,7.7,Low,Compliant within operational parameters
Lallu Singh,False,FAIZABAD,Uttar Pradesh,16th Lok Sabha,25.0,25.0,25.0,,,,0.74,0,0.0,0,0.0,0,0.0296,0,0.0,0,0.38,7.6,Low,Compliant within operational parameters
Manoj Kumar Sinha,False,GHAZIPUR,Uttar Pradesh,16th Lok Sabha,25.0,25.0,25.0,,,,1.18,0,0.0,0,0.0,0,0.0472,0,0.0,0,0.388,7.8,Low,Compliant within operational parameters
Pankaj Chowdhary,False,MAHARAJGANJ,Uttar Pradesh,16th Lok Sabha,25.0,25.0,25.0,,,,4.92,0,0.0,0,0.0,0,0.1968,0,0.0,0,0.408,8.2,Low,Compliant within operational parameters
Sharad Tripathi,False,SANT KABIR NAGAR,Uttar Pradesh,16th Lok Sabha,25.0,25.0,25.0,,,,4.71,0,0.0,0,0.0,0,0.1884,0,0.0,0,0.405,8.1,Low,Compliant within operational parameters
Rajesh Kumar Diwakar,False,HATHRAS (SC),Uttar Pradesh,16th Lok Sabha,25.0,25.0,25.0,,,,2.95,0,0.0,0,0.0,0,0.11800000000000001,0,0.0,0,0.387,7.7,Low,Compliant within operational parameters
Rajnath Singh,False,LUCKNOW,Uttar Pradesh,16th Lok Sabha,25.0,25.0,25.0,,,,3.87,0,0.0,0,0.0,0,0.1548,0,0.0,0,0.391,7.8,Low,Compliant within operational parameters
Ram Charitra,False,MACHHLISHAHR(SC),Uttar Pradesh,16th Lok Sabha,25.0,25.0,25.0,,,,3.94,0,0.0,0,0.0,0,0.1576,0,0.0,0,0.393,7.9,Low,Compliant within operational parameters
Ravindra Kushawaha,False,SALEMPUR,Uttar Pradesh,16th Lok Sabha,25.0,25.0,25.0,,,,4.47,0,0.0,0,0.0,0,0.1788,0,0.0,0,0.407,8.1,Low,Compliant within operational parameters
Dimple Yadav,False,KANNAUJ,Uttar Pradesh,16th Lok Sabha,25.0,15.0,15.0,,,,2.73,0,0.0,0,0.0,0,0.182,0,0.0,0,0.406,8.1,Low,Compliant within operational parameters
Maneka Sanjay Gandhi,False,PILIBHIT,Uttar Pradesh,16th Lok Sabha,25.0,25.0,25.0,,,,0.49,0,0.0,0,0.0,0,0.0196,0,0.0,0,0.378,7.6,Low,Compliant within operational parameters
Virendra Singh,False,BHADOHI,Uttar Pradesh,16th Lok Sabha,25.0,25.0,25.0,,,,3.44,0,0.0,0,0.0,0,0.1376,0,0.0,0,0.383,7.7,Low,Compliant within operational parameters
Anupriya Patel,False,MIRZAPUR,Uttar Pradesh,16th Lok Sabha,25.0,25.0,25.0,,,,0.1,0,0.0,0,0.0,0,0.004,0,0.0,0,0.372,7.4,Low,Compliant within operational parameters
Santosh Kumar Gangwar,False,BAREILLY,Uttar Pradesh,16th Lok Sabha,25.0,22.5,22.5,,,,0.19,0,0.0,0,0.0,0,0.008444444444444445,0,0.0,0,0.381,7.6,Low,Compliant within operational parameters
Satish Kumar Gautam,False,ALIGARH,Uttar Pradesh,16th Lok Sabha,25.0,25.0,25.0,,,,0.07,0,0.0,0,0.0,0,0.0028000000000000004,0,0.0,0,0.367,7.3,Low,Compliant within operational parameters
Shyama Charan Gupta,False,ALLAHABAD,Uttar Pradesh,16th Lok Sabha,25.0,25.0,25.0,,,,4.92,0,0.0,0,0.0,0,0.1968,0,0.0,0,0.408,8.2,Low,Compliant within operational parameters
Rekha Arun Verma,False,DHAURAHRA,Uttar Pradesh,16th Lok Sabha,25.0,25.0,25.0,,,,0.41,0,0.0,0,0.0,0,0.016399999999999998,0,0.0,0,0.379,7.6,Low,Compliant within operational parameters
Tej Pratap Singh Yadav,False,MAINPURI,Uttar Pradesh,16th Lok Sabha,25.0,25.0,25.0,,,,1.03,0,0.0,0,0.0,0,0.0412,0,0.0,0,0.384,7.7,Low,Compliant within operational parameters
Neelam Sonker,False,LALGANJ (SC),Uttar Pradesh,16th Lok Sabha,25.0,25.0,25.0,,,,4.98,0,0.0,0,0.0,0,0.19920000000000002,0,0.0,0,0.411,8.2,Low,Compliant within operational parameters
Sonia Gandhi,False,RAE BARELI,Uttar Pradesh,16th Lok Sabha,25.0,22.5,22.5,,,,0.6,0,0.0,0,0.0,0,0.026666666666666665,0,0.0,0,0.382,7.6,Low,Compliant within operational parameters
Krishna Raj,False,SHAHJAHANPUR(SC),Uttar Pradesh,16th Lok Sabha,25.0,25.0,25.0,,,,4.41,0,0.0,0,0.0,0,0.1764,0,0.0,0,0.405,8.1,Low,Compliant within operational parameters
Anju Bala,False,MISRIKH(SC),Uttar Pradesh,16th Lok Sabha,25.0,25.0,25.0,,,,2.61,0,0.0,0,0.0,0,0.10439999999999999,0,0.0,0,0.379,7.6,Low,Compliant within operational parameters
Satya Pal Singh,False,SAMBHAL,Uttar Pradesh,16th Lok Sabha,25.0,25.0,25.0,,,,4.71,0,0.0,0,0.0,0,0.1884,0,0.0,0,0.405,8.1,Low,Compliant within operational parameters
Yogi Adityanath,False,GORAKHPUR,Uttar Pradesh,16th Lok Sabha,20.0,20.0,20.0,,,,2.57,0,0.0,0,0.0,0,0.1285,0,0.0,0,0.385,7.7,Low,Compliant within operational parameters
Vinod Kumar Sonkar,False,KAUSHAMBI(SC),Uttar Pradesh,16th Lok Sabha,25.0,25.0,25.0,,,,1.57,0,0.0,0,0.0,0,0.06280000000000001,0,0.0,0,0.391,7.8,Low,Compliant within operational parameters
Hema Malini,False,MATHURA,Uttar Pradesh,16th Lok Sabha,25.0,25.0,25.0,,,,2.08,0,0.0,0,0.0,0,0.0832,0,0.0,0,0.39,7.8,Low,Compliant within operational parameters
Priyanka Singh Rawat,False,BARABANKI(SC),Uttar Pradesh,16th Lok Sabha,25.0,22.5,22.5,,,,3.17,0,0.0,0,0.0,0,0.1408888888888889,0,0.0,0,0.384,7.7,Low,Compliant within operational parameters
Ramesh Pokhriyal Nishank,False,HARDWAR,Uttarakhand,16th Lok Sabha,25.0,25.0,25.0,,,,2.99,0,0.0,0,0.0,0,0.11960000000000001,0,0.0,0,0.388,7.8,Low,Compliant within operational parameters
Ajay Tamta,False,ALMORA(SC),Uttarakhand,16th Lok Sabha,25.0,15.0,15.0,,,,2.08,0,0.0,0,0.0,0,0.13866666666666666,0,0.0,0,0.383,7.7,Low,Compliant within operational parameters
Bhuwan Chandra Khanduri Avsm,False,GARHWAL,Uttarakhand,16th Lok Sabha,25.0,12.5,12.5,,,,5.46,0,0.0,0,0.0,0,0.4368,0,0.0,0,0.588,11.8,Low,Compliant within operational parameters
Bhagat Singh Koshyari,False,NAINITAL UDHAM SINGH NAG.,Uttarakhand,16th Lok Sabha,25.0,22.5,22.5,,,,0.48,0,0.0,0,0.0,0,0.021333333333333333,0,0.0,0,0.379,7.6,Low,Compliant within operational parameters
Mala Rajya Laxmi Shah,False,TEHRI GARHWAL,Uttarakhand,16th Lok Sabha,25.0,22.5,22.5,,,,0.33,0,0.0,0,0.0,0,0.014666666666666668,0,0.0,0,0.38,7.6,Low,Compliant within operational parameters
Arpita Ghosh,False,BALURGHAT,West Bengal,16th Lok Sabha,25.0,25.0,25.0,,,,0.21,0,0.0,0,0.0,0,0.0084,0,0.0,0,0.381,7.6,Low,Compliant within operational parameters
Saugata Roy,False,DUM DUM,West Bengal,16th Lok Sabha,25.0,25.0,25.0,,,,1.77,0,0.0,0,0.0,0,0.0708,0,0.0,0,0.386,7.7,Low,Compliant within operational parameters
(Smt.) Ratna De(Nag),False,HOOGHLY,West Bengal,16th Lok Sabha,25.0,25.0,25.0,,,,0.02,0,0.0,0,0.0,0,0.0008,0,0.0,0,0.36,7.2,Low,Compliant within operational parameters
Uma Saren,False,JHARGRAM(ST),West Bengal,16th Lok Sabha,25.0,10.0,10.0,,,,1.09,0,0.0,0,0.0,0,0.10900000000000001,0,0.0,0,0.381,7.6,Low,Compliant within operational parameters
Kapil Krishna Thakur,True,BANGAON(SC),West Bengal,16th Lok Sabha,2.5,2.5,2.5,,,,0.0,0,0.0,0,0.0,0,0.0,0,0.0,0,0.345,6.9,Low,Compliant within operational parameters
(Smt.) Kakoli Ghosh Dastidar,False,BARASAT,West Bengal,16th Lok Sabha,25.0,25.0,25.0,,,,0.6,0,0.0,0,0.0,0,0.024,0,0.0,0,0.382,7.6,Low,Compliant within operational parameters
Anupam Hazra,False,BOLPUR(SC),West Bengal,16th Lok Sabha,25.0,12.5,12.5,,,,2.63,0,0.0,0,0.0,0,0.2104,0,0.0,0,0.417,8.3,Low,Compliant within operational parameters
Tapas Mandal,False,RANAGHAT(SC),West Bengal,16th Lok Sabha,25.0,22.5,22.5,,,,0.85,0,0.0,0,0.0,0,0.03777777777777778,0,0.0,0,0.383,7.7,Low,Compliant within operational parameters
Abu Hasem Khan Choudhury,False,MALDAHA DAKSHIN,West Bengal,16th Lok Sabha,27.5,20.0,20.0,,,,2.89,0,0.0,0,0.0,0,0.14450000000000002,0,0.0,0,0.386,7.7,Low,Compliant within operational parameters
Adhir Ranjan Chowdhury,False,BAHARAMPUR,West Bengal,16th Lok Sabha,25.0,12.5,12.5,,,,2.96,0,0.0,0,0.0,0,0.2368,0,0.0,0,0.429,8.6,Low,Compliant within operational parameters
(Smt.) Mamtaz Sanghamita,False,BARDHAMAN-DURGAPUR,West Bengal,16th Lok Sabha,25.0,22.5,22.5,,,,3.21,0,0.0,0,0.0,0,0.14266666666666666,0,0.0,0,0.387,7.7,Low,Compliant within operational parameters
Mriganka Mahato,False,PURULIA,West Bengal,16th Lok Sabha,25.0,25.0,25.0,,,,0.09,0,0.0,0,0.0,0,0.0036,0,0.0,0,0.368,7.4,Low,Compliant within operational parameters
Abhishek Banerjee,False,DIAMOND HARBOUR,West Bengal,16th Lok Sabha,25.0,25.0,25.0,,,,3.85,0,0.0,0,0.0,0,0.154,0,0.0,0,0.388,7.8,Low,Compliant within operational parameters
Sugata Bose,False,JADAVPUR,West Bengal,16th Lok Sabha,27.5,20.0,20.0,,,,1.41,0,0.0,0,0.0,0,0.0705,0,0.0,0,0.386,7.7,Low,Compliant within operational parameters
Abhijit Mukherjee,False,JANGIPUR,West Bengal,16th Lok Sabha,25.0,12.5,12.5,,,,0.46,0,0.0,0,0.0,0,0.0368,0,0.0,0,0.383,7.7,Low,Compliant within operational parameters
Babul Supriya (Babul Supriyo) Baral,False,ASANSOL,West Bengal,16th Lok Sabha,25.0,20.0,20.0,,,,3.67,0,0.0,0,0.0,0,0.1835,0,0.0,0,0.405,8.1,Low,Compliant within operational parameters
Bijoy Chandra Barman,False,JALPAIGURI(SC),West Bengal,16th Lok Sabha,25.0,20.0,20.0,,,,1.38,0,0.0,0,0.0,0,0.06899999999999999,0,0.0,0,0.39,7.8,Low,Compliant within operational parameters
Choudhury Mohan Jatua,False,MATHURAPUR(SC),West Bengal,16th Lok Sabha,25.0,25.0,25.0,,,,1.92,0,0.0,0,0.0,0,0.0768,0,0.0,0,0.387,7.7,Low,Compliant within operational parameters
Dasrath Tirkey,False,ALIPURDUARS(ST),West Bengal,16th Lok Sabha,25.0,25.0,25.0,,,,1.23,0,0.0,0,0.0,0,0.0492,0,0.0,0,0.385,7.7,Low,Compliant within operational parameters
Deepak (Dev) Adhikari,False,GHATAL,West Bengal,16th Lok Sabha,25.0,20.0,20.0,,,,0.22,0,0.0,0,0.0,0,0.011,0,0.0,0,0.378,7.6,Low,Compliant within operational parameters
Dinesh Trivedi,False,BARRACKPUR,West Bengal,16th Lok Sabha,25.0,25.0,25.0,,,,0.2,0,0.0,0,0.0,0,0.008,0,0.0,0,0.382,7.6,Low,Compliant within operational parameters
Dibyendu Adhikari,False,TAMLUK,West Bengal,16th Lok Sabha,12.5,12.5,12.5,,,,0.0,0,0.0,0,0.0,0,0.0,0,0.0,0,0.345,6.9,Low,Compliant within operational parameters
Idris Ali,False,BASIRHAT,West Bengal,16th Lok Sabha,25.0,25.0,25.0,,,,0.16,0,0.0,0,0.0,0,0.0064,0,0.0,0,0.376,7.5,Low,Compliant within operational parameters
Kalyan Banerjee,False,SREERAMPUR,West Bengal,16th Lok Sabha,25.0,25.0,25.0,,,,0.0,0,0.0,0,0.0,0,0.0,0,0.0,0,0.345,6.9,Low,Compliant within operational parameters
Khan Saumitra,False,BISHNUPUR(SC),West Bengal,16th Lok Sabha,25.0,17.5,17.5,,,,1.02,0,0.0,0,0.0,0,0.05828571428571429,0,0.0,0,0.39,7.8,Low,Compliant within operational parameters
Mohammad Salim,False,RAIGANJ,West Bengal,16th Lok Sabha,25.0,20.0,20.0,,,,0.36,0,0.0,0,0.0,0,0.018,0,0.0,0,0.38,7.6,Low,Compliant within operational parameters
Md. Badaruddoza Khan,False,MURSHIDABAD,West Bengal,16th Lok Sabha,25.0,12.5,12.5,,,,1.22,0,0.0,0,0.0,0,0.09759999999999999,0,0.0,0,0.381,7.6,Low,Compliant within operational parameters
Partha Pratim Ray,False,COOCHBEHAR(SC),West Bengal,16th Lok Sabha,15.0,10.0,10.0,,,,0.41,0,0.0,0,0.0,0,0.040999999999999995,0,0.0,0,0.385,7.7,Low,Compliant within operational parameters
Prasun Banerjee,False,HOWRAH,West Bengal,16th Lok Sabha,25.0,25.0,25.0,,,,0.59,0,0.0,0,0.0,0,0.0236,0,0.0,0,0.382,7.6,Low,Compliant within operational parameters
Sultan Ahmed,False,ULUBERIA,West Bengal,16th Lok Sabha,17.5,17.5,17.5,,,,0.0,0,0.0,0,0.0,0,0.0,0,0.0,0,0.345,6.9,Low,Compliant within operational parameters
Sunil Kumar Mondal,False,BARDHAMAN PURBA(SC),West Bengal,16th Lok Sabha,25.0,25.0,25.0,,,,2.27,0,0.0,0,0.0,0,0.0908,0,0.0,0,0.385,7.7,Low,Compliant within operational parameters
Suvendu Adhikari,False,TAMLUK,West Bengal,16th Lok Sabha,12.5,12.5,12.5,,,,0.0,0,0.0,0,0.0,0,0.0,0,0.0,0,0.345,6.9,Low,Compliant within operational parameters
S.S. Ahluwalia,False,DARJEELING,West Bengal,16th Lok Sabha,25.0,10.0,10.0,,,,3.46,0,0.0,0,0.0,0,0.346,0,0.0,0,0.539,10.8,Low,Compliant within operational parameters
Sisir Kumar Adhikari,False,KANTHI,West Bengal,16th Lok Sabha,25.0,25.0,25.0,,,,0.0,0,0.0,0,0.0,0,0.0,0,0.0,0,0.345,6.9,Low,Compliant within operational parameters
Aparupa Poddar,False,ARAMBAG(SC),West Bengal,16th Lok Sabha,25.0,25.0,25.0,,,,0.0,0,0.0,0,0.0,0,0.0,0,0.0,0,0.345,6.9,Low,Compliant within operational parameters
Subrata Bakshi,False,KOLKATA DAKSHIN,West Bengal,16th Lok Sabha,25.0,25.0,25.0,,,,2.69,0,0.0,0,0.0,0,0.1076,0,0.0,0,0.381,7.6,Low,Compliant within operational parameters
Sajda Ahmed,False,ULUBERIA,West Bengal,16th Lok Sabha,7.5,7.5,7.5,,,,0.36,0,0.0,0,0.0,0,0.048,0,0.0,0,0.387,7.7,Low,Compliant within operational parameters
Sudip Bandyopadhyay,False,KOLKATA UTTAR,West Bengal,16th Lok Sabha,25.0,25.0,25.0,,,,2.73,0,0.0,0,0.0,0,0.1092,0,0.0,0,0.381,7.6,Low,Compliant within operational parameters
Dev (Moon Moon Sen) Varma,False,BANKURA,West Bengal,16th Lok Sabha,25.0,25.0,25.0,,,,0.83,0,0.0,0,0.0,0,0.0332,0,0.0,0,0.385,7.7,Low,Compliant within operational parameters
Mausam Noor,False,MALDAHA UTTAR,West Bengal,16th Lok Sabha,27.5,20.0,20.0,,,,0.64,0,0.0,0,0.0,0,0.032,0,0.0,0,0.385,7.7,Low,Compliant within operational parameters
Tapas Paul,False,KRISHNANAGAR,West Bengal,16th Lok Sabha,25.0,22.5,22.5,,,,0.42,0,0.0,0,0.0,0,0.018666666666666665,0,0.0,0,0.379,7.6,Low,Compliant within operational parameters
Sandhya Roy,False,MEDINIPUR,West Bengal,16th Lok Sabha,25.0,25.0,25.0,,,,0.32,0,0.0,0,0.0,0,0.0128,0,0.0,0,0.379,7.6,Low,Compliant within operational parameters
Pratima Mondal,False,JOYNAGAR(SC),West Bengal,16th Lok Sabha,25.0,25.0,25.0,,,,2.15,0,0.0,0,0.0,0,0.086,0,0.0,0,0.385,7.7,Low,Compliant within operational parameters
Renuka Sinha,False,COOCHBEHAR(SC),West Bengal,16th Lok Sabha,10.0,10.0,10.0,,,,0.42,0,0.0,0,0.0,0,0.041999999999999996,0,0.0,0,0.386,7.7,Low,Compliant within operational parameters
Satabdi Roy (Banerjee),False,BIRBHUM,West Bengal,16th Lok Sabha,25.0,25.0,25.0,,,,0.25,0,0.0,0,0.0,0,0.01,0,0.0,0,0.382,7.6,Low,Compliant within operational parameters
Mamata Thakur,False,BANGAON(SC),West Bengal,16th Lok Sabha,22.5,22.5,22.5,,,,0.49,0,0.0,0,0.0,0,0.021777777777777778,0,0.0,0,0.378,7.6,Low,Compliant within operational parameters
Bishnu Pada Ray,False,ANDAMAN & NICOBAR ISLANDS,A & N Islands,15th Lok Sabha,20.0,20.0,20.0,,,,0.77,0,0.0,0,0.0,0,0.0385,0,0.0,0,0.383,7.7,Low,Compliant within operational parameters
Asaduddin Owaisi,False,HYDERABAD,Andhra Pradesh,15th Lok Sabha,19.0,19.0,19.0,,,,0.0,0,0.0,0,0.0,0,0.0,0,0.0,0,0.345,6.9,Low,Compliant within operational parameters
Bapiraju Kanumuri,False,NARASAPURAM,Andhra Pradesh,15th Lok Sabha,21.5,19.0,19.0,,,,0.0,0,0.0,0,0.0,0,0.0,0,0.0,0,0.345,6.9,Low,Compliant within operational parameters
Aruna Kumar Vundavalli,False,RAJAHMUNDRY,Andhra Pradesh,15th Lok Sabha,19.0,19.0,19.0,,,,0.0,0,0.0,0,0.0,0,0.0,0,0.0,0,0.345,6.9,Low,Compliant within operational parameters
Panabaka Lakshmi,False,BAPATLA,Andhra Pradesh,15th Lok Sabha,19.0,19.0,19.0,,,,0.0,0,0.0,0,0.0,0,0.0,0,0.0,0,0.345,6.9,Low,Compliant within operational parameters
Chinta Mohan,False,TIRUPATI(SC),Andhra Pradesh,15th Lok Sabha,21.5,19.0,19.0,,,,0.0,0,0.0,0,0.0,0,0.0,0,0.0,0,0.345,6.9,Low,Compliant within operational parameters
Jhansi Lakshmi Botcha,False,VIZIANAGARAM,Andhra Pradesh,15th Lok Sabha,19.0,19.0,19.0,,,,0.0,0,0.0,0,0.0,0,0.0,0,0.0,0,0.345,6.9,Low,Compliant within operational parameters
Gaddam Vivekanand,False,PEDDAPALLE(SC),Andhra Pradesh,15th Lok Sabha,21.5,19.0,19.0,,,,0.0,0,0.0,0,0.0,0,0.0,0,0.0,0,0.345,6.9,Low,Compliant within operational parameters
Kruparani Killi,False,SRIKAKULAM,Andhra Pradesh,15th Lok Sabha,21.5,19.0,19.0,,,,0.0,0,0.0,0,0.0,0,0.0,0,0.0,0,0.345,6.9,Low,Compliant within operational parameters
Manda Jagannath,False,NAGARKURNOOL(SC),Andhra Pradesh,15th Lok Sabha,21.5,19.0,19.0,,,,0.0,0,0.0,0,0.0,0,0.0,0,0.0,0,0.345,6.9,Low,Compliant within operational parameters
Anantha Venkata Rami Reddy,False,ANANTAPUR,Andhra Pradesh,15th Lok Sabha,19.0,19.0,19.0,,,,0.0,0,0.0,0,0.0,0,0.0,0,0.0,0,0.345,6.9,Low,Compliant within operational parameters
M. Mangapatti Pallam Raju,False,KAKINADA,Andhra Pradesh,15th Lok Sabha,21.5,19.0,19.0,,,,0.0,0,0.0,0,0.0,0,0.0,0,0.0,0,0.345,6.9,Low,Compliant within operational parameters
Annayyagari Sai Prathap,False,RAJAMPET,Andhra Pradesh,15th Lok Sabha,19.0,19.0,19.0,,,,0.0,0,0.0,0,0.0,0,0.0,0,0.0,0,0.345,6.9,Low,Compliant within operational parameters
G.V . Harsha Kumar,False,AMALAPURAM(SC),Andhra Pradesh,15th Lok Sabha,21.5,19.0,19.0,,,,0.0,0,0.0,0,0.0,0,0.0,0,0.0,0,0.345,6.9,Low,Compliant within operational parameters
Jaipal Sudini Reddy,False,CHELVELLA,Andhra Pradesh,15th Lok Sabha,21.5,19.0,19.0,,,,0.0,0,0.0,0,0.0,0,0.0,0,0.0,0,0.345,6.9,Low,Compliant within operational parameters
K. K. Chandrasekhar Rao,False,MAHABUBNAGAR,Andhra Pradesh,15th Lok Sabha,21.5,19.0,19.0,,,,0.0,0,0.0,0,0.0,0,0.0,0,0.0,0,0.345,6.9,Low,Compliant within operational parameters
Komatireddy Raj Gopal Reddy,False,BHONGIR,Andhra Pradesh,15th Lok Sabha,21.5,19.0,19.0,,,,0.0,0,0.0,0,0.0,0,0.0,0,0.0,0,0.345,6.9,Low,Compliant within operational parameters
Kotla Jaya Surya Prakash Reddy,False,KURNOOL,Andhra Pradesh,15th Lok Sabha,21.5,19.0,19.0,,,,0.0,0,0.0,0,0.0,0,0.0,0,0.0,0,0.345,6.9,Low,Compliant within operational parameters
Kavuri Sambasiva Rao,False,ELURU,Andhra Pradesh,15th Lok Sabha,19.0,16.5,16.5,,,,0.0,0,0.0,0,0.0,0,0.0,0,0.0,0,0.345,6.9,Low,Compliant within operational parameters
Kristappa Nimmala,False,HINDUPUR,Andhra Pradesh,15th Lok Sabha,19.0,19.0,19.0,,,,0.0,0,0.0,0,0.0,0,0.0,0,0.0,0,0.345,6.9,Low,Compliant within operational parameters
Konakalla Narayana Rao,False,MACHILIPATNAM,Andhra Pradesh,15th Lok Sabha,21.5,16.5,16.5,,,,0.0,0,0.0,0,0.0,0,0.0,0,0.0,0,0.345,6.9,Low,Compliant within operational parameters
M. Anjan Kumar Yadav,False,SECUNDERABAD,Andhra Pradesh,15th Lok Sabha,21.5,19.0,19.0,,,,0.0,0,0.0,0,0.0,0,0.0,0,0.0,0,0.345,6.9,Low,Compliant within operational parameters
Madhu Goud Yaskhi,False,NIZAMABAD,Andhra Pradesh,15th Lok Sabha,21.5,19.0,19.0,,,,0.0,0,0.0,0,0.0,0,0.0,0,0.0,0,0.345,6.9,Low,Compliant within operational parameters
Mekapati Rajamohan Reddy,False,NELLORE(SC),Andhra Pradesh,15th Lok Sabha,21.5,19.0,19.0,,,,0.0,0,0.0,0,0.0,0,0.0,0,0.0,0,0.345,6.9,Low,Compliant within operational parameters
Modugula Venugopala Reddy,False,NARASARAOPET,Andhra Pradesh,15th Lok Sabha,21.5,19.0,19.0,,,,0.0,0,0.0,0,0.0,0,0.0,0,0.0,0,0.345,6.9,Low,Compliant within operational parameters
Porika Naik Balram,False,MAHABUBABAD(ST),Andhra Pradesh,15th Lok Sabha,19.0,19.0,19.0,,,,0.0,0,0.0,0,0.0,0,0.0,0,0.0,0,0.345,6.9,Low,Compliant within operational parameters
Rajagopal Lagadapati,False,VIJAYAWADA,Andhra Pradesh,15th Lok Sabha,16.5,16.5,16.5,,,,1.46,0,0.0,0,0.0,0,0.08848484848484849,0,0.0,0,0.385,7.7,Low,Compliant within operational parameters
Naramalli Sivaprasad,False,CHITTOOR,Andhra Pradesh,15th Lok Sabha,19.0,19.0,19.0,,,,0.0,0,0.0,0,0.0,0,0.0,0,0.0,0,0.345,6.9,Low,Compliant within operational parameters
Magunta Srinivasulu Reddy,False,ONGOLE,Andhra Pradesh,15th Lok Sabha,21.5,19.0,19.0,,,,0.0,0,0.0,0,0.0,0,0.0,0,0.0,0,0.345,6.9,Low,Compliant within operational parameters
Sukender Reddy Gutha,False,NALGONDA,Andhra Pradesh,15th Lok Sabha,21.5,19.0,19.0,,,,0.0,0,0.0,0,0.0,0,0.0,0,0.0,0,0.345,6.9,Low,Compliant within operational parameters
Ponnam Prabhakar,False,KARIMNAGAR,Andhra Pradesh,15th Lok Sabha,21.5,19.0,19.0,,,,0.0,0,0.0,0,0.0,0,0.0,0,0.0,0,0.345,6.9,Low,Compliant within operational parameters
Rathod Ramesh,False,ADILABAD (ST),Andhra Pradesh,15th Lok Sabha,21.5,19.0,19.0,,,,0.0,0,0.0,0,0.0,0,0.0,0,0.0,0,0.345,6.9,Low,Compliant within operational parameters
Rayapati Sambasiva Rao,False,GUNTUR,Andhra Pradesh,15th Lok Sabha,21.5,19.0,19.0,,,,0.0,0,0.0,0,0.0,0,0.0,0,0.0,0,0.345,6.9,Low,Compliant within operational parameters
Rajaiah Siricilla,False,WARANGAL(SC),Andhra Pradesh,15th Lok Sabha,21.5,19.0,19.0,,,,0.0,0,0.0,0,0.0,0,0.0,0,0.0,0,0.345,6.9,Low,Compliant within operational parameters
V. Kishore Chandra Deo,False,ARAKU(ST),Andhra Pradesh,15th Lok Sabha,19.0,19.0,19.0,,,,0.0,0,0.0,0,0.0,0,0.0,0,0.0,0,0.345,6.9,Low,Compliant within operational parameters
Nama Nageswara Rao,False,KHAMMAM,Andhra Pradesh,15th Lok Sabha,19.0,19.0,19.0,,,,0.0,0,0.0,0,0.0,0,0.0,0,0.0,0,0.345,6.9,Low,Compliant within operational parameters
S.P.Y. Reddy,False,NANDYAL,Andhra Pradesh,15th Lok Sabha,21.5,19.0,19.0,,,,0.0,0,0.0,0,0.0,0,0.0,0,0.0,0,0.345,6.9,Low,Compliant within operational parameters
Y.S. Jagan Mohan Reddy,False,KADAPA,Andhra Pradesh,15th Lok Sabha,19.0,19.0,19.0,,,,0.0,0,0.0,0,0.0,0,0.0,0,0.0,0,0.345,6.9,Low,Compliant within operational parameters
Sabbam Hari,False,ANAKAPALLE,Andhra Pradesh,15th Lok Sabha,21.5,19.0,19.0,,,,0.0,0,0.0,0,0.0,0,0.0,0,0.0,0,0.345,6.9,Low,Compliant within operational parameters
Suresh Kumar Shetkar,False,ZAHIRABAD,Andhra Pradesh,15th Lok Sabha,21.5,19.0,19.0,,,,0.0,0,0.0,0,0.0,0,0.0,0,0.0,0,0.345,6.9,Low,Compliant within operational parameters
Daggubati Purandeswari,False,VISAKHAPATNAM,Andhra Pradesh,15th Lok Sabha,19.0,19.0,19.0,,,,1.02,0,0.0,0,0.0,0,0.05368421052631579,0,0.0,0,0.389,7.8,Low,Compliant within operational parameters
Sarvey Sathyanarayana,False,MALKAJGIRI,Andhra Pradesh,15th Lok Sabha,21.5,19.0,19.0,,,,0.0,0,0.0,0,0.0,0,0.0,0,0.0,0,0.345,6.9,Low,Compliant within operational parameters
M. Vijaya Shanthi,False,MEDAK,Andhra Pradesh,15th Lok Sabha,21.5,19.0,19.0,,,,0.0,0,0.0,0,0.0,0,0.0,0,0.0,0,0.345,6.9,Low,Compliant within operational parameters
Ninong Ering,False,ARUNACHAL EAST,Arunachal Pradesh,15th Lok Sabha,19.0,19.0,19.0,,,,0.0,0,0.0,0,0.0,0,0.0,0,0.0,0,0.345,6.9,Low,Compliant within operational parameters
Takam Sanjoy,False,ARUNACHAL WEST,Arunachal Pradesh,15th Lok Sabha,19.0,19.0,19.0,,,,0.09,0,0.0,0,0.0,0,0.004736842105263157,0,0.0,0,0.375,7.5,Low,Compliant within operational parameters
Biren Singh Engtig,False,AUTONOMOUS DISTRICT(ST),Assam,15th Lok Sabha,16.5,16.5,16.5,,,,1.19,0,0.0,0,0.0,0,0.07212121212121211,0,0.0,0,0.387,7.7,Low,Compliant within operational parameters
Maulana Badruddin Ajmal,False,DHUBRI,Assam,15th Lok Sabha,19.0,19.0,19.0,,,,2.01,0,0.0,0,0.0,0,0.10578947368421052,0,0.0,0,0.379,7.6,Low,Compliant within operational parameters
Bijoy Krishna Handique,False,JORHAT,Assam,15th Lok Sabha,21.5,19.0,19.0,,,,2.08,0,0.0,0,0.0,0,0.10947368421052632,0,0.0,0,0.381,7.6,Low,Compliant within operational parameters
Dip Gogoi,False,KALIABOR,Assam,15th Lok Sabha,16.5,16.5,16.5,,,,1.99,0,0.0,0,0.0,0,0.1206060606060606,0,0.0,0,0.387,7.7,Low,Compliant within operational parameters
Ismail Hussain,False,BARPETA,Assam,15th Lok Sabha,21.5,19.0,19.0,,,,0.39,0,0.0,0,0.0,0,0.020526315789473684,0,0.0,0,0.379,7.6,Low,Compliant within operational parameters
Joseph Toppo,False,TEZPUR,Assam,15th Lok Sabha,21.5,19.0,19.0,,,,3.83,0,0.0,0,0.0,0,0.20157894736842105,0,0.0,0,0.411,8.2,Low,Compliant within operational parameters
Lalit Mohan Suklabaidya,False,KARIMGANJ (SC),Assam,15th Lok Sabha,19.0,19.0,19.0,,,,0.0,0,0.0,0,0.0,0,0.0,0,0.0,0,0.345,6.9,Low,Compliant within operational parameters
Paban Singh Ghatowar,False,DIBRUGARH,Assam,15th Lok Sabha,19.0,19.0,19.0,,,,1.29,0,0.0,0,0.0,0,0.06789473684210527,0,0.0,0,0.39,7.8,Low,Compliant within operational parameters
Kabindra Purkayastha,False,SILCHAR,Assam,15th Lok Sabha,21.5,19.0,19.0,,,,0.21,0,0.0,0,0.0,0,0.011052631578947368,0,0.0,0,0.378,7.6,Low,Compliant within operational parameters
Rajen Gohain,False,NOWGONG,Assam,15th Lok Sabha,19.0,19.0,19.0,,,,4.37,0,0.0,0,0.0,0,0.23,0,0.0,0,0.429,8.6,Low,Compliant within operational parameters
Sansuma Khunggur Bwismuthiary,False,KOKRAJHAR (ST),Assam,15th Lok Sabha,19.0,19.0,19.0,,,,0.25,0,0.0,0,0.0,0,0.013157894736842105,0,0.0,0,0.377,7.5,Low,Compliant within operational parameters
Ramen Deka,False,MANGALDOI,Assam,15th Lok Sabha,21.5,19.0,19.0,,,,0.93,0,0.0,0,0.0,0,0.048947368421052635,0,0.0,0,0.385,7.7,Low,Compliant within operational parameters
Ranee Narah,False,LAKHIMPUR,Assam,15th Lok Sabha,19.0,19.0,19.0,,,,0.09,0,0.0,0,0.0,0,0.004736842105263157,0,0.0,0,0.375,7.5,Low,Compliant within operational parameters
Bijoya Chakravarty,False,GUWAHATI,Assam,15th Lok Sabha,21.5,19.0,19.0,,,,4.67,0,0.0,0,0.0,0,0.24578947368421053,0,0.0,0,0.437,8.7,Low,Compliant within operational parameters
Sanjay Jaiswal,False,PASCHIM CHAMPARAN,Bihar,15th Lok Sabha,19.48,19.48,19.48,,,,0.0,0,0.0,0,0.0,0,0.0,0,0.0,0,0.345,6.9,Low,Compliant within operational parameters
Baidyanath Prasad Mahto,False,VALMIKI NAGAR,Bihar,15th Lok Sabha,19.48,19.48,19.48,,,,0.0,0,0.0,0,0.0,0,0.0,0,0.0,0,0.345,6.9,Low,Compliant within operational parameters
Uday Singh,False,PURNEA,Bihar,15th Lok Sabha,21.98,19.48,19.48,,,,0.0,0,0.0,0,0.0,0,0.0,0,0.0,0,0.345,6.9,Low,Compliant within operational parameters
Jai Narayan Prasad Nishad,False,MUZAFFARPUR,Bihar,15th Lok Sabha,21.98,19.48,19.48,,,,0.0,0,0.0,0,0.0,0,0.0,0,0.0,0,0.345,6.9,Low,Compliant within operational parameters
Raghuvansh Prasad Singh,False,VAISHALI,Bihar,15th Lok Sabha,21.98,19.48,19.48,,,,0.0,0,0.0,0,0.0,0,0.0,0,0.0,0,0.345,6.9,Low,Compliant within operational parameters
Bhudeo Choudhary,False,JAMUI(SC),Bihar,15th Lok Sabha,21.98,19.48,19.48,,,,0.0,0,0.0,0,0.0,0,0.0,0,0.0,0,0.345,6.9,Low,Compliant within operational parameters
Bhola Singh,False,NAWADA,Bihar,15th Lok Sabha,19.48,19.48,19.48,,,,0.0,0,0.0,0,0.0,0,0.0,0,0.0,0,0.345,6.9,Low,Compliant within operational parameters
Monazir Hassan,False,BEGUSARAI,Bihar,15th Lok Sabha,21.98,19.48,19.48,,,,0.0,0,0.0,0,0.0,0,0.0,0,0.0,0,0.345,6.9,Low,Compliant within operational parameters
Arjun Roy,False,SITAMARHI,Bihar,15th Lok Sabha,21.98,19.48,19.48,,,,0.0,0,0.0,0,0.0,0,0.0,0,0.0,0,0.345,6.9,Low,Compliant within operational parameters
Asrarul Haque Mohammad,False,KISHANGANJ,Bihar,15th Lok Sabha,21.98,16.98,16.98,,,,0.0,0,0.0,0,0.0,0,0.0,0,0.0,0,0.345,6.9,Low,Compliant within operational parameters
Hari Manjhi,False,GAYA (SC),Bihar,15th Lok Sabha,21.98,19.48,19.48,,,,0.0,0,0.0,0,0.0,0,0.0,0,0.0,0,0.345,6.9,Low,Compliant within operational parameters
Dinesh Chandra Yadav,False,KHAGARIA,Bihar,15th Lok Sabha,21.98,19.48,19.48,,,,0.0,0,0.0,0,0.0,0,0.0,0,0.0,0,0.345,6.9,Low,Compliant within operational parameters
Jagadanand Singh,False,BUXAR,Bihar,15th Lok Sabha,21.98,19.48,19.48,,,,0.0,0,0.0,0,0.0,0,0.0,0,0.0,0,0.345,6.9,Low,Compliant within operational parameters
Kirti (Jha) Azad,False,DARBHANGA,Bihar,15th Lok Sabha,19.48,16.98,16.98,,,,0.0,0,0.0,0,0.0,0,0.0,0,0.0,0,0.345,6.9,Low,Compliant within operational parameters
Kaushalendra Kumar,False,NALANDA,Bihar,15th Lok Sabha,19.48,19.48,19.48,,,,0.0,0,0.0,0,0.0,0,0.0,0,0.0,0,0.345,6.9,Low,Compliant within operational parameters
Jagdish Sharma,False,JAHANABAD,Bihar,15th Lok Sabha,19.48,16.98,16.98,,,,0.0,0,0.0,0,0.0,0,0.0,0,0.0,0,0.345,6.9,Low,Compliant within operational parameters
Hukmdev Narayan Yadav,False,MADHUBANI,Bihar,15th Lok Sabha,21.98,19.48,19.48,,,,0.0,0,0.0,0,0.0,0,0.0,0,0.0,0,0.345,6.9,Low,Compliant within operational parameters
Mangani Lal Mandal,False,JHANJHARPUR,Bihar,15th Lok Sabha,21.98,19.48,19.48,,,,0.0,0,0.0,0,0.0,0,0.0,0,0.0,0,0.345,6.9,Low,Compliant within operational parameters
Om Prakash Yadav,False,SIWAN,Bihar,15th Lok Sabha,19.48,19.48,19.48,,,,0.0,0,0.0,0,0.0,0,0.0,0,0.0,0,0.345,6.9,Low,Compliant within operational parameters
Lalu Prasad,False,SARAN,Bihar,15th Lok Sabha,11.98,11.97,11.97,,,,3.12,0,0.0,0,0.0,0,0.2606516290726817,0,0.0,0,0.448,9.0,Low,Compliant within operational parameters
Maheshwar Hazari,False,SAMASTIPUR(SC),Bihar,15th Lok Sabha,19.48,19.48,19.48,,,,0.0,0,0.0,0,0.0,0,0.0,0,0.0,0,0.345,6.9,Low,Compliant within operational parameters
Mahabali Singh,False,KARAKAT,Bihar,15th Lok Sabha,19.48,19.48,19.48,,,,0.0,0,0.0,0,0.0,0,0.0,0,0.0,0,0.345,6.9,Low,Compliant within operational parameters
Nikhil Kumar Choudhary,False,KATIHAR,Bihar,15th Lok Sabha,19.48,19.48,19.48,,,,0.0,0,0.0,0,0.0,0,0.0,0,0.0,0,0.345,6.9,Low,Compliant within operational parameters
Pradeep Kumar Singh,False,ARARIA,Bihar,15th Lok Sabha,19.48,19.48,19.48,,,,0.0,0,0.0,0,0.0,0,0.0,0,0.0,0,0.345,6.9,Low,Compliant within operational parameters
Ram Sundar Das,False,HAJIPUR(SC),Bihar,15th Lok Sabha,21.98,19.48,19.48,,,,0.0,0,0.0,0,0.0,0,0.0,0,0.0,0,0.345,6.9,Low,Compliant within operational parameters
Rajiv Ranjan Singh Lalan Singh,False,MUNGER,Bihar,15th Lok Sabha,21.98,19.48,19.48,,,,0.0,0,0.0,0,0.0,0,0.0,0,0.0,0,0.345,6.9,Low,Compliant within operational parameters
Radha Mohan Singh,False,PURVI CHAMPARAN,Bihar,15th Lok Sabha,19.48,19.48,19.48,,,,0.0,0,0.0,0,0.0,0,0.0,0,0.0,0,0.345,6.9,Low,Compliant within operational parameters
Sharad Yadav,False,MADHEPURA,Bihar,15th Lok Sabha,19.48,19.48,19.48,,,,0.0,0,0.0,0,0.0,0,0.0,0,0.0,0,0.345,6.9,Low,Compliant within operational parameters
Purnmasi Ram,False,GOPALGANJ (SC),Bihar,15th Lok Sabha,19.48,19.48,19.48,,,,0.0,0,0.0,0,0.0,0,0.0,0,0.0,0,0.345,6.9,Low,Compliant within operational parameters
Ranjan Prasad Yadav,False,PATALIPUTRA,Bihar,15th Lok Sabha,19.48,19.48,19.48,,,,0.0,0,0.0,0,0.0,0,0.0,0,0.0,0,0.345,6.9,Low,Compliant within operational parameters
Uma Shanker Singh,False,MAHARAJGANJ,Bihar,15th Lok Sabha,6.98,11.97,11.97,,,,0.0,0,0.0,0,0.0,0,0.0,0,0.0,0,0.345,6.9,Low,Compliant within operational parameters
Syed Shahnawaz Hussain,False,BHAGALPUR,Bihar,15th Lok Sabha,21.98,19.48,19.48,,,,0.0,0,0.0,0,0.0,0,0.0,0,0.0,0,0.345,6.9,Low,Compliant within operational parameters
Shatrughan Prasad Sinha,False,PATNA SAHIB,Bihar,15th Lok Sabha,19.48,19.48,19.48,,,,0.0,0,0.0,0,0.0,0,0.0,0,0.0,0,0.345,6.9,Low,Compliant within operational parameters
Rama Devi,False,SHEOHAR,Bihar,15th Lok Sabha,19.48,19.48,19.48,,,,0.0,0,0.0,0,0.0,0,0.0,0,0.0,0,0.345,6.9,Low,Compliant within operational parameters
Aswamedh Devi,False,UJJARPUR,Bihar,15th Lok Sabha,19.48,19.48,19.48,,,,0.0,0,0.0,0,0.0,0,0.0,0,0.0,0,0.345,6.9,Low,Compliant within operational parameters
Meena Singh,False,ARRAH,Bihar,15th Lok Sabha,19.48,19.48,19.48,,,,0.0,0,0.0,0,0.0,0,0.0,0,0.0,0,0.345,6.9,Low,Compliant within operational parameters
Putul Kumari,False,BANKA,Bihar,15th Lok Sabha,19.48,19.48,19.48,,,,0.0,0,0.0,0,0.0,0,0.0,0,0.0,0,0.345,6.9,Low,Compliant within operational parameters
Meira Kumar,False,SASARAM(SC),Bihar,15th Lok Sabha,19.48,19.48,19.48,,,,0.0,0,0.0,0,0.0,0,0.0,0,0.0,0,0.345,6.9,Low,Compliant within operational parameters
Sushil Kumar Singh,False,AURANGABAD,Bihar,15th Lok Sabha,21.98,19.48,19.48,,,,2.5,0,0.0,0,0.0,0,0.12833675564681724,0,0.0,0,0.385,7.7,Low,Compliant within operational parameters
Vishwa Mohan Kumar,False,SUPAUL,Bihar,15th Lok Sabha,19.48,19.48,19.48,,,,0.0,0,0.0,0,0.0,0,0.0,0,0.0,0,0.345,6.9,Low,Compliant within operational parameters
Pawan Kumar Bansal,False,CHANDIGARH,Chandigarh,15th Lok Sabha,20.0,20.0,20.0,,,,0.0,0,0.0,0,0.0,0,0.0,0,0.0,0,0.345,6.9,Low,Compliant within operational parameters
Charan Das Mahant,False,KORBA,Chhattisgarh,15th Lok Sabha,21.59,19.09,19.09,,,,0.0,0,0.0,0,0.0,0,0.0,0,0.0,0,0.345,6.9,Low,Compliant within operational parameters
Kum. Saraj Pandey,False,DURG,Chhattisgarh,15th Lok Sabha,21.59,19.09,19.09,,,,0.0,0,0.0,0,0.0,0,0.0,0,0.0,0,0.345,6.9,Low,Compliant within operational parameters
Chandulal Sahu (Chandu Bhaiya),False,MAHASAMUND,Chhattisgarh,15th Lok Sabha,21.59,19.09,19.09,,,,2.8,0,0.0,0,0.0,0,0.1466736511262441,0,0.0,0,0.386,7.7,Low,Compliant within operational parameters
Dilip Singh Judev,False,BILASPUR,Chhattisgarh,15th Lok Sabha,21.59,16.59,16.59,,,,1.45,0,0.0,0,0.0,0,0.08740204942736587,0,0.0,0,0.385,7.7,Low,Compliant within operational parameters
Dinesh Kashyap,False,BASTAR(ST),Chhattisgarh,15th Lok Sabha,21.59,19.09,19.09,,,,0.0,0,0.0,0,0.0,0,0.0,0,0.0,0,0.345,6.9,Low,Compliant within operational parameters
Murarilal Singh,False,SARGUJA(ST),Chhattisgarh,15th Lok Sabha,21.59,19.09,19.09,,,,0.02,0,0.0,0,0.0,0,0.0010476689366160294,0,0.0,0,0.366,7.3,Low,Compliant within operational parameters
Madhusudan Yadav,False,RAJNANDGAON,Chhattisgarh,15th Lok Sabha,21.59,19.09,19.09,,,,0.0,0,0.0,0,0.0,0,0.0,0,0.0,0,0.345,6.9,Low,Compliant within operational parameters
Ramesh Bais,False,RAIPUR,Chhattisgarh,15th Lok Sabha,21.59,19.09,19.09,,,,0.01,0,0.0,0,0.0,0,0.0005238344683080147,0,0.0,0,0.355,7.1,Low,Compliant within operational parameters
Sohan Potai,False,KANKER(ST),Chhattisgarh,15th Lok Sabha,19.09,19.09,19.09,,,,0.0,0,0.0,0,0.0,0,0.0,0,0.0,0,0.345,6.9,Low,Compliant within operational parameters
Vishnu Deo Sai,False,RAIGARH(ST),Chhattisgarh,15th Lok Sabha,19.09,19.09,19.09,,,,0.0,0,0.0,0,0.0,0,0.0,0,0.0,0,0.345,6.9,Low,Compliant within operational parameters
Kamla Devi Patle,False,JANJGIR CHAMPA(SC),Chhattisgarh,15th Lok Sabha,19.09,19.09,19.09,,,,0.0,0,0.0,0,0.0,0,0.0,0,0.0,0,0.345,6.9,Low,Compliant within operational parameters
Natubhai Gomanbhai Patel,False,DADRA & NAGAR HAVELI (ST),D & N Haveli,15th Lok Sabha,20.0,20.0,20.0,,,,0.0,0,0.0,0,0.0,0,0.0,0,0.0,0,0.345,6.9,Low,Compliant within operational parameters
Lalubhai Babubhai Patel,False,DAMAN & DIU,Daman & Diu,15th Lok Sabha,21.5,19.0,19.0,,,,3.54,0,0.0,0,0.0,0,0.1863157894736842,0,0.0,0,0.405,8.1,Low,Compliant within operational parameters
Ajay Maken,False,NEW DELHI,Delhi,15th Lok Sabha,25.5,23.0,23.0,,,,0.0,0,0.0,0,0.0,0,0.0,0,0.0,0,0.345,6.9,Low,Compliant within operational parameters
Jai Prakash Agarwal,False,NORTH EAST DELHI,Delhi,15th Lok Sabha,25.5,15.5,15.5,,,,0.29,0,0.0,0,0.0,0,0.018709677419354837,0,0.0,0,0.379,7.6,Low,Compliant within operational parameters
Mahabal Mishra,False,WEST DELHI,Delhi,15th Lok Sabha,25.5,18.0,18.0,,,,0.45,0,0.0,0,0.0,0,0.025,0,0.0,0,0.382,7.6,Low,Compliant within operational parameters
Kapil Sibal,False,CHANDINI CHOWK,Delhi,15th Lok Sabha,18.0,18.0,18.0,,,,0.0,0,0.0,0,0.0,0,0.0,0,0.0,0,0.345,6.9,Low,Compliant within operational parameters
Ramesh Kumar,False,SOUTH DELHI,Delhi,15th Lok Sabha,19.5,7.0,7.0,,,,-0.25,1,0.0,0,0.0,0,-0.03571428571428571,0,0.0,0,0.467,39.3,Medium,Overspent beyond available funds
Sandeep Dikshit,False,EAST DELHI,Delhi,15th Lok Sabha,23.0,10.5,10.5,,,,1.22,0,0.0,0,0.0,0,0.11619047619047619,0,0.0,0,0.388,7.8,Low,Compliant within operational parameters
Krishna Tirath,False,NORTH WEST DELHI(SC),Delhi,15th Lok Sabha,10.5,10.5,10.5,,,,0.0,0,0.0,0,0.0,0,0.0,0,0.0,0,0.345,6.9,Low,Compliant within operational parameters
Francisco Sardinha,False,SOUTH GOA,Goa,15th Lok Sabha,16.5,16.5,16.5,,,,1.03,0,0.0,0,0.0,0,0.062424242424242424,0,0.0,0,0.391,7.8,Low,Compliant within operational parameters
Shripad Yesso Naik,False,NORTH GOA,Goa,15th Lok Sabha,22.5,17.5,17.5,,,,0.0,0,0.0,0,0.0,0,0.0,0,0.0,0,0.345,6.9,Low,Compliant within operational parameters
Prabha Kishore Taviad,False,DAHOD(ST),Gujarat,15th Lok Sabha,19.08,19.08,19.08,,,,0.0,0,0.0,0,0.0,0,0.0,0,0.0,0,0.345,6.9,Low,Compliant within operational parameters
Balkrishna Khanderao Shukla (Balu Shukla),False,VADODARA,Gujarat,15th Lok Sabha,19.08,19.08,19.08,,,,0.0,0,0.0,0,0.0,0,0.0,0,0.0,0,0.345,6.9,Low,Compliant within operational parameters
Mahendrasinh P. Chauhan,False,SABARKANTHA,Gujarat,15th Lok Sabha,19.08,19.08,19.08,,,,0.0,0,0.0,0,0.0,0,0.0,0,0.0,0,0.345,6.9,Low,Compliant within operational parameters
Kirit Premjibhai Solanki,False,AHMEDABAD WEST(SC),Gujarat,15th Lok Sabha,21.58,19.08,19.08,,,,0.0,0,0.0,0,0.0,0,0.0,0,0.0,0,0.345,6.9,Low,Compliant within operational parameters
Bharatbhai Madhavsinh Solanki,False,ANAND,Gujarat,15th Lok Sabha,21.58,19.08,19.08,,,,0.0,0,0.0,0,0.0,0,0.0,0,0.0,0,0.345,6.9,Low,Compliant within operational parameters
Dinsha J. Patel,False,KHEDA,Gujarat,15th Lok Sabha,19.08,19.08,19.08,,,,0.0,0,0.0,0,0.0,0,0.0,0,0.0,0,0.345,6.9,Low,Compliant within operational parameters
Jagdish Thakor,False,PATAN,Gujarat,15th Lok Sabha,21.58,19.08,19.08,,,,0.27,0,0.0,0,0.0,0,0.014150943396226417,0,0.0,0,0.379,7.6,Low,Compliant within operational parameters
Harin Pathak,False,AHMEDABAD EAST,Gujarat,15th Lok Sabha,21.58,19.08,19.08,,,,0.0,0,0.0,0,0.0,0,0.0,0,0.0,0,0.345,6.9,Low,Compliant within operational parameters
Dinubhai Boghabhai Solanki,False,JUNAGADH,Gujarat,15th Lok Sabha,19.08,19.08,19.08,,,,0.0,0,0.0,0,0.0,0,0.0,0,0.0,0,0.345,6.9,Low,Compliant within operational parameters
Haribhai P.Chaudhary,False,BANASKANTHA,Gujarat,15th Lok Sabha,21.58,19.08,19.08,,,,0.0,0,0.0,0,0.0,0,0.0,0,0.0,0,0.345,6.9,Low,Compliant within operational parameters
Lal Krishna Advani,False,GANDHINAGAR,Gujarat,15th Lok Sabha,21.58,16.58,16.58,,,,0.0,0,0.0,0,0.0,0,0.0,0,0.0,0,0.345,6.9,Low,Compliant within operational parameters
Chandrakant Raghunath Patil,False,NAVSARI,Gujarat,15th Lok Sabha,19.08,19.08,19.08,,,,0.0,0,0.0,0,0.0,0,0.0,0,0.0,0,0.345,6.9,Low,Compliant within operational parameters
Kishanbhai Vestabhai Patel,False,VALSAD(ST),Gujarat,15th Lok Sabha,19.08,19.08,19.08,,,,0.0,0,0.0,0,0.0,0,0.0,0,0.0,0,0.345,6.9,Low,Compliant within operational parameters
Mansukhbhai Dhanjibhai Vasava,False,BHARUCH,Gujarat,15th Lok Sabha,21.58,19.08,19.08,,,,0.0,0,0.0,0,0.0,0,0.0,0,0.0,0,0.345,6.9,Low,Compliant within operational parameters
Kuvarjibhai Mohanbhai Bavalia,False,RAJKOT,Gujarat,15th Lok Sabha,21.58,19.08,19.08,,,,0.0,0,0.0,0,0.0,0,0.0,0,0.0,0,0.345,6.9,Low,Compliant within operational parameters
Naranbhai Kachhadiya,False,AMRELI,Gujarat,15th Lok Sabha,19.08,19.08,19.08,,,,0.0,0,0.0,0,0.0,0,0.0,0,0.0,0,0.345,6.9,Low,Compliant within operational parameters
Prabhatsinh Pratapsinh Chauhan,False,PANCHMAHAL,Gujarat,15th Lok Sabha,21.58,19.08,19.08,,,,0.0,0,0.0,0,0.0,0,0.0,0,0.0,0,0.345,6.9,Low,Compliant within operational parameters
Rajendra Sinh Ghanashyam Sinh Rana,False,BHAVNAGAR,Gujarat,15th Lok Sabha,19.08,19.08,19.08,,,,0.0,0,0.0,0,0.0,0,0.0,0,0.0,0,0.345,6.9,Low,Compliant within operational parameters
Ramsinh Patalyabhai Rathwa,False,CHHOTA UDAIPUR(ST),Gujarat,15th Lok Sabha,21.58,19.08,19.08,,,,0.0,0,0.0,0,0.0,0,0.0,0,0.0,0,0.345,6.9,Low,Compliant within operational parameters
Vikrambhai Arjanbhai Maadam,False,JAMNAGAR,Gujarat,15th Lok Sabha,19.08,19.08,19.08,,,,0.0,0,0.0,0,0.0,0,0.0,0,0.0,0,0.345,6.9,Low,Compliant within operational parameters
Vitthalbhai Hansrajbhai Radadiya,False,PORBANDAR,Gujarat,15th Lok Sabha,19.08,19.08,19.08,,,,0.0,0,0.0,0,0.0,0,0.0,0,0.0,0,0.345,6.9,Low,Compliant within operational parameters
Somabhai Gandalal Koli Patel,False,SURENDRANAGAR,Gujarat,15th Lok Sabha,21.58,19.08,19.08,,,,0.0,0,0.0,0,0.0,0,0.0,0,0.0,0,0.345,6.9,Low,Compliant within operational parameters
Jayshreeben Patel,False,MAHESANA,Gujarat,15th Lok Sabha,21.58,19.08,19.08,,,,0.0,0,0.0,0,0.0,0,0.0,0,0.0,0,0.345,6.9,Low,Compliant within operational parameters
Poonam Veljibhai Jat,False,KACHCHH(SC),Gujarat,15th Lok Sabha,21.58,19.08,19.08,,,,0.0,0,0.0,0,0.0,0,0.0,0,0.0,0,0.345,6.9,Low,Compliant within operational parameters
Tusharbhai A. Chaudhary,False,BARDOLI(ST),Gujarat,15th Lok Sabha,21.58,19.08,19.08,,,,0.0,0,0.0,0,0.0,0,0.0,0,0.0,0,0.345,6.9,Low,Compliant within operational parameters
Darshana Vikram Jardosh,False,SURAT,Gujarat,15th Lok Sabha,21.58,19.08,19.08,,,,0.0,0,0.0,0,0.0,0,0.0,0,0.0,0,0.345,6.9,Low,Compliant within operational parameters
Arvind Kumar Sharma,False,KARNAL,Haryana,15th Lok Sabha,21.5,19.0,19.0,,,,0.0,0,0.0,0,0.0,0,0.0,0,0.0,0,0.345,6.9,Low,Compliant within operational parameters
Inderjit Rao Inderjit Singh,False,GURGAON,Haryana,15th Lok Sabha,19.0,19.0,19.0,,,,0.35,0,0.0,0,0.0,0,0.018421052631578946,0,0.0,0,0.379,7.6,Low,Compliant within operational parameters
Ashok Tanwar,False,SIRSA(SC),Haryana,15th Lok Sabha,19.0,19.0,19.0,,,,0.0,0,0.0,0,0.0,0,0.0,0,0.0,0,0.345,6.9,Low,Compliant within operational parameters
Avtar Singh Bhadana,False,FARIDABAD,Haryana,15th Lok Sabha,19.0,19.0,19.0,,,,0.75,0,0.0,0,0.0,0,0.039473684210526314,0,0.0,0,0.382,7.6,Low,Compliant within operational parameters
Kumari Selja,False,AMBALA (SC),Haryana,15th Lok Sabha,21.5,19.0,19.0,,,,3.93,0,0.0,0,0.0,0,0.2068421052631579,0,0.0,0,0.412,8.2,Low,Compliant within operational parameters
Deepender Singh Hooda,False,ROHTAK,Haryana,15th Lok Sabha,21.5,19.0,19.0,,,,0.0,0,0.0,0,0.0,0,0.0,0,0.0,0,0.345,6.9,Low,Compliant within operational parameters
Kuldeep Bishnoi,False,HISAR,Haryana,15th Lok Sabha,19.0,19.0,19.0,,,,3.37,0,0.0,0,0.0,0,0.1773684210526316,0,0.0,0,0.406,8.1,Low,Compliant within operational parameters
Jitender Singh Malik,False,SONEPAT,Haryana,15th Lok Sabha,19.0,19.0,19.0,,,,0.0,0,0.0,0,0.0,0,0.0,0,0.0,0,0.345,6.9,Low,Compliant within operational parameters
Naveen Jindal,False,KURUKSHETRA,Haryana,15th Lok Sabha,21.5,19.0,19.0,,,,0.45,0,0.0,0,0.0,0,0.02368421052631579,0,0.0,0,0.382,7.6,Low,Compliant within operational parameters
Shruti Choudhry,False,BHIWANI MAHENDRAGARH,Haryana,15th Lok Sabha,21.5,19.0,19.0,,,,0.0,0,0.0,0,0.0,0,0.0,0,0.0,0,0.345,6.9,Low,Compliant within operational parameters
Rajan Sushant,False,KANGRA,Himachal Pradesh,15th Lok Sabha,21.5,19.0,19.0,,,,0.58,0,0.0,0,0.0,0,0.030526315789473683,0,0.0,0,0.379,7.6,Low,Compliant within operational parameters
Anurag Singh Thakur,False,HAMIRPUR,Himachal Pradesh,15th Lok Sabha,21.5,19.0,19.0,,,,4.33,0,0.0,0,0.0,0,0.22789473684210526,0,0.0,0,0.428,8.6,Low,Compliant within operational parameters
Pratibha Singh,False,MANDI,Himachal Pradesh,15th Lok Sabha,,19.0,19.0,,,,0.0,0,0.0,0,0.0,0,0.0,0,0.0,0,0.345,6.9,Low,Compliant within operational parameters
Virender Kashyap,False,SHIMLA (SC),Himachal Pradesh,15th Lok Sabha,19.0,19.0,19.0,,,,0.0,0,0.0,0,0.0,0,0.0,0,0.0,0,0.345,6.9,Low,Compliant within operational parameters
Virbhadra Singh,False,MANDI,Himachal Pradesh,15th Lok Sabha,19.0,19.0,19.0,,,,0.0,0,0.0,0,0.0,0,0.0,0,0.0,0,0.345,6.9,Low,Compliant within operational parameters
Mirza Mehboob Beg,False,ANANTNAG,Jammu & Kashmir,15th Lok Sabha,21.5,19.0,19.0,,,,0.0,0,0.0,0,0.0,0,0.0,0,0.0,0,0.345,6.9,Low,Compliant within operational parameters
Farooq Abdullah,False,SRINAGAR,Jammu & Kashmir,15th Lok Sabha,22.5,17.5,17.5,,,,0.0,0,0.0,0,0.0,0,0.0,0,0.0,0,0.345,6.9,Low,Compliant within operational parameters
Chaudhary Lal Singh,False,UDHAMPUR,Jammu & Kashmir,15th Lok Sabha,20.0,20.0,20.0,,,,4.85,0,0.0,0,0.0,0,0.2425,0,0.0,0,0.435,8.7,Low,Compliant within operational parameters
Hassan Khan,False,LADAKH,Jammu & Kashmir,15th Lok Sabha,24.5,22.0,22.0,,,,3.35,0,0.0,0,0.0,0,0.15227272727272728,0,0.0,0,0.386,7.7,Low,Compliant within operational parameters
Madan Lal Sharma,False,JAMMU,Jammu & Kashmir,15th Lok Sabha,21.5,19.0,19.0,,,,0.0,0,0.0,0,0.0,0,0.0,0,0.0,0,0.345,6.9,Low,Compliant within operational parameters
Sharifuddin Shariq,False,BARAMULLAH,Jammu & Kashmir,15th Lok Sabha,20.0,20.0,20.0,,,,0.0,0,0.0,0,0.0,0,0.0,0,0.0,0,0.345,6.9,Low,Compliant within operational parameters
Ajay Kumar,False,JAMSHEDPUR,Jharkhand,15th Lok Sabha,19.14,19.14,19.14,,,,0.79,0,0.0,0,0.0,0,0.041274817136886105,0,0.0,0,0.384,7.7,Low,Compliant within operational parameters
Babulal Marandi,False,KODARMA,Jharkhand,15th Lok Sabha,21.64,19.14,19.14,,,,8.3,0,0.0,0,0.0,0,0.4336468129571578,0,0.0,0,0.587,11.7,Low,Compliant within operational parameters
Inder Singh Namdhari,False,CHATRA,Jharkhand,15th Lok Sabha,21.64,19.14,19.14,,,,4.62,0,0.0,0,0.0,0,0.2413793103448276,0,0.0,0,0.433,8.7,Low,Compliant within operational parameters
Kameshwar Baitha,False,PALAMU(SC),Jharkhand,15th Lok Sabha,19.14,19.14,19.14,,,,0.0,0,0.0,0,0.0,0,0.0,0,0.0,0,0.345,6.9,Low,Compliant within operational parameters
Karia Munda,False,KHUNTI(ST),Jharkhand,15th Lok Sabha,16.64,16.64,16.64,,,,0.0,0,0.0,0,0.0,0,0.0,0,0.0,0,0.345,6.9,Low,Compliant within operational parameters
Madhu Kora,False,SINGHBHUM(ST),Jharkhand,15th Lok Sabha,16.64,11.64,11.64,,,,1.88,0,0.0,0,0.0,0,0.16151202749140892,0,0.0,0,0.398,8.0,Low,Compliant within operational parameters
Nishikant Dubey,False,GODDA,Jharkhand,15th Lok Sabha,21.64,16.64,16.64,,,,4.99,0,0.0,0,0.0,0,0.2998798076923077,0,0.0,0,0.5,10.0,Low,Compliant within operational parameters
Pashupati Nath Singh,False,DHANBAD,Jharkhand,15th Lok Sabha,21.64,19.14,19.14,,,,1.23,0,0.0,0,0.0,0,0.06426332288401254,0,0.0,0,0.39,7.8,Low,Compliant within operational parameters
Sudarshan Bhagat,False,LOHARDAGA(ST),Jharkhand,15th Lok Sabha,19.14,19.14,19.14,,,,0.79,0,0.0,0,0.0,0,0.041274817136886105,0,0.0,0,0.384,7.7,Low,Compliant within operational parameters
Shibu Soren,False,DUMKA(ST),Jharkhand,15th Lok Sabha,21.64,19.14,19.14,,,,0.0,0,0.0,0,0.0,0,0.0,0,0.0,0,0.345,6.9,Low,Compliant within operational parameters
Ravindra Kumar Pandey,False,GIRIDIH,Jharkhand,15th Lok Sabha,19.14,19.14,19.14,,,,3.46,0,0.0,0,0.0,0,0.18077324973876696,0,0.0,0,0.406,8.1,Low,Compliant within operational parameters
Devidhan Besra,False,RAJMAHAL(ST),Jharkhand,15th Lok Sabha,21.64,11.64,11.64,,,,0.0,0,0.0,0,0.0,0,0.0,0,0.0,0,0.345,6.9,Low,Compliant within operational parameters
Subodh Kant Sahay,False,RANCHI,Jharkhand,15th Lok Sabha,21.64,19.14,19.14,,,,0.34,0,0.0,0,0.0,0,0.017763845350052248,0,0.0,0,0.379,7.6,Low,Compliant within operational parameters
Yashwant Sinha,False,HAZARIBAGH,Jharkhand,15th Lok Sabha,21.64,19.14,19.14,,,,2.62,0,0.0,0,0.0,0,0.13688610240334378,0,0.0,0,0.384,7.7,Low,Compliant within operational parameters
Ananth Ananth Kumar,False,BANGALORE SOUTH,Karnataka,15th Lok Sabha,22.11,19.61,19.61,,,,3.36,0,0.0,0,0.0,0,0.17134115247322795,0,0.0,0,0.407,8.1,Low,Compliant within operational parameters
Anant Kumar Dattatreya Hegde,False,UTTARA KANNADA,Karnataka,15th Lok Sabha,22.11,19.61,19.61,,,,4.87,0,0.0,0,0.0,0,0.24834268230494647,0,0.0,0,0.44,8.8,Low,Compliant within operational parameters
M. Veerappa Moily,False,CHIKBALLAPUR,Karnataka,15th Lok Sabha,22.11,19.61,19.61,,,,0.0,0,0.0,0,0.0,0,0.0,0,0.0,0,0.345,6.9,Low,Compliant within operational parameters
Adagooru H. Vishwanath,False,MYSORE,Karnataka,15th Lok Sabha,22.11,17.11,17.11,,,,1.0,0,0.0,0,0.0,0,0.058445353594389245,0,0.0,0,0.39,7.8,Low,Compliant within operational parameters
H. D. Kumaraswamy,False,BANGALORE RURAL,Karnataka,15th Lok Sabha,22.11,19.61,19.61,,,,0.0,0,0.0,0,0.0,0,0.0,0,0.0,0,0.345,6.9,Low,Compliant within operational parameters
G. S. Basavaraj,False,TUMKUR,Karnataka,15th Lok Sabha,22.11,17.11,17.11,,,,0.0,0,0.0,0,0.0,0,0.0,0,0.0,0,0.345,6.9,Low,Compliant within operational parameters
D. B. Chandre Gowda,False,BANGALORE NORTH,Karnataka,15th Lok Sabha,22.11,19.61,19.61,,,,2.54,0,0.0,0,0.0,0,0.12952575216726162,0,0.0,0,0.386,7.7,Low,Compliant within operational parameters
D.V.Sadananda Gowda/ Jayaprakash Hegde,False,UDUPI CHIKMAGALUR,Karnataka,15th Lok Sabha,22.11,19.61,19.61,,,,0.0,0,0.0,0,0.0,0,0.0,0,0.0,0,0.345,6.9,Low,Compliant within operational parameters
H.D. Devegowda,False,HASSAN,Karnataka,15th Lok Sabha,22.11,19.61,19.61,,,,1.7,0,0.0,0,0.0,0,0.08669046404895461,0,0.0,0,0.385,7.7,Low,Compliant within operational parameters
Gowdar Mallikarjunappa Siddeshwara,False,DAVANAGERE,Karnataka,15th Lok Sabha,22.11,19.61,19.61,,,,0.0,0,0.0,0,0.0,0,0.0,0,0.0,0,0.345,6.9,Low,Compliant within operational parameters
K.H. Muniyappa,False,KOLAR(SC),Karnataka,15th Lok Sabha,22.11,17.11,17.11,,,,0.0,0,0.0,0,0.0,0,0.0,0,0.0,0,0.345,6.9,Low,Compliant within operational parameters
Janardhana Swamy,False,CHITRADURGA(SC),Karnataka,15th Lok Sabha,22.11,19.61,19.61,,,,1.15,0,0.0,0,0.0,0,0.05864354920958694,0,0.0,0,0.39,7.8,Low,Compliant within operational parameters
Nalin Kumar Kateel,False,DAKSHINA KANNADA,Karnataka,15th Lok Sabha,19.61,19.61,19.61,,,,0.0,0,0.0,0,0.0,0,0.0,0,0.0,0,0.345,6.9,Low,Compliant within operational parameters
Parvatagouda Chandanagouda Gaddigoudar,False,BAGALKOT,Karnataka,15th Lok Sabha,22.11,19.61,19.61,,,,0.96,0,0.0,0,0.0,0,0.04895461499235084,0,0.0,0,0.385,7.7,Low,Compliant within operational parameters
N. Chaluvaraya Swamy,False,MANDYA,Karnataka,15th Lok Sabha,14.61,14.61,14.61,,,,3.12,0,0.0,0,0.0,0,0.21355236139630393,0,0.0,0,0.418,8.4,Low,Compliant within operational parameters
Pralhad Venkatesh Joshi,False,DHARWAD,Karnataka,15th Lok Sabha,19.61,17.11,17.11,,,,1.98,0,0.0,0,0.0,0,0.1157218001168907,0,0.0,0,0.386,7.7,Low,Compliant within operational parameters
N. Dharam Singh,False,BIDAR,Karnataka,15th Lok Sabha,22.11,19.61,19.61,,,,2.34,0,0.0,0,0.0,0,0.11932687404385517,0,0.0,0,0.388,7.8,Low,Compliant within operational parameters
Mallikarjun Kharge,False,GULBARGA(SC),Karnataka,15th Lok Sabha,22.11,19.61,19.61,,,,0.2,0,0.0,0,0.0,0,0.010198878123406425,0,0.0,0,0.379,7.6,Low,Compliant within operational parameters
P. C. Mohan,False,BANGALORE CENTRAL,Karnataka,15th Lok Sabha,19.61,17.11,17.11,,,,0.06,0,0.0,0,0.0,0,0.0035067212156633548,0,0.0,0,0.369,7.4,Low,Compliant within operational parameters
Ramesh Vishwanath Katti,False,CHIKKODI,Karnataka,15th Lok Sabha,22.11,19.61,19.61,,,,0.31,0,0.0,0,0.0,0,0.01580826109127996,0,0.0,0,0.38,7.6,Low,Compliant within operational parameters
Rangaswamy Dhruvanarayana,False,CHAMARAJANAGAR(SC),Karnataka,15th Lok Sabha,19.61,19.61,19.61,,,,1.41,0,0.0,0,0.0,0,0.07190209077001529,0,0.0,0,0.386,7.7,Low,Compliant within operational parameters
Raghavendra Yeddyurappa,False,SHIMOGA,Karnataka,15th Lok Sabha,19.61,17.11,17.11,,,,0.77,0,0.0,0,0.0,0,0.04500292226767972,0,0.0,0,0.389,7.8,Low,Compliant within operational parameters
Ramesh Chandappa Jigajinagi,False,BIJAPUR(SC),Karnataka,15th Lok Sabha,17.11,17.11,17.11,,,,2.43,0,0.0,0,0.0,0,0.14202220923436587,0,0.0,0,0.385,7.7,Low,Compliant within operational parameters
Shivkumar Chanabasappa Udasi,False,HAVERI,Karnataka,15th Lok Sabha,22.11,19.61,19.61,,,,2.72,0,0.0,0,0.0,0,0.1387047424783274,0,0.0,0,0.383,7.7,Low,Compliant within operational parameters
S. Pakkirappa,False,RAICHUR(ST),Karnataka,15th Lok Sabha,22.11,19.61,19.61,,,,0.0,0,0.0,0,0.0,0,0.0,0,0.0,0,0.345,6.9,Low,Compliant within operational parameters
Suresh Chanabasappa Angadi,False,BELGAUM,Karnataka,15th Lok Sabha,22.11,19.61,19.61,,,,1.85,0,0.0,0,0.0,0,0.09433962264150944,0,0.0,0,0.386,7.7,Low,Compliant within operational parameters
Shivarama Gouda,False,KOPPAL,Karnataka,15th Lok Sabha,22.11,17.11,17.11,,,,1.61,0,0.0,0,0.0,0,0.09409701928696669,0,0.0,0,0.386,7.7,Low,Compliant within operational parameters
J. Shantha,False,BELLARY(ST),Karnataka,15th Lok Sabha,22.11,17.11,17.11,,,,2.55,0,0.0,0,0.0,0,0.14903565166569258,0,0.0,0,0.385,7.7,Low,Compliant within operational parameters
K. Varkey Thomas,False,ERNAKULAM,Kerala,15th Lok Sabha,22.1,19.6,19.6,,,,0.0,0,0.0,0,0.0,0,0.0,0,0.0,0,0.345,6.9,Low,Compliant within operational parameters
Sashi Tharoor,False,THIRUVANANTHAPURAM,Kerala,15th Lok Sabha,22.1,19.6,19.6,,,,0.0,0,0.0,0,0.0,0,0.0,0,0.0,0,0.345,6.9,Low,Compliant within operational parameters
Anirudhan Sampath,False,ATTINGAL,Kerala,15th Lok Sabha,19.6,19.6,19.6,,,,0.0,0,0.0,0,0.0,0,0.0,0,0.0,0,0.345,6.9,Low,Compliant within operational parameters
Anto Antony,False,PATHANAMTHITTA,Kerala,15th Lok Sabha,22.1,19.6,19.6,,,,0.0,0,0.0,0,0.0,0,0.0,0,0.0,0,0.345,6.9,Low,Compliant within operational parameters
Jose K. Mani,False,KOTTAYAM,Kerala,15th Lok Sabha,22.1,19.6,19.6,,,,0.0,0,0.0,0,0.0,0,0.0,0,0.0,0,0.345,6.9,Low,Compliant within operational parameters
E. T. Mohammed Basheer,False,PONNANI,Kerala,15th Lok Sabha,22.1,19.6,19.6,,,,0.0,0,0.0,0,0.0,0,0.0,0,0.0,0,0.345,6.9,Low,Compliant within operational parameters
K. C. Venugopal,False,ALAPPUZHA,Kerala,15th Lok Sabha,19.6,19.6,19.6,,,,0.0,0,0.0,0,0.0,0,0.0,0,0.0,0,0.345,6.9,Low,Compliant within operational parameters
Kumbakudi Sudhakaran,False,KANNUR,Kerala,15th Lok Sabha,19.6,19.6,19.6,,,,0.0,0,0.0,0,0.0,0,0.0,0,0.0,0,0.345,6.9,Low,Compliant within operational parameters
E. Ahamed,False,MALAPPURAM,Kerala,15th Lok Sabha,19.6,19.6,19.6,,,,0.0,0,0.0,0,0.0,0,0.0,0,0.0,0,0.345,6.9,Low,Compliant within operational parameters
K. P. Dhanapalan,False,CHALAKUDY,Kerala,15th Lok Sabha,22.1,19.6,19.6,,,,0.0,0,0.0,0,0.0,0,0.0,0,0.0,0,0.345,6.9,Low,Compliant within operational parameters
M. B. Rajesh,False,PALAKKAD,Kerala,15th Lok Sabha,19.6,19.6,19.6,,,,0.0,0,0.0,0,0.0,0,0.0,0,0.0,0,0.345,6.9,Low,Compliant within operational parameters
P. Karunakaran,False,KASARAGOD,Kerala,15th Lok Sabha,19.6,19.6,19.6,,,,0.0,0,0.0,0,0.0,0,0.0,0,0.0,0,0.345,6.9,Low,Compliant within operational parameters
P. C. Chacko,False,THRISSUR,Kerala,15th Lok Sabha,22.1,19.6,19.6,,,,0.0,0,0.0,0,0.0,0,0.0,0,0.0,0,0.345,6.9,Low,Compliant within operational parameters
M. I. Shanavas,False,WAYANAD,Kerala,15th Lok Sabha,19.6,19.6,19.6,,,,0.0,0,0.0,0,0.0,0,0.0,0,0.0,0,0.345,6.9,Low,Compliant within operational parameters
N. Peethambara Kurup,False,KOLLAM,Kerala,15th Lok Sabha,19.6,19.6,19.6,,,,0.0,0,0.0,0,0.0,0,0.0,0,0.0,0,0.345,6.9,Low,Compliant within operational parameters
Ramachandran Mullappally,False,VADAKARA,Kerala,15th Lok Sabha,22.1,19.6,19.6,,,,0.0,0,0.0,0,0.0,0,0.0,0,0.0,0,0.345,6.9,Low,Compliant within operational parameters
M. K. Raghavan,False,KOZHIKODE,Kerala,15th Lok Sabha,22.1,19.6,19.6,,,,0.0,0,0.0,0,0.0,0,0.0,0,0.0,0,0.345,6.9,Low,Compliant within operational parameters
P. Kuttappan Biju,False,ALATHUR(SC),Kerala,15th Lok Sabha,19.6,19.6,19.6,,,,0.0,0,0.0,0,0.0,0,0.0,0,0.0,0,0.345,6.9,Low,Compliant within operational parameters
P. T. Thomas,False,IDUKKI,Kerala,15th Lok Sabha,22.1,19.6,19.6,,,,0.0,0,0.0,0,0.0,0,0.0,0,0.0,0,0.345,6.9,Low,Compliant within operational parameters
Suresh Kodikkunnil,False,MAVELIKKARA(SC),Kerala,15th Lok Sabha,22.1,19.6,19.6,,,,0.0,0,0.0,0,0.0,0,0.0,0,0.0,0,0.345,6.9,Low,Compliant within operational parameters
Hamdullah Sayeed,False,LAKSHADWEEP(ST),Lakshadweep,15th Lok Sabha,25.0,17.5,17.5,,,,1.7,0,0.0,0,0.0,0,0.09714285714285714,0,0.0,0,0.381,7.6,Low,Compliant within operational parameters
Meenakshi Natrajan,False,MANDSOUR,Madhya Pradesh,15th Lok Sabha,21.53,19.03,19.03,,,,2.37,0,0.0,0,0.0,0,0.12454019968470835,0,0.0,0,0.385,7.7,Low,Compliant within operational parameters
Ashok Argal,False,BHIND(SC),Madhya Pradesh,15th Lok Sabha,21.53,19.03,19.03,,,,2.55,0,0.0,0,0.0,0,0.13399894902785076,0,0.0,0,0.384,7.7,Low,Compliant within operational parameters
Basori Singh Masram,False,MANDLA(ST),Madhya Pradesh,15th Lok Sabha,19.03,19.03,19.03,,,,0.0,0,0.0,0,0.0,0,0.0,0,0.0,0,0.345,6.9,Low,Compliant within operational parameters
Deoraj Singh Patel,False,REWA,Madhya Pradesh,15th Lok Sabha,21.53,19.03,19.03,,,,0.0,0,0.0,0,0.0,0,0.0,0,0.0,0,0.345,6.9,Low,Compliant within operational parameters
Arun Subhashchandra Yadav,False,KHANDWA,Madhya Pradesh,15th Lok Sabha,21.53,19.03,19.03,,,,0.0,0,0.0,0,0.0,0,0.0,0,0.0,0,0.345,6.9,Low,Compliant within operational parameters
Bhoopendra Singh,False,SAGAR,Madhya Pradesh,15th Lok Sabha,21.53,19.03,19.03,,,,0.0,0,0.0,0,0.0,0,0.0,0,0.0,0,0.345,6.9,Low,Compliant within operational parameters
K. D. Deshmukh,False,BALAGHAT,Madhya Pradesh,15th Lok Sabha,21.53,19.03,19.03,,,,0.1,0,0.0,0,0.0,0,0.005254860746190226,0,0.0,0,0.374,7.5,Low,Compliant within operational parameters
Gajendra Singh Rajukhedi,False,DHAR(ST),Madhya Pradesh,15th Lok Sabha,19.03,19.03,19.03,,,,0.0,0,0.0,0,0.0,0,0.0,0,0.0,0,0.345,6.9,Low,Compliant within operational parameters
Kantilal Bhuria,False,RATLAM(ST),Madhya Pradesh,15th Lok Sabha,21.53,19.03,19.03,,,,0.0,0,0.0,0,0.0,0,0.0,0,0.0,0,0.345,6.9,Low,Compliant within operational parameters
Ganesh Singh,False,SATNA,Madhya Pradesh,15th Lok Sabha,19.03,19.03,19.03,,,,0.55,0,0.0,0,0.0,0,0.028901734104046242,0,0.0,0,0.379,7.6,Low,Compliant within operational parameters
Govind Prasad Mishra,False,SIDHI,Madhya Pradesh,15th Lok Sabha,21.53,19.03,19.03,,,,2.83,0,0.0,0,0.0,0,0.1487125591171834,0,0.0,0,0.385,7.7,Low,Compliant within operational parameters
Jyotiraditya Madhavrao Scindia,False,GUNA,Madhya Pradesh,15th Lok Sabha,19.03,19.03,19.03,,,,4.39,0,0.0,0,0.0,0,0.23068838675775089,0,0.0,0,0.429,8.6,Low,Compliant within operational parameters
Kailash Joshi,False,BHOPAL,Madhya Pradesh,15th Lok Sabha,19.03,19.03,19.03,,,,4.11,0,0.0,0,0.0,0,0.2159747766684183,0,0.0,0,0.421,8.4,Low,Compliant within operational parameters
Kamal Nath,False,CHHINDWARA,Madhya Pradesh,15th Lok Sabha,21.53,19.03,19.03,,,,0.66,0,0.0,0,0.0,0,0.03468208092485549,0,0.0,0,0.385,7.7,Low,Compliant within operational parameters
Narendra Singh Tomar,False,MORENA,Madhya Pradesh,15th Lok Sabha,21.53,19.03,19.03,,,,2.11,0,0.0,0,0.0,0,0.11087756174461376,0,0.0,0,0.382,7.6,Low,Compliant within operational parameters
Jeetendra Singh Bundela,False,KHAJURAHO,Madhya Pradesh,15th Lok Sabha,19.03,19.03,19.03,,,,2.71,0,0.0,0,0.0,0,0.14240672622175513,0,0.0,0,0.385,7.7,Low,Compliant within operational parameters
Narayan Singh Amlabe,False,RAJGARH,Madhya Pradesh,15th Lok Sabha,21.53,19.03,19.03,,,,0.63,0,0.0,0,0.0,0,0.03310562270099842,0,0.0,0,0.385,7.7,Low,Compliant within operational parameters
Makhan Singh Solanki (Babuji),False,KHARGONE(ST),Madhya Pradesh,15th Lok Sabha,21.53,19.03,19.03,,,,0.0,0,0.0,0,0.0,0,0.0,0,0.0,0,0.345,6.9,Low,Compliant within operational parameters
Rakesh Singh,False,JABALPUR,Madhya Pradesh,15th Lok Sabha,19.03,19.03,19.03,,,,0.0,0,0.0,0,0.0,0,0.0,0,0.0,0,0.345,6.9,Low,Compliant within operational parameters
Shivraj Singh Lodhi,False,DAMOH,Madhya Pradesh,15th Lok Sabha,21.53,19.03,19.03,,,,0.0,0,0.0,0,0.0,0,0.0,0,0.0,0,0.345,6.9,Low,Compliant within operational parameters
Premchand Guddu,False,UJJAIN(SC),Madhya Pradesh,15th Lok Sabha,21.53,19.03,19.03,,,,0.0,0,0.0,0,0.0,0,0.0,0,0.0,0,0.345,6.9,Low,Compliant within operational parameters
Sajjan Singh Verma,False,DEWAS(SC),Madhya Pradesh,15th Lok Sabha,21.53,19.03,19.03,,,,0.65,0,0.0,0,0.0,0,0.03415659485023647,0,0.0,0,0.384,7.7,Low,Compliant within operational parameters
Rajesh Nandini Singh,False,SHAHDOL (ST),Madhya Pradesh,15th Lok Sabha,19.03,19.03,19.03,,,,0.59,0,0.0,0,0.0,0,0.03100367840252233,0,0.0,0,0.381,7.6,Low,Compliant within operational parameters
Sumitra Mahajan,False,INDORE,Madhya Pradesh,15th Lok Sabha,21.53,19.03,19.03,,,,0.0,0,0.0,0,0.0,0,0.0,0,0.0,0,0.345,6.9,Low,Compliant within operational parameters
Virendra Kumar,False,TIKAMGARH(SC),Madhya Pradesh,15th Lok Sabha,21.53,19.03,19.03,,,,2.92,0,0.0,0,0.0,0,0.1534419337887546,0,0.0,0,0.388,7.8,Low,Compliant within operational parameters
Sushma Swaraj,False,VIDISHA,Madhya Pradesh,15th Lok Sabha,21.53,19.03,19.03,,,,0.34,0,0.0,0,0.0,0,0.01786652653704677,0,0.0,0,0.379,7.6,Low,Compliant within operational parameters
Jyoti Dhurve,False,BETUL(ST),Madhya Pradesh,15th Lok Sabha,19.03,19.03,19.03,,,,0.0,0,0.0,0,0.0,0,0.0,0,0.0,0,0.345,6.9,Low,Compliant within operational parameters
Yashodhara Raje Scindia,False,GWALIOR,Madhya Pradesh,15th Lok Sabha,21.53,16.53,16.53,,,,1.25,0,0.0,0,0.0,0,0.07562008469449485,0,0.0,0,0.387,7.7,Low,Compliant within operational parameters
Uday Pratap Singh,False,HOSHANGABAD,Madhya Pradesh,15th Lok Sabha,19.03,19.03,19.03,,,,4.74,0,0.0,0,0.0,0,0.2490803993694167,0,0.0,0,0.44,8.8,Low,Compliant within operational parameters
Anant Gangaram Geete,False,RAIGAD,Maharashtra,15th Lok Sabha,21.85,19.35,19.35,,,,2.29,0,0.0,0,0.0,0,0.11834625322997415,0,0.0,0,0.387,7.7,Low,Compliant within operational parameters
Padamsinha Bajirao Patil,False,OSMANABAD,Maharashtra,15th Lok Sabha,21.85,19.35,19.35,,,,0.0,0,0.0,0,0.0,0,0.0,0,0.0,0,0.345,6.9,Low,Compliant within operational parameters
Nilesh Narayan Rane,False,RATNAGIRI-SINDHUDURG,Maharashtra,15th Lok Sabha,21.85,19.35,19.35,,,,0.82,0,0.0,0,0.0,0,0.04237726098191214,0,0.0,0,0.386,7.7,Low,Compliant within operational parameters
Sanjeev Ganesh Naik,False,THANE,Maharashtra,15th Lok Sabha,19.35,19.35,19.35,,,,0.0,0,0.0,0,0.0,0,0.0,0,0.0,0,0.345,6.9,Low,Compliant within operational parameters
Anand Prakash Paranjpe,False,KALYAN,Maharashtra,15th Lok Sabha,21.85,19.35,19.35,,,,0.0,0,0.0,0,0.0,0,0.0,0,0.0,0,0.345,6.9,Low,Compliant within operational parameters
A. T. Nana Patil,False,JALGAON,Maharashtra,15th Lok Sabha,19.35,19.35,19.35,,,,0.0,0,0.0,0,0.0,0,0.0,0,0.0,0,0.345,6.9,Low,Compliant within operational parameters
Anandrao Vithoba Adsul,False,AMRAVATI(SC),Maharashtra,15th Lok Sabha,19.35,19.35,19.35,,,,4.41,0,0.0,0,0.0,0,0.22790697674418603,0,0.0,0,0.428,8.6,Low,Compliant within operational parameters
Baliram Sukur Jadhav,False,PALGHAR(ST),Maharashtra,15th Lok Sabha,21.85,19.35,19.35,,,,0.0,0,0.0,0,0.0,0,0.0,0,0.0,0,0.345,6.9,Low,Compliant within operational parameters
Bhausaheb Rajaram Wakchaure,False,SHIRDI(SC),Maharashtra,15th Lok Sabha,21.85,19.35,19.35,,,,0.35,0,0.0,0,0.0,0,0.01808785529715762,0,0.0,0,0.38,7.6,Low,Compliant within operational parameters
Chandrakant Bhaurao Khaire,False,AURANGABAD,Maharashtra,15th Lok Sabha,21.85,19.35,19.35,,,,1.12,0,0.0,0,0.0,0,0.0578811369509044,0,0.0,0,0.389,7.8,Low,Compliant within operational parameters
Datta Raghobaji Meghe,False,WARDHA,Maharashtra,15th Lok Sabha,19.35,19.35,19.35,,,,2.14,0,0.0,0,0.0,0,0.11059431524547804,0,0.0,0,0.381,7.6,Low,Compliant within operational parameters
Hansraj Gangaram Ahir,False,CHANDRAPUR,Maharashtra,15th Lok Sabha,21.85,19.35,19.35,,,,0.0,0,0.0,0,0.0,0,0.0,0,0.0,0,0.345,6.9,Low,Compliant within operational parameters
Gajanan Dharmshi Babar,False,MAVAL,Maharashtra,15th Lok Sabha,19.35,19.35,19.35,,,,0.25,0,0.0,0,0.0,0,0.012919896640826873,0,0.0,0,0.378,7.6,Low,Compliant within operational parameters
Bhaskarrao Bapurao Khatgaonkar Patil,False,NANDED,Maharashtra,15th Lok Sabha,21.85,19.35,19.35,,,,1.43,0,0.0,0,0.0,0,0.07390180878552971,0,0.0,0,0.386,7.7,Low,Compliant within operational parameters
Harishchandra Deoram Chavan,False,DINDORI(ST),Maharashtra,15th Lok Sabha,21.85,19.35,19.35,,,,0.0,0,0.0,0,0.0,0,0.0,0,0.0,0,0.345,6.9,Low,Compliant within operational parameters
Jaywant Gangaram Awale,False,LATUR(SC),Maharashtra,15th Lok Sabha,21.85,19.35,19.35,,,,0.99,0,0.0,0,0.0,0,0.05116279069767441,0,0.0,0,0.387,7.7,Low,Compliant within operational parameters
Eknath Mahadeo Gaikwad,False,MUMBAI SOUTH CENTRAL,Maharashtra,15th Lok Sabha,19.35,19.35,19.35,,,,3.67,0,0.0,0,0.0,0,0.18966408268733848,0,0.0,0,0.406,8.1,Low,Compliant within operational parameters
Ganeshrao Nagorao Dudhgaonkar,False,PARBHANI,Maharashtra,15th Lok Sabha,21.85,19.35,19.35,,,,1.53,0,0.0,0,0.0,0,0.07906976744186046,0,0.0,0,0.388,7.8,Low,Compliant within operational parameters
Gurudas Vasant Kamat,False,MUMBAI NORTH WEST,Maharashtra,15th Lok Sabha,21.85,19.35,19.35,,,,0.0,0,0.0,0,0.0,0,0.0,0,0.0,0,0.345,6.9,Low,Compliant within operational parameters
Dilipkumar Mansukhlal Gandhi,False,AHMEDNAGAR,Maharashtra,15th Lok Sabha,19.35,19.35,19.35,,,,0.35,0,0.0,0,0.0,0,0.01808785529715762,0,0.0,0,0.38,7.6,Low,Compliant within operational parameters
Gopinath Pandurang Munde,False,BEED,Maharashtra,15th Lok Sabha,21.85,19.35,19.35,,,,2.37,0,0.0,0,0.0,0,0.12248062015503876,0,0.0,0,0.387,7.7,Low,Compliant within operational parameters
Marotrao Sainuji Kowase,False,GADCHIROLI-CHIMUR(ST),Maharashtra,15th Lok Sabha,21.85,19.35,19.35,,,,0.0,0,0.0,0,0.0,0,0.0,0,0.0,0,0.345,6.9,Low,Compliant within operational parameters
Haribhau Madhav Jawale,False,RAVER,Maharashtra,15th Lok Sabha,19.35,19.35,19.35,,,,0.0,0,0.0,0,0.0,0,0.0,0,0.0,0,0.345,6.9,Low,Compliant within operational parameters
Manikrao Hodlya Gavit,False,NANDURBAR(ST),Maharashtra,15th Lok Sabha,21.85,19.35,19.35,,,,0.0,0,0.0,0,0.0,0,0.0,0,0.0,0,0.345,6.9,Low,Compliant within operational parameters
Prataprao Ganpatrao Jadhav,False,BULDHANA,Maharashtra,15th Lok Sabha,19.35,19.35,19.35,,,,2.31,0,0.0,0,0.0,0,0.11937984496124031,0,0.0,0,0.388,7.8,Low,Compliant within operational parameters
Pratap Narayanrao Sonawane,False,DHULE,Maharashtra,15th Lok Sabha,21.85,19.35,19.35,,,,3.36,0,0.0,0,0.0,0,0.17364341085271315,0,0.0,0,0.405,8.1,Low,Compliant within operational parameters
Milind Murli Deora,False,MUMBAI SOUTH,Maharashtra,15th Lok Sabha,21.85,16.85,16.85,,,,1.97,0,0.0,0,0.0,0,0.11691394658753708,0,0.0,0,0.388,7.8,Low,Compliant within operational parameters
Raju Alias Devappa Anna Shetti,False,HATKANANGLE,Maharashtra,15th Lok Sabha,21.85,19.35,19.35,,,,0.62,0,0.0,0,0.0,0,0.03204134366925064,0,0.0,0,0.385,7.7,Low,Compliant within operational parameters
Pratik Prakashbapu Patil,False,SANGLI,Maharashtra,15th Lok Sabha,21.85,19.35,19.35,,,,2.09,0,0.0,0,0.0,0,0.10801033591731264,0,0.0,0,0.381,7.6,Low,Compliant within operational parameters
Praful Manoharbhai Patel,False,BHANDARA-GONDIYA,Maharashtra,15th Lok Sabha,21.85,19.35,19.35,,,,3.66,0,0.0,0,0.0,0,0.18914728682170542,0,0.0,0,0.406,8.1,Low,Compliant within operational parameters
Sadashiv Rao Dadoba Mandlik,False,KOLHAPUR,Maharashtra,15th Lok Sabha,19.35,19.35,19.35,,,,1.1,0,0.0,0,0.0,0,0.056847545219638244,0,0.0,0,0.388,7.8,Low,Compliant within operational parameters
Shivaji Adhalrao Patil,False,SHIRUR,Maharashtra,15th Lok Sabha,19.35,19.35,19.35,,,,0.2,0,0.0,0,0.0,0,0.0103359173126615,0,0.0,0,0.378,7.6,Low,Compliant within operational parameters
Mukul Balkrishna Wasnik,False,RAMTEK(SC),Maharashtra,15th Lok Sabha,21.85,19.35,19.35,,,,1.26,0,0.0,0,0.0,0,0.06511627906976744,0,0.0,0,0.39,7.8,Low,Compliant within operational parameters
Sanjay Nirupam,False,MUMBAI NORTH,Maharashtra,15th Lok Sabha,19.35,19.35,19.35,,,,0.0,0,0.0,0,0.0,0,0.0,0,0.0,0,0.345,6.9,Low,Compliant within operational parameters
Sameer Magan Bhujbal,False,NASHIK,Maharashtra,15th Lok Sabha,21.85,19.35,19.35,,,,0.0,0,0.0,0,0.0,0,0.0,0,0.0,0,0.345,6.9,Low,Compliant within operational parameters
Sanjay Shamrao Dhotre,False,AKOLA,Maharashtra,15th Lok Sabha,21.85,19.35,19.35,,,,0.0,0,0.0,0,0.0,0,0.0,0,0.0,0,0.345,6.9,Low,Compliant within operational parameters
Sanjay Dina Patil,False,MUMBAI NORTH EAST,Maharashtra,15th Lok Sabha,21.85,19.35,19.35,,,,0.0,0,0.0,0,0.0,0,0.0,0,0.0,0,0.345,6.9,Low,Compliant within operational parameters
Sushil Kumar Sambhajirao Shinde,False,SOLAPUR(SC),Maharashtra,15th Lok Sabha,21.85,16.85,16.85,,,,0.89,0,0.0,0,0.0,0,0.052818991097922846,0,0.0,0,0.39,7.8,Low,Compliant within operational parameters
Raosaheb Danve Patil,False,JALNA,Maharashtra,15th Lok Sabha,21.85,19.35,19.35,,,,2.52,0,0.0,0,0.0,0,0.13023255813953488,0,0.0,0,0.386,7.7,Low,Compliant within operational parameters
Subhash Bapurao Wankhede,False,HINGOLI,Maharashtra,15th Lok Sabha,21.85,19.35,19.35,,,,-0.22,1,0.0,0,0.0,0,-0.011369509043927648,0,0.0,0,0.406,38.1,Medium,Overspent beyond available funds
Suresh Kalmadi,False,PUNE,Maharashtra,15th Lok Sabha,21.85,19.35,19.35,,,,0.8,0,0.0,0,0.0,0,0.041343669250646,0,0.0,0,0.384,7.7,Low,Compliant within operational parameters
Vilas Baburao Muttemwar,False,NAGPUR,Maharashtra,15th Lok Sabha,19.35,16.85,16.85,,,,0.51,0,0.0,0,0.0,0,0.030267062314540058,0,0.0,0,0.379,7.6,Low,Compliant within operational parameters
Sharad Chandra Govindrao Pawar,False,MADHA,Maharashtra,15th Lok Sabha,21.85,16.85,16.85,,,,0.0,0,0.0,0,0.0,0,0.0,0,0.0,0,0.345,6.9,Low,Compliant within operational parameters
Udayanraje Pratapsingh Bhonsle,False,SATARA,Maharashtra,15th Lok Sabha,19.35,19.35,19.35,,,,0.0,0,0.0,0,0.0,0,0.0,0,0.0,0,0.345,6.9,Low,Compliant within operational parameters
Bhavana Gawali (Patil),False,YAVATMAL-WASHIM,Maharashtra,15th Lok Sabha,21.85,19.35,19.35,,,,2.43,0,0.0,0,0.0,0,0.12558139534883722,0,0.0,0,0.386,7.7,Low,Compliant within operational parameters
Suresh Kashinath Taware,False,BHIWANDI,Maharashtra,15th Lok Sabha,21.85,19.35,19.35,,,,0.0,0,0.0,0,0.0,0,0.0,0,0.0,0,0.345,6.9,Low,Compliant within operational parameters
Supriya Sadanand Sule,False,BARAMATI,Maharashtra,15th Lok Sabha,19.35,19.35,19.35,,,,1.43,0,0.0,0,0.0,0,0.07390180878552971,0,0.0,0,0.386,7.7,Low,Compliant within operational parameters
Priya Sunil Dutt,False,MUMBAI NORTH-CENTRAL,Maharashtra,15th Lok Sabha,19.35,19.35,19.35,,,,0.0,0,0.0,0,0.0,0,0.0,0,0.0,0,0.345,6.9,Low,Compliant within operational parameters
Thokchom Meinya,False,INNER MANIPUR,Manipur,15th Lok Sabha,21.5,19.0,19.0,,,,0.0,0,0.0,0,0.0,0,0.0,0,0.0,0,0.345,6.9,Low,Compliant within operational parameters
Thangso Baite,False,OUTER MANIPUR(ST),Manipur,15th Lok Sabha,21.5,19.0,19.0,,,,0.0,0,0.0,0,0.0,0,0.0,0,0.0,0,0.345,6.9,Low,Compliant within operational parameters
Agatha K. Sangma,False,TURA,Meghalaya,15th Lok Sabha,19.0,19.0,19.0,,,,0.0,0,0.0,0,0.0,0,0.0,0,0.0,0,0.345,6.9,Low,Compliant within operational parameters
Vincent H Pala,False,SHILLONG,Meghalaya,15th Lok Sabha,19.0,19.0,19.0,,,,0.0,0,0.0,0,0.0,0,0.0,0,0.0,0,0.345,6.9,Low,Compliant within operational parameters
C. L. Ruala,False,MIZORAM (ST),Mizoram,15th Lok Sabha,19.0,19.0,19.0,,,,0.0,0,0.0,0,0.0,0,0.0,0,0.0,0,0.345,6.9,Low,Compliant within operational parameters
C. M. Chang,False,NAGALAND,Nagaland,15th Lok Sabha,21.5,19.0,19.0,,,,2.51,0,0.0,0,0.0,0,0.13210526315789473,0,0.0,0,0.385,7.7,Low,Compliant within operational parameters
B. Atkinson Denzil,False,,Nominated,15th Lok Sabha,12.5,,,,,,0.0,0,0.0,0,0.0,0,0.0,0,0.0,0,0.345,6.9,Low,Compliant within operational parameters
Charles Dias,False,CENTRAL1,Nominated,15th Lok Sabha,19.0,19.0,19.0,,,,0.83,0,0.0,0,0.0,0,0.04368421052631579,0,0.0,0,0.387,7.7,Low,Compliant within operational parameters
Ingrid Mcleod,False,CENTRAL2,Nominated,15th Lok Sabha,19.0,19.0,19.0,,,,0.23,0,0.0,0,0.0,0,0.012105263157894737,0,0.0,0,0.377,7.5,Low,Compliant within operational parameters
Amarnath Pradhan,False,SAMBALPUR,Odisha,15th Lok Sabha,19.0,19.0,19.0,,,,0.89,0,0.0,0,0.0,0,0.04684210526315789,0,0.0,0,0.389,7.8,Low,Compliant within operational parameters
Prasanna Kumar Patasani,False,BHUBANESWAR,Odisha,15th Lok Sabha,19.0,19.0,19.0,,,,1.0,0,0.0,0,0.0,0,0.05263157894736842,0,0.0,0,0.39,7.8,Low,Compliant within operational parameters
"Baijayant ""Jay"" Panda",False,KENDRAPARA,Odisha,15th Lok Sabha,21.5,19.0,19.0,,,,2.53,0,0.0,0,0.0,0,0.1331578947368421,0,0.0,0,0.384,7.7,Low,Compliant within operational parameters
Bibhu Prasad Tarai,False,JAGATSINGHPUR(SC),Odisha,15th Lok Sabha,21.5,19.0,19.0,,,,0.0,0,0.0,0,0.0,0,0.0,0,0.0,0,0.345,6.9,Low,Compliant within operational parameters
Arjun Charan Sethi,False,BHADRAK(SC),Odisha,15th Lok Sabha,19.0,19.0,19.0,,,,4.94,0,0.0,0,0.0,0,0.26,0,0.0,0,0.447,8.9,Low,Compliant within operational parameters
Bhartruhari Mahtab,False,CUTTACK,Odisha,15th Lok Sabha,21.5,19.0,19.0,,,,0.0,0,0.0,0,0.0,0,0.0,0,0.0,0,0.345,6.9,Low,Compliant within operational parameters
Bhakta Charan Das,False,KALAHANDI,Odisha,15th Lok Sabha,21.5,19.0,19.0,,,,4.9,0,0.0,0,0.0,0,0.2578947368421053,0,0.0,0,0.446,8.9,Low,Compliant within operational parameters
Hemanand Biswal,False,SUNDARGARH (ST),Odisha,15th Lok Sabha,21.5,19.0,19.0,,,,0.0,0,0.0,0,0.0,0,0.0,0,0.0,0,0.345,6.9,Low,Compliant within operational parameters
Jayaram Pangi,False,KORAPUT(ST),Odisha,15th Lok Sabha,19.0,16.5,16.5,,,,0.95,0,0.0,0,0.0,0,0.05757575757575757,0,0.0,0,0.388,7.8,Low,Compliant within operational parameters
Mohan Jena,False,JAJPUR(SC),Odisha,15th Lok Sabha,21.5,19.0,19.0,,,,0.0,0,0.0,0,0.0,0,0.0,0,0.0,0,0.345,6.9,Low,Compliant within operational parameters
Kalikesh Narayan Singh Deo,False,BOLANGIR,Odisha,15th Lok Sabha,19.0,19.0,19.0,,,,-0.44,1,0.0,0,0.0,0,-0.023157894736842106,0,0.0,0,0.451,39.0,Medium,Overspent beyond available funds
Laxman Tudu,False,MAYURBHANJ (ST),Odisha,15th Lok Sabha,21.5,19.0,19.0,,,,0.71,0,0.0,0,0.0,0,0.03736842105263158,0,0.0,0,0.383,7.7,Low,Compliant within operational parameters
Nityananda Pradhan,False,ASKA,Odisha,15th Lok Sabha,19.0,19.0,19.0,,,,0.53,0,0.0,0,0.0,0,0.027894736842105264,0,0.0,0,0.382,7.6,Low,Compliant within operational parameters
Pinaki Misra,False,PURI,Odisha,15th Lok Sabha,21.5,19.0,19.0,,,,-0.24,1,0.0,0,0.0,0,-0.01263157894736842,0,0.0,0,0.415,38.3,Medium,Overspent beyond available funds
Rudra Madhab Ray,False,KANDHAMAL,Odisha,15th Lok Sabha,21.5,19.0,19.0,,,,4.08,0,0.0,0,0.0,0,0.21473684210526317,0,0.0,0,0.421,8.4,Low,Compliant within operational parameters
Pradeep Majhi,False,NABARANGPUR)ST),Odisha,15th Lok Sabha,21.5,16.5,16.5,,,,0.0,0,0.0,0,0.0,0,0.0,0,0.0,0,0.345,6.9,Low,Compliant within operational parameters
Srikant Kumar Jena,False,BALASORE,Odisha,15th Lok Sabha,21.5,19.0,19.0,,,,2.2,0,0.0,0,0.0,0,0.11578947368421054,0,0.0,0,0.386,7.7,Low,Compliant within operational parameters
Sidhant Mohapatra,False,BERHAMPUR,Odisha,15th Lok Sabha,19.0,19.0,19.0,,,,0.71,0,0.0,0,0.0,0,0.03736842105263158,0,0.0,0,0.383,7.7,Low,Compliant within operational parameters
Sunjay Bhoi,False,BARGARH,Odisha,15th Lok Sabha,21.5,16.5,16.5,,,,0.0,0,0.0,0,0.0,0,0.0,0,0.0,0,0.345,6.9,Low,Compliant within operational parameters
Tathagata Satpathy,False,DHENKANAL,Odisha,15th Lok Sabha,21.5,19.0,19.0,,,,0.0,0,0.0,0,0.0,0,0.0,0,0.0,0,0.345,6.9,Low,Compliant within operational parameters
Yashbant Narayan Singh Laguri,False,KEONJHAR(ST),Odisha,15th Lok Sabha,21.5,19.0,19.0,,,,2.98,0,0.0,0,0.0,0,0.1568421052631579,0,0.0,0,0.393,7.9,Low,Compliant within operational parameters
V. Narayanasamy,False,PONDICHERRY,Puducherry,15th Lok Sabha,22.5,20.0,20.0,,,,0.0,0,0.0,0,0.0,0,0.0,0,0.0,0,0.345,6.9,Low,Compliant within operational parameters
Rattan Singh Ajnala,False,KHADOOR SAHIB,Punjab,15th Lok Sabha,21.5,19.0,19.0,,,,0.0,0,0.0,0,0.0,0,0.0,0,0.0,0,0.345,6.9,Low,Compliant within operational parameters
Navjot Singh Sidhu,False,AMRITSAR,Punjab,15th Lok Sabha,21.5,19.0,19.0,,,,0.0,0,0.0,0,0.0,0,0.0,0,0.0,0,0.345,6.9,Low,Compliant within operational parameters
Manish Tewari,False,LUDHIANA,Punjab,15th Lok Sabha,21.5,19.0,19.0,,,,0.0,0,0.0,0,0.0,0,0.0,0,0.0,0,0.345,6.9,Low,Compliant within operational parameters
Mohinder Singh Kaypee,False,JALANDHAR(SC),Punjab,15th Lok Sabha,19.0,19.0,19.0,,,,1.09,0,0.0,0,0.0,0,0.05736842105263158,0,0.0,0,0.388,7.8,Low,Compliant within operational parameters
Sher Singh Ghubaya,False,FIROZPUR,Punjab,15th Lok Sabha,19.0,19.0,19.0,,,,0.0,0,0.0,0,0.0,0,0.0,0,0.0,0,0.345,6.9,Low,Compliant within operational parameters
Partap Singh Bajwa,False,GURDASPUR,Punjab,15th Lok Sabha,19.0,19.0,19.0,,,,0.0,0,0.0,0,0.0,0,0.0,0,0.0,0,0.345,6.9,Low,Compliant within operational parameters
Vijay Inder Singla,False,SANGRUR,Punjab,15th Lok Sabha,21.5,19.0,19.0,,,,0.95,0,0.0,0,0.0,0,0.049999999999999996,0,0.0,0,0.386,7.7,Low,Compliant within operational parameters
Ravneet Singh,False,ANANDPUR SAHIB,Punjab,15th Lok Sabha,19.0,19.0,19.0,,,,0.0,0,0.0,0,0.0,0,0.0,0,0.0,0,0.345,6.9,Low,Compliant within operational parameters
Sukhdev Singh Libra,False,FATEHGARH SAHIB(SC),Punjab,15th Lok Sabha,19.0,19.0,19.0,,,,0.0,0,0.0,0,0.0,0,0.0,0,0.0,0,0.345,6.9,Low,Compliant within operational parameters
Paramjit Kaur Gulshan,False,FARIDKOT(SC),Punjab,15th Lok Sabha,21.5,19.0,19.0,,,,0.0,0,0.0,0,0.0,0,0.0,0,0.0,0,0.345,6.9,Low,Compliant within operational parameters
Preneet Kaur,False,PATIALA,Punjab,15th Lok Sabha,21.5,19.0,19.0,,,,0.0,0,0.0,0,0.0,0,0.0,0,0.0,0,0.345,6.9,Low,Compliant within operational parameters
Santosh Chowdhary,False,HOSHIARPUR(SC),Punjab,15th Lok Sabha,21.5,19.0,19.0,,,,0.0,0,0.0,0,0.0,0,0.0,0,0.0,0,0.345,6.9,Low,Compliant within operational parameters
Harsimrat Kaur Badal,False,BHATINDA,Punjab,15th Lok Sabha,19.0,19.0,19.0,,,,0.0,0,0.0,0,0.0,0,0.0,0,0.0,0,0.345,6.9,Low,Compliant within operational parameters
Jyoti Mirdha,False,NAGAUR,Rajasthan,15th Lok Sabha,21.5,19.0,19.0,,,,2.65,0,0.0,0,0.0,0,0.1394736842105263,0,0.0,0,0.384,7.7,Low,Compliant within operational parameters
Bharat Ram Meghwal,False,GANGANAGAR(SC),Rajasthan,15th Lok Sabha,19.0,19.0,19.0,,,,0.84,0,0.0,0,0.0,0,0.04421052631578947,0,0.0,0,0.387,7.7,Low,Compliant within operational parameters
Arjun Ram Meghwal,False,BIKANER(SC),Rajasthan,15th Lok Sabha,21.5,19.0,19.0,,,,0.39,0,0.0,0,0.0,0,0.020526315789473684,0,0.0,0,0.379,7.6,Low,Compliant within operational parameters
Badri Ram Jakhar,False,PALI,Rajasthan,15th Lok Sabha,21.5,19.0,19.0,,,,0.81,0,0.0,0,0.0,0,0.04263157894736842,0,0.0,0,0.387,7.7,Low,Compliant within operational parameters
C. P. Joshi,False,BHILWARA,Rajasthan,15th Lok Sabha,21.5,19.0,19.0,,,,0.69,0,0.0,0,0.0,0,0.03631578947368421,0,0.0,0,0.383,7.7,Low,Compliant within operational parameters
Girija Vyas,False,CHITTORGARH,Rajasthan,15th Lok Sabha,19.0,19.0,19.0,,,,0.83,0,0.0,0,0.0,0,0.04368421052631579,0,0.0,0,0.387,7.7,Low,Compliant within operational parameters
Mahesh Joshi,False,JAIPUR,Rajasthan,15th Lok Sabha,21.5,19.0,19.0,,,,2.72,0,0.0,0,0.0,0,0.14315789473684212,0,0.0,0,0.385,7.7,Low,Compliant within operational parameters
Devji Mansingram Patel,False,JALORE,Rajasthan,15th Lok Sabha,21.5,19.0,19.0,,,,0.0,0,0.0,0,0.0,0,0.0,0,0.0,0,0.345,6.9,Low,Compliant within operational parameters
Dushyant Singh,False,JHALAWAR-BARAN,Rajasthan,15th Lok Sabha,19.0,19.0,19.0,,,,2.64,0,0.0,0,0.0,0,0.13894736842105262,0,0.0,0,0.383,7.7,Low,Compliant within operational parameters
Ijyaraj Singh,False,KOTA,Rajasthan,15th Lok Sabha,21.5,19.0,19.0,,,,4.91,0,0.0,0,0.0,0,0.25842105263157894,0,0.0,0,0.446,8.9,Low,Compliant within operational parameters
Jitendra Singh,False,ALWAR,Rajasthan,15th Lok Sabha,21.5,19.0,19.0,,,,1.51,0,0.0,0,0.0,0,0.07947368421052632,0,0.0,0,0.388,7.8,Low,Compliant within operational parameters
Gopal Singh Shekhawat,False,RAJSAMAND,Rajasthan,15th Lok Sabha,19.0,19.0,19.0,,,,0.0,0,0.0,0,0.0,0,0.0,0,0.0,0,0.345,6.9,Low,Compliant within operational parameters
Harish Choudhary,False,BARMER,Rajasthan,15th Lok Sabha,21.5,19.0,19.0,,,,0.0,0,0.0,0,0.0,0,0.0,0,0.0,0,0.345,6.9,Low,Compliant within operational parameters
Khiladi Lal Bairwa,False,KARAULI-DHOLPUR(SC),Rajasthan,15th Lok Sabha,21.5,19.0,19.0,,,,4.68,0,0.0,0,0.0,0,0.24631578947368418,0,0.0,0,0.439,8.8,Low,Compliant within operational parameters
Kirodi Lal Meena,False,DAUSA(ST),Rajasthan,15th Lok Sabha,21.5,19.0,19.0,,,,3.48,0,0.0,0,0.0,0,0.1831578947368421,0,0.0,0,0.405,8.1,Low,Compliant within operational parameters
Mahadeo Singh Khandela,False,SIKAR,Rajasthan,15th Lok Sabha,19.0,19.0,19.0,,,,1.76,0,0.0,0,0.0,0,0.09263157894736843,0,0.0,0,0.384,7.7,Low,Compliant within operational parameters
Namo Narain Meena,False,TONK-SAWAI MADHOPUR,Rajasthan,15th Lok Sabha,19.0,19.0,19.0,,,,0.0,0,0.0,0,0.0,0,0.0,0,0.0,0,0.345,6.9,Low,Compliant within operational parameters
Lal Chand Kataria,False,JAIPUR RURAL,Rajasthan,15th Lok Sabha,21.5,19.0,19.0,,,,2.53,0,0.0,0,0.0,0,0.1331578947368421,0,0.0,0,0.384,7.7,Low,Compliant within operational parameters
Raghuvir Singh Meena,False,UDAIPUR(ST),Rajasthan,15th Lok Sabha,21.5,19.0,19.0,,,,1.1,0,0.0,0,0.0,0,0.05789473684210527,0,0.0,0,0.389,7.8,Low,Compliant within operational parameters
Ratan Singh,False,BHARATPUR(SC),Rajasthan,15th Lok Sabha,21.5,19.0,19.0,,,,3.47,0,0.0,0,0.0,0,0.18263157894736842,0,0.0,0,0.405,8.1,Low,Compliant within operational parameters
Sachin Pilot,False,AJMER,Rajasthan,15th Lok Sabha,21.5,19.0,19.0,,,,2.7,0,0.0,0,0.0,0,0.14210526315789473,0,0.0,0,0.385,7.7,Low,Compliant within operational parameters
Ram Singh Kaswan,False,CHURU,Rajasthan,15th Lok Sabha,19.0,19.0,19.0,,,,0.76,0,0.0,0,0.0,0,0.04,0,0.0,0,0.383,7.7,Low,Compliant within operational parameters
Sheesh Ram Ola,False,JHUNJHUNU,Rajasthan,15th Lok Sabha,16.5,16.5,16.5,,,,0.41,0,0.0,0,0.0,0,0.024848484848484845,0,0.0,0,0.383,7.7,Low,Compliant within operational parameters
Chandresh Kumari Katoch,False,JODHPUR,Rajasthan,15th Lok Sabha,21.5,19.0,19.0,,,,2.5,0,0.0,0,0.0,0,0.13157894736842105,0,0.0,0,0.385,7.7,Low,Compliant within operational parameters
Tarachand Bhagora,False,BANSWARA(ST),Rajasthan,15th Lok Sabha,21.5,19.0,19.0,,,,2.55,0,0.0,0,0.0,0,0.13421052631578947,0,0.0,0,0.384,7.7,Low,Compliant within operational parameters
Prem Das Rai,False,SIKKIM,Sikkim,15th Lok Sabha,19.0,19.0,19.0,,,,0.0,0,0.0,0,0.0,0,0.0,0,0.0,0,0.345,6.9,Low,Compliant within operational parameters
A.K.S. Vijayan,False,NAGAPATTINAM(SC),Tamil Nadu,15th Lok Sabha,21.53,19.03,19.03,,,,0.0,0,0.0,0,0.0,0,0.0,0,0.0,0,0.345,6.9,Low,Compliant within operational parameters
Abdul Rahman Rahman,False,VELLORE,Tamil Nadu,15th Lok Sabha,21.53,19.03,19.03,,,,0.0,0,0.0,0,0.0,0,0.0,0,0.0,0,0.345,6.9,Low,Compliant within operational parameters
Adhi Sankar,False,KALLAKURICHI,Tamil Nadu,15th Lok Sabha,16.53,16.53,16.53,,,,0.42,0,0.0,0,0.0,0,0.02540834845735027,0,0.0,0,0.382,7.6,Low,Compliant within operational parameters
Andimuthu Raja,False,NILGIRIS(SC),Tamil Nadu,15th Lok Sabha,21.53,19.03,19.03,,,,0.0,0,0.0,0,0.0,0,0.0,0,0.0,0,0.345,6.9,Low,Compliant within operational parameters
C. Rajendran,False,CHENNAI SOUTH,Tamil Nadu,15th Lok Sabha,21.53,16.53,16.53,,,,0.69,0,0.0,0,0.0,0,0.04174228675136116,0,0.0,0,0.386,7.7,Low,Compliant within operational parameters
D. Napoleon,False,PERAMBALUR,Tamil Nadu,15th Lok Sabha,21.53,19.03,19.03,,,,0.0,0,0.0,0,0.0,0,0.0,0,0.0,0,0.345,6.9,Low,Compliant within operational parameters
A. Ganeshamurthi,False,ERODE,Tamil Nadu,15th Lok Sabha,19.03,19.03,19.03,,,,0.0,0,0.0,0,0.0,0,0.0,0,0.0,0,0.345,6.9,Low,Compliant within operational parameters
Ponnusamy Venugopal,False,TIRUVALLUR(SC),Tamil Nadu,15th Lok Sabha,19.03,19.03,19.03,,,,0.0,0,0.0,0,0.0,0,0.0,0,0.0,0,0.345,6.9,Low,Compliant within operational parameters
S. Jagathrakshakan,False,ARAKKONAM,Tamil Nadu,15th Lok Sabha,21.53,19.03,19.03,,,,0.0,0,0.0,0,0.0,0,0.0,0,0.0,0,0.345,6.9,Low,Compliant within operational parameters
Munisamy Thambidurai,False,KARUR,Tamil Nadu,15th Lok Sabha,19.03,19.03,19.03,,,,0.0,0,0.0,0,0.0,0,0.0,0,0.0,0,0.345,6.9,Low,Compliant within operational parameters
Danapal Venugopal,False,TIRUVANNAMALAI,Tamil Nadu,15th Lok Sabha,19.03,19.03,19.03,,,,0.0,0,0.0,0,0.0,0,0.0,0,0.0,0,0.345,6.9,Low,Compliant within operational parameters
C. Sivasami,False,TIRUPPUR,Tamil Nadu,15th Lok Sabha,19.03,19.03,19.03,,,,0.0,0,0.0,0,0.0,0,0.0,0,0.0,0,0.345,6.9,Low,Compliant within operational parameters
Dayanidhi Maran,False,CHENNAI CENTRAL,Tamil Nadu,15th Lok Sabha,19.03,11.53,11.53,,,,0.0,0,0.0,0,0.0,0,0.0,0,0.0,0,0.345,6.9,Low,Compliant within operational parameters
E.G. Sugavanam,False,KRISHNAGIRI,Tamil Nadu,15th Lok Sabha,21.53,19.03,19.03,,,,0.0,0,0.0,0,0.0,0,0.0,0,0.0,0,0.345,6.9,Low,Compliant within operational parameters
J.M. Aaroon Rasheed,False,THENI,Tamil Nadu,15th Lok Sabha,21.53,19.03,19.03,,,,0.0,0,0.0,0,0.0,0,0.0,0,0.0,0,0.345,6.9,Low,Compliant within operational parameters
K.J. K. Ritheesh Shivakumar,False,RAMANATHAPURAM,Tamil Nadu,15th Lok Sabha,21.53,19.03,19.03,,,,0.0,0,0.0,0,0.0,0,0.0,0,0.0,0,0.345,6.9,Low,Compliant within operational parameters
M. K. Alagiri,False,MADURAI,Tamil Nadu,15th Lok Sabha,19.03,19.03,19.03,,,,0.0,0,0.0,0,0.0,0,0.0,0,0.0,0,0.345,6.9,Low,Compliant within operational parameters
K. Murugesan Anandan,False,VILUPPURAM(SC),Tamil Nadu,15th Lok Sabha,19.03,16.53,16.53,,,,0.01,0,0.0,0,0.0,0,0.0006049606775559588,0,0.0,0,0.357,7.1,Low,Compliant within operational parameters
M. Krishnasswamy,False,ARANI,Tamil Nadu,15th Lok Sabha,21.53,19.03,19.03,,,,0.0,0,0.0,0,0.0,0,0.0,0,0.0,0,0.345,6.9,Low,Compliant within operational parameters
Manicka Tagore,False,VIRUDHUNAGAR,Tamil Nadu,15th Lok Sabha,19.03,19.03,19.03,,,,0.0,0,0.0,0,0.0,0,0.0,0,0.0,0,0.345,6.9,Low,Compliant within operational parameters
O. S. Manian,False,MAYILADUTHURAI,Tamil Nadu,15th Lok Sabha,21.53,19.03,19.03,,,,0.0,0,0.0,0,0.0,0,0.0,0,0.0,0,0.345,6.9,Low,Compliant within operational parameters
P. Kumar,False,TIRUCHIRAPPALLI,Tamil Nadu,15th Lok Sabha,21.53,19.03,19.03,,,,0.0,0,0.0,0,0.0,0,0.0,0,0.0,0,0.345,6.9,Low,Compliant within operational parameters
K. Sugumar,False,POLLACHI,Tamil Nadu,15th Lok Sabha,21.53,19.03,19.03,,,,0.0,0,0.0,0,0.0,0,0.0,0,0.0,0,0.345,6.9,Low,Compliant within operational parameters
R. Thamaraiselvan,False,DHARAMAPURI,Tamil Nadu,15th Lok Sabha,21.53,16.53,16.53,,,,-0.67,1,0.0,0,0.0,0,-0.04053236539624924,0,0.0,0,0.469,39.4,Medium,Overspent beyond available funds
Palaniappan Chidambaram,False,SIVAGANGA,Tamil Nadu,15th Lok Sabha,19.03,19.03,19.03,,,,0.0,0,0.0,0,0.0,0,0.0,0,0.0,0,0.345,6.9,Low,Compliant within operational parameters
N.S.V. Chitthan,False,DINDIGUL,Tamil Nadu,15th Lok Sabha,21.53,19.03,19.03,,,,0.0,0,0.0,0,0.0,0,0.0,0,0.0,0,0.345,6.9,Low,Compliant within operational parameters
P. Lingam,False,TENKASI(SC),Tamil Nadu,15th Lok Sabha,19.03,19.03,19.03,,,,0.2,0,0.0,0,0.0,0,0.010509721492380452,0,0.0,0,0.378,7.6,Low,Compliant within operational parameters
Sambandam Keerapalayam Alagiri,False,CUDDALORE,Tamil Nadu,15th Lok Sabha,19.03,19.03,19.03,,,,2.51,0,0.0,0,0.0,0,0.13189700472937466,0,0.0,0,0.385,7.7,Low,Compliant within operational parameters
P. R. Natarajan,False,COIMBATORE,Tamil Nadu,15th Lok Sabha,21.53,19.03,19.03,,,,0.0,0,0.0,0,0.0,0,0.0,0,0.0,0,0.345,6.9,Low,Compliant within operational parameters
S.S. Palanimanickam,False,THANJAVUR,Tamil Nadu,15th Lok Sabha,19.03,19.03,19.03,,,,0.0,0,0.0,0,0.0,0,0.0,0,0.0,0,0.345,6.9,Low,Compliant within operational parameters
S. Semmalai,False,SALEM,Tamil Nadu,15th Lok Sabha,21.53,19.03,19.03,,,,0.0,0,0.0,0,0.0,0,0.0,0,0.0,0,0.345,6.9,Low,Compliant within operational parameters
S.S. Ramasubbu,False,TIRUNELVELI,Tamil Nadu,15th Lok Sabha,21.53,19.03,19.03,,,,0.13,0,0.0,0,0.0,0,0.006831318970047294,0,0.0,0,0.38,7.6,Low,Compliant within operational parameters
S. R. Jeyadurai,False,THOOTHUKKUDI,Tamil Nadu,15th Lok Sabha,21.53,19.03,19.03,,,,0.0,0,0.0,0,0.0,0,0.0,0,0.0,0,0.345,6.9,Low,Compliant within operational parameters
T. K.S. Elangovan,False,CHENNAI NORTH,Tamil Nadu,15th Lok Sabha,14.03,11.53,11.53,,,,0.85,0,0.0,0,0.0,0,0.07372072853425846,0,0.0,0,0.386,7.7,Low,Compliant within operational parameters
Davidson J. Helen,False,KANNIYAKUMARI,Tamil Nadu,15th Lok Sabha,19.03,19.03,19.03,,,,0.58,0,0.0,0,0.0,0,0.030478192327903306,0,0.0,0,0.379,7.6,Low,Compliant within operational parameters
S. Gandhiselvan,False,NAMAKKAL,Tamil Nadu,15th Lok Sabha,21.53,19.03,19.03,,,,0.0,0,0.0,0,0.0,0,0.0,0,0.0,0,0.345,6.9,Low,Compliant within operational parameters
Viswanathan Perumal,False,KANCHEEPURAM(SC),Tamil Nadu,15th Lok Sabha,19.03,19.03,19.03,,,,2.66,0,0.0,0,0.0,0,0.13977929584866,0,0.0,0,0.384,7.7,Low,Compliant within operational parameters
Thirumaa Valavan Thol,False,CHIDAMBARAM(SC),Tamil Nadu,15th Lok Sabha,19.03,19.03,19.03,,,,2.85,0,0.0,0,0.0,0,0.14976353126642145,0,0.0,0,0.385,7.7,Low,Compliant within operational parameters
Thalikkottai Rajuthevar Baalu,False,SRIPERUMBUDUR,Tamil Nadu,15th Lok Sabha,16.53,14.03,14.03,,,,1.69,0,0.0,0,0.0,0,0.12045616535994298,0,0.0,0,0.387,7.7,Low,Compliant within operational parameters
Baju Ban Riyan,False,TRIPURA EAST(ST),Tripura,15th Lok Sabha,7.5,7.5,7.5,,,,0.46,0,0.0,0,0.0,0,0.06133333333333334,0,0.0,0,0.391,7.8,Low,Compliant within operational parameters
Khagen Das,False,TRIPURA WEST,Tripura,15th Lok Sabha,19.0,19.0,19.0,,,,0.03,0,0.0,0,0.0,0,0.0015789473684210526,0,0.0,0,0.367,7.3,Low,Compliant within operational parameters
Bali Ram,False,LALGANJ (SC),Uttar Pradesh,15th Lok Sabha,19.06,19.06,19.06,,,,4.59,0,0.0,0,0.0,0,0.24081846799580273,0,0.0,0,0.433,8.7,Low,Compliant within operational parameters
Murli Manohar Joshi,False,VARANASI,Uttar Pradesh,15th Lok Sabha,21.56,19.06,19.06,,,,0.0,0,0.0,0,0.0,0,0.0,0,0.0,0,0.345,6.9,Low,Compliant within operational parameters
Ashok Kumar Rawat,False,MISRIKH(SC),Uttar Pradesh,15th Lok Sabha,21.56,19.06,19.06,,,,0.0,0,0.0,0,0.0,0,0.0,0,0.0,0,0.345,6.9,Low,Compliant within operational parameters
Bhism Shankar Alias Kushal Tiwari,False,SANT KABIR NAGAR,Uttar Pradesh,15th Lok Sabha,21.56,19.06,19.06,,,,0.0,0,0.0,0,0.0,0,0.0,0,0.0,0,0.345,6.9,Low,Compliant within operational parameters
Ram Shankar,False,AGRA(SC),Uttar Pradesh,15th Lok Sabha,21.56,19.06,19.06,,,,0.0,0,0.0,0,0.0,0,0.0,0,0.0,0,0.345,6.9,Low,Compliant within operational parameters
Ku. Ratanjeet Pratap Narain Singh,False,KUSHI NAGAR,Uttar Pradesh,15th Lok Sabha,21.56,19.06,19.06,,,,0.0,0,0.0,0,0.0,0,0.0,0,0.0,0,0.345,6.9,Low,Compliant within operational parameters
Ajit Singh,False,BAGHPAT,Uttar Pradesh,15th Lok Sabha,21.56,19.06,19.06,,,,0.0,0,0.0,0,0.0,0,0.0,0,0.0,0,0.345,6.9,Low,Compliant within operational parameters
Sanjay Singh,False,SULTANPUR,Uttar Pradesh,15th Lok Sabha,21.56,19.06,19.06,,,,0.0,0,0.0,0,0.0,0,0.0,0,0.0,0,0.345,6.9,Low,Compliant within operational parameters
Bal Kumar Patel,False,MIRZAPUR,Uttar Pradesh,15th Lok Sabha,21.56,19.06,19.06,,,,0.0,0,0.0,0,0.0,0,0.0,0,0.0,0,0.345,6.9,Low,Compliant within operational parameters
Shafiqur Rahman Barq,False,SAMBHAL,Uttar Pradesh,15th Lok Sabha,21.56,19.06,19.06,,,,0.0,0,0.0,0,0.0,0,0.0,0,0.0,0,0.345,6.9,Low,Compliant within operational parameters
Arvind Kumar Chaudhary,False,BASTI,Uttar Pradesh,15th Lok Sabha,21.56,19.06,19.06,,,,0.0,0,0.0,0,0.0,0,0.0,0,0.0,0,0.345,6.9,Low,Compliant within operational parameters
Brijbhushan Sharan Singh,False,KAISERGANJ,Uttar Pradesh,15th Lok Sabha,21.56,19.06,19.06,,,,0.31,0,0.0,0,0.0,0,0.01626442812172088,0,0.0,0,0.38,7.6,Low,Compliant within operational parameters
Feroze Varun Gandhi,False,PILIBHIT,Uttar Pradesh,15th Lok Sabha,21.56,19.06,19.06,,,,0.0,0,0.0,0,0.0,0,0.0,0,0.0,0,0.345,6.9,Low,Compliant within operational parameters
Ghansyam Anuragi,False,JALAUN(SC),Uttar Pradesh,15th Lok Sabha,21.56,19.06,19.06,,,,0.0,0,0.0,0,0.0,0,0.0,0,0.0,0,0.345,6.9,Low,Compliant within operational parameters
Jagdish Singh Rana,False,SAHARANPUR,Uttar Pradesh,15th Lok Sabha,19.06,19.06,19.06,,,,0.0,0,0.0,0,0.0,0,0.0,0,0.0,0,0.345,6.9,Low,Compliant within operational parameters
Jayant Chaudhary,False,MATHURA,Uttar Pradesh,15th Lok Sabha,19.06,19.06,19.06,,,,0.0,0,0.0,0,0.0,0,0.0,0,0.0,0,0.345,6.9,Low,Compliant within operational parameters
Dara Singh Chauhan,False,GHOSI,Uttar Pradesh,15th Lok Sabha,21.56,19.06,19.06,,,,0.0,0,0.0,0,0.0,0,0.0,0,0.0,0,0.345,6.9,Low,Compliant within operational parameters
Dharmendra Yadav,False,BADAUN,Uttar Pradesh,15th Lok Sabha,21.56,19.06,19.06,,,,4.79,0,0.0,0,0.0,0,0.25131164742917106,0,0.0,0,0.44,8.8,Low,Compliant within operational parameters
Beni Prasad Verma,False,GONDA,Uttar Pradesh,15th Lok Sabha,21.56,19.06,19.06,,,,0.0,0,0.0,0,0.0,0,0.0,0,0.0,0,0.345,6.9,Low,Compliant within operational parameters
Dimple Yadav,False,KANNAUJ,Uttar Pradesh,15th Lok Sabha,19.06,19.06,19.06,,,,0.8,0,0.0,0,0.0,0,0.04197271773347325,0,0.0,0,0.386,7.7,Low,Compliant within operational parameters
Gorakh Nath,False,BHADOHI,Uttar Pradesh,15th Lok Sabha,21.56,19.06,19.06,,,,4.11,0,0.0,0,0.0,0,0.2156348373557188,0,0.0,0,0.421,8.4,Low,Compliant within operational parameters
Kalyan Singh,False,ETAH,Uttar Pradesh,15th Lok Sabha,21.56,16.56,16.56,,,,0.0,0,0.0,0,0.0,0,0.0,0,0.0,0,0.345,6.9,Low,Compliant within operational parameters
Dhananjay Singh,False,JAUNPUR,Uttar Pradesh,15th Lok Sabha,21.56,16.56,16.56,,,,0.0,0,0.0,0,0.0,0,0.0,0,0.0,0,0.345,6.9,Low,Compliant within operational parameters
Harsh Vardhan,False,MAHARAJGANJ,Uttar Pradesh,15th Lok Sabha,19.06,19.06,19.06,,,,4.39,0,0.0,0,0.0,0,0.23032528856243442,0,0.0,0,0.429,8.6,Low,Compliant within operational parameters
Kadir Rana,False,MUZAFFARNAGAR,Uttar Pradesh,15th Lok Sabha,21.56,19.06,19.06,,,,0.0,0,0.0,0,0.0,0,0.0,0,0.0,0,0.345,6.9,Low,Compliant within operational parameters
Kamal Kishor,False,BAHRAICH(SC),Uttar Pradesh,15th Lok Sabha,19.06,19.06,19.06,,,,0.0,0,0.0,0,0.0,0,0.0,0,0.0,0,0.345,6.9,Low,Compliant within operational parameters
Kunwar Rewati Raman Singh,False,ALLAHABAD,Uttar Pradesh,15th Lok Sabha,19.06,19.06,19.06,,,,0.0,0,0.0,0,0.0,0,0.0,0,0.0,0,0.345,6.9,Low,Compliant within operational parameters
Devendra Nagpal,False,AMROHA,Uttar Pradesh,15th Lok Sabha,19.06,19.06,19.06,,,,0.0,0,0.0,0,0.0,0,0.0,0,0.0,0,0.345,6.9,Low,Compliant within operational parameters
Gorakh Prasad Jaiswal,False,DEORIA,Uttar Pradesh,15th Lok Sabha,21.56,19.06,19.06,,,,3.83,0,0.0,0,0.0,0,0.20094438614900317,0,0.0,0,0.411,8.2,Low,Compliant within operational parameters
Jagdambika Pal,False,DOMARIYAGANJ,Uttar Pradesh,15th Lok Sabha,21.56,19.06,19.06,,,,0.0,0,0.0,0,0.0,0,0.0,0,0.0,0,0.345,6.9,Low,Compliant within operational parameters
Kamlesh Paswan,False,BANSGAON(SC),Uttar Pradesh,15th Lok Sabha,21.56,19.06,19.06,,,,0.92,0,0.0,0,0.0,0,0.04826862539349423,0,0.0,0,0.386,7.7,Low,Compliant within operational parameters
Kunwar Jitin Prasad,False,DHAURAHRA,Uttar Pradesh,15th Lok Sabha,21.56,19.06,19.06,,,,0.0,0,0.0,0,0.0,0,0.0,0,0.0,0,0.345,6.9,Low,Compliant within operational parameters
Kamlesh Balmiki,False,BULANDSHAHR(SC),Uttar Pradesh,15th Lok Sabha,21.56,19.06,19.06,,,,0.65,0,0.0,0,0.0,0,0.03410283315844701,0,0.0,0,0.384,7.7,Low,Compliant within operational parameters
Kapil Muni Karwariya,False,PHULPUR,Uttar Pradesh,15th Lok Sabha,19.06,19.06,19.06,,,,0.0,0,0.0,0,0.0,0,0.0,0,0.0,0,0.345,6.9,Low,Compliant within operational parameters
Mithlesh Kumar,False,SHAHJAHANPUR(SC),Uttar Pradesh,15th Lok Sabha,21.56,19.06,19.06,,,,4.96,0,0.0,0,0.0,0,0.2602308499475341,0,0.0,0,0.448,9.0,Low,Compliant within operational parameters
Pradeep Kumar Jain (Aditya),False,JHANSI,Uttar Pradesh,15th Lok Sabha,21.56,16.56,16.56,,,,0.0,0,0.0,0,0.0,0,0.0,0,0.0,0,0.345,6.9,Low,Compliant within operational parameters
Mulayam Singh Yadav,False,MAINPURI,Uttar Pradesh,15th Lok Sabha,21.56,19.06,19.06,,,,3.32,0,0.0,0,0.0,0,0.17418677859391396,0,0.0,0,0.404,8.1,Low,Compliant within operational parameters
Nirmal Khatri,False,FAIZABAD,Uttar Pradesh,15th Lok Sabha,21.56,19.06,19.06,,,,0.0,0,0.0,0,0.0,0,0.0,0,0.0,0,0.345,6.9,Low,Compliant within operational parameters
Lal Ji Tandon,False,LUCKNOW,Uttar Pradesh,15th Lok Sabha,21.56,19.06,19.06,,,,4.82,0,0.0,0,0.0,0,0.25288562434417633,0,0.0,0,0.441,8.8,Low,Compliant within operational parameters
R. K. Singh Patel,False,BANDA,Uttar Pradesh,15th Lok Sabha,21.56,19.06,19.06,,,,0.0,0,0.0,0,0.0,0,0.0,0,0.0,0,0.345,6.9,Low,Compliant within operational parameters
Neeraj Shekhar,False,BALLIA,Uttar Pradesh,15th Lok Sabha,19.06,19.06,19.06,,,,4.95,0,0.0,0,0.0,0,0.2597061909758657,0,0.0,0,0.446,8.9,Low,Compliant within operational parameters
Raj Babbar,False,FIROZABAD,Uttar Pradesh,15th Lok Sabha,21.56,19.06,19.06,,,,0.0,0,0.0,0,0.0,0,0.0,0,0.0,0,0.345,6.9,Low,Compliant within operational parameters
Rajnath Singh,False,GHAZIABAD,Uttar Pradesh,15th Lok Sabha,21.56,19.06,19.06,,,,4.98,0,0.0,0,0.0,0,0.261280167890871,0,0.0,0,0.45,9.0,Low,Compliant within operational parameters
Ram Kishun,False,CHANDAULI,Uttar Pradesh,15th Lok Sabha,19.06,19.06,19.06,,,,0.0,0,0.0,0,0.0,0,0.0,0,0.0,0,0.345,6.9,Low,Compliant within operational parameters
Mohammed Azharuddin,False,MORADABAD,Uttar Pradesh,15th Lok Sabha,21.56,19.06,19.06,,,,0.0,0,0.0,0,0.0,0,0.0,0,0.0,0,0.345,6.9,Low,Compliant within operational parameters
Pakauri Lal,False,ROBERTSGANJ(SC),Uttar Pradesh,15th Lok Sabha,21.56,19.06,19.06,,,,0.0,0,0.0,0,0.0,0,0.0,0,0.0,0,0.345,6.9,Low,Compliant within operational parameters
Praveen Singh Aron,False,BAREILLY,Uttar Pradesh,15th Lok Sabha,21.56,19.06,19.06,,,,0.0,0,0.0,0,0.0,0,0.0,0,0.0,0,0.345,6.9,Low,Compliant within operational parameters
Premdas Katheria,False,ETAWAH(SC),Uttar Pradesh,15th Lok Sabha,21.56,19.06,19.06,,,,0.0,0,0.0,0,0.0,0,0.0,0,0.0,0,0.345,6.9,Low,Compliant within operational parameters
Radhey Mohan Singh,False,GHAZIPUR,Uttar Pradesh,15th Lok Sabha,21.56,19.06,19.06,,,,0.0,0,0.0,0,0.0,0,0.0,0,0.0,0,0.345,6.9,Low,Compliant within operational parameters
Rahul Gandhi,False,AMETHI,Uttar Pradesh,15th Lok Sabha,21.56,19.06,19.06,,,,0.0,0,0.0,0,0.0,0,0.0,0,0.0,0,0.345,6.9,Low,Compliant within operational parameters
Sanjay Singh Chauhan,False,BIJNOR,Uttar Pradesh,15th Lok Sabha,21.56,19.06,19.06,,,,0.0,0,0.0,0,0.0,0,0.0,0,0.0,0,0.345,6.9,Low,Compliant within operational parameters
Shailendra Kumar,False,KAUSHAMBI(SC),Uttar Pradesh,15th Lok Sabha,21.56,19.06,19.06,,,,0.0,0,0.0,0,0.0,0,0.0,0,0.0,0,0.345,6.9,Low,Compliant within operational parameters
Rajendra Agrawal,False,MEERUT,Uttar Pradesh,15th Lok Sabha,19.06,19.06,19.06,,,,0.0,0,0.0,0,0.0,0,0.0,0,0.0,0,0.345,6.9,Low,Compliant within operational parameters
Rakesh Pandey,False,AMBEDKAR NAGAR,Uttar Pradesh,15th Lok Sabha,21.56,19.06,19.06,,,,4.93,0,0.0,0,0.0,0,0.2586568730325289,0,0.0,0,0.446,8.9,Low,Compliant within operational parameters
Ramakant Yadav,False,AZAMGARH,Uttar Pradesh,15th Lok Sabha,19.06,19.06,19.06,,,,4.82,0,0.0,0,0.0,0,0.25288562434417633,0,0.0,0,0.441,8.8,Low,Compliant within operational parameters
Soraj Tufani,False,MACHHLISHAHR(SC),Uttar Pradesh,15th Lok Sabha,19.06,19.06,19.06,,,,0.0,0,0.0,0,0.0,0,0.0,0,0.0,0,0.345,6.9,Low,Compliant within operational parameters
P. L. Punia,False,BARABANKI(SC),Uttar Pradesh,15th Lok Sabha,21.56,19.06,19.06,,,,0.0,0,0.0,0,0.0,0,0.0,0,0.0,0,0.345,6.9,Low,Compliant within operational parameters
Rakesh Sachan,False,FATEHPUR,Uttar Pradesh,15th Lok Sabha,21.56,19.06,19.06,,,,0.0,0,0.0,0,0.0,0,0.0,0,0.0,0,0.345,6.9,Low,Compliant within operational parameters
Ramashankar Rajbhar,False,SALEMPUR,Uttar Pradesh,15th Lok Sabha,21.56,19.06,19.06,,,,4.87,0,0.0,0,0.0,0,0.2555089192025184,0,0.0,0,0.443,8.9,Low,Compliant within operational parameters
Surendra Singh Nagar,False,GAUTAM BUDDHA NAGAR,Uttar Pradesh,15th Lok Sabha,21.56,19.06,19.06,,,,4.99,0,0.0,0,0.0,0,0.26180482686253936,0,0.0,0,0.45,9.0,Low,Compliant within operational parameters
Salman Khursheed,False,FARRUKHABAD,Uttar Pradesh,15th Lok Sabha,21.56,19.06,19.06,,,,0.0,0,0.0,0,0.0,0,0.0,0,0.0,0,0.345,6.9,Low,Compliant within operational parameters
Shriprakash Jaiswal,False,KANPUR,Uttar Pradesh,15th Lok Sabha,21.56,19.06,19.06,,,,0.0,0,0.0,0,0.0,0,0.0,0,0.0,0,0.345,6.9,Low,Compliant within operational parameters
Raja Ram Pal,False,AKBARPUR,Uttar Pradesh,15th Lok Sabha,19.06,19.06,19.06,,,,0.0,0,0.0,0,0.0,0,0.0,0,0.0,0,0.345,6.9,Low,Compliant within operational parameters
Zafar Ali Naqvi,False,KHERI,Uttar Pradesh,15th Lok Sabha,21.56,19.06,19.06,,,,0.0,0,0.0,0,0.0,0,0.0,0,0.0,0,0.345,6.9,Low,Compliant within operational parameters
Maneka Sanjay Gandhi,False,AONLA,Uttar Pradesh,15th Lok Sabha,21.56,19.06,19.06,,,,2.0,0,0.0,0,0.0,0,0.10493179433368312,0,0.0,0,0.38,7.6,Low,Compliant within operational parameters
Vinay Kumar Vinnu Pandey,False,SHRAWASTI,Uttar Pradesh,15th Lok Sabha,21.56,19.06,19.06,,,,0.0,0,0.0,0,0.0,0,0.0,0,0.0,0,0.345,6.9,Low,Compliant within operational parameters
Annu Tandon,False,UNNAO,Uttar Pradesh,15th Lok Sabha,21.56,14.06,14.06,,,,0.0,0,0.0,0,0.0,0,0.0,0,0.0,0,0.345,6.9,Low,Compliant within operational parameters
Seema Upadhyay,False,FATEHPUR SIKRI,Uttar Pradesh,15th Lok Sabha,21.56,19.06,19.06,,,,0.0,0,0.0,0,0.0,0,0.0,0,0.0,0,0.345,6.9,Low,Compliant within operational parameters
Qaiser Jahan,False,SITAPUR,Uttar Pradesh,15th Lok Sabha,19.06,19.06,19.06,,,,0.0,0,0.0,0,0.0,0,0.0,0,0.0,0,0.345,6.9,Low,Compliant within operational parameters
Sarika Devendra Singh Baghel,False,HATHRAS (SC),Uttar Pradesh,15th Lok Sabha,21.56,19.06,19.06,,,,0.56,0,0.0,0,0.0,0,0.029380902413431276,0,0.0,0,0.38,7.6,Low,Compliant within operational parameters
Vijay Bahadur Singh,False,HAMIRPUR,Uttar Pradesh,15th Lok Sabha,19.06,19.06,19.06,,,,0.0,0,0.0,0,0.0,0,0.0,0,0.0,0,0.345,6.9,Low,Compliant within operational parameters
Sushila Saroj,False,MOHANLALGANJ(SC),Uttar Pradesh,15th Lok Sabha,19.06,19.06,19.06,,,,4.51,0,0.0,0,0.0,0,0.23662119622245542,0,0.0,0,0.428,8.6,Low,Compliant within operational parameters
Usha Verma,False,HARDOI (SC),Uttar Pradesh,15th Lok Sabha,21.56,19.06,19.06,,,,4.92,0,0.0,0,0.0,0,0.25813221406086045,0,0.0,0,0.446,8.9,Low,Compliant within operational parameters
Sonia Gandhi,False,RAE BARELI,Uttar Pradesh,15th Lok Sabha,21.56,19.06,19.06,,,,0.0,0,0.0,0,0.0,0,0.0,0,0.0,0,0.345,6.9,Low,Compliant within operational parameters
Raj Kumari Chauhan,False,ALIGARH,Uttar Pradesh,15th Lok Sabha,19.06,19.06,19.06,,,,0.0,0,0.0,0,0.0,0,0.0,0,0.0,0,0.345,6.9,Low,Compliant within operational parameters
Rajkumari Ratna Singh,False,PRATAPGARH,Uttar Pradesh,15th Lok Sabha,21.56,19.06,19.06,,,,0.0,0,0.0,0,0.0,0,0.0,0,0.0,0,0.345,6.9,Low,Compliant within operational parameters
Yashvir Singh,False,NAGINA(SC),Uttar Pradesh,15th Lok Sabha,21.56,19.06,19.06,,,,0.0,0,0.0,0,0.0,0,0.0,0,0.0,0,0.345,6.9,Low,Compliant within operational parameters
Yogi Adityanath,False,GORAKHPUR,Uttar Pradesh,15th Lok Sabha,19.06,19.06,19.06,,,,0.72,0,0.0,0,0.0,0,0.03777544596012592,0,0.0,0,0.383,7.7,Low,Compliant within operational parameters
Begum Tabassum Hasan,False,KAIRANA,Uttar Pradesh,15th Lok Sabha,19.06,19.06,19.06,,,,0.0,0,0.0,0,0.0,0,0.0,0,0.0,0,0.345,6.9,Low,Compliant within operational parameters
Jaya Prada Nahata,False,RAMPUR,Uttar Pradesh,15th Lok Sabha,21.56,19.06,19.06,,,,0.0,0,0.0,0,0.0,0,0.0,0,0.0,0,0.345,6.9,Low,Compliant within operational parameters
Harish Rawat,False,HARDWAR,Uttarakhand,15th Lok Sabha,19.0,19.0,19.0,,,,0.0,0,0.0,0,0.0,0,0.0,0,0.0,0,0.345,6.9,Low,Compliant within operational parameters
K.C. Singh Baba,False,NAINITAL UDHAM SINGH NAG.,Uttarakhand,15th Lok Sabha,19.0,19.0,19.0,,,,0.0,0,0.0,0,0.0,0,0.0,0,0.0,0,0.345,6.9,Low,Compliant within operational parameters
Pradeep Tamta,False,ALMORA(SC),Uttarakhand,15th Lok Sabha,19.0,19.0,19.0,,,,0.0,0,0.0,0,0.0,0,0.0,0,0.0,0,0.345,6.9,Low,Compliant within operational parameters
Satpal Maharaj,False,GARHWAL,Uttarakhand,15th Lok Sabha,21.5,16.5,16.5,,,,4.48,0,0.0,0,0.0,0,0.27151515151515154,0,0.0,0,0.463,9.3,Low,Compliant within operational parameters
Vijay Bahuguna,False,TEHRI GARHWAL,Uttarakhand,15th Lok Sabha,11.5,16.5,16.5,,,,1.45,0,0.0,0,0.0,0,0.08787878787878788,0,0.0,0,0.385,7.7,Low,Compliant within operational parameters
Mausam Noor,False,MALDAHA UTTAR,West Bengal,15th Lok Sabha,17.64,17.64,17.64,,,,0.0,0,0.0,0,0.0,0,0.0,0,0.0,0,0.345,6.9,Low,Compliant within operational parameters
Saugata Roy,False,DUM DUM,West Bengal,15th Lok Sabha,22.64,20.14,20.14,,,,0.0,0,0.0,0,0.0,0,0.0,0,0.0,0,0.345,6.9,Low,Compliant within operational parameters
Adhir Ranjan Chowdhury,False,BAHARAMPUR,West Bengal,15th Lok Sabha,22.64,20.14,20.14,,,,0.0,0,0.0,0,0.0,0,0.0,0,0.0,0,0.345,6.9,Low,Compliant within operational parameters
Kakoli Ghosh Dastidar,False,BARASAT,West Bengal,15th Lok Sabha,22.64,20.14,20.14,,,,0.0,0,0.0,0,0.0,0,0.0,0,0.0,0,0.345,6.9,Low,Compliant within operational parameters
Pulin Bihari Baske,False,JHARGRAM(ST),West Bengal,15th Lok Sabha,22.64,20.14,20.14,,,,0.0,0,0.0,0,0.0,0,0.0,0,0.0,0,0.345,6.9,Low,Compliant within operational parameters
Abu Hasem Khan Choudhury,False,MALDAHA DAKSHIN,West Bengal,15th Lok Sabha,20.14,17.64,17.64,,,,-2.5,1,0.0,0,0.0,0,-0.1417233560090703,0,0.0,0,0.496,39.9,Medium,Overspent beyond available funds
Anup Kumar Saha,False,BARDHAMAN PURBA(SC),West Bengal,15th Lok Sabha,20.14,20.14,20.14,,,,0.0,0,0.0,0,0.0,0,0.0,0,0.0,0,0.345,6.9,Low,Compliant within operational parameters
Ratna De (Nag),False,HOOGHLY,West Bengal,15th Lok Sabha,22.64,20.14,20.14,,,,0.0,0,0.0,0,0.0,0,0.0,0,0.0,0,0.345,6.9,Low,Compliant within operational parameters
Abdul Mannan Hossain,False,MURSHIDABAD,West Bengal,15th Lok Sabha,22.64,20.14,20.14,,,,0.0,0,0.0,0,0.0,0,0.0,0,0.0,0,0.345,6.9,Low,Compliant within operational parameters
Abhijit Mukherjee,False,JANGIPUR,West Bengal,15th Lok Sabha,12.5,20.14,20.14,,,,0.0,0,0.0,0,0.0,0,0.0,0,0.0,0,0.345,6.9,Low,Compliant within operational parameters
Basudeb Acharia,False,BANKURA,West Bengal,15th Lok Sabha,22.64,20.14,20.14,,,,0.0,0,0.0,0,0.0,0,0.0,0,0.0,0,0.345,6.9,Low,Compliant within operational parameters
Ram Chandra Dome,False,BOLPUR(SC),West Bengal,15th Lok Sabha,20.14,17.64,17.64,,,,0.0,0,0.0,0,0.0,0,0.0,0,0.0,0,0.345,6.9,Low,Compliant within operational parameters
Kum. Subrata Bakshi,False,KOLKATA DAKSHIN,West Bengal,15th Lok Sabha,22.64,20.14,20.14,,,,0.0,0,0.0,0,0.0,0,0.0,0,0.0,0,0.345,6.9,Low,Compliant within operational parameters
Tarun Mandal,False,JOYNAGAR(SC),West Bengal,15th Lok Sabha,20.14,20.14,20.14,,,,0.0,0,0.0,0,0.0,0,0.0,0,0.0,0,0.345,6.9,Low,Compliant within operational parameters
Bansa Gopal Choudhary,False,ASANSOL,West Bengal,15th Lok Sabha,22.64,20.14,20.14,,,,0.0,0,0.0,0,0.0,0,0.0,0,0.0,0,0.345,6.9,Low,Compliant within operational parameters
Dinesh Trivedi,False,BARRACKPUR,West Bengal,15th Lok Sabha,20.14,20.14,20.14,,,,0.0,0,0.0,0,0.0,0,0.0,0,0.0,0,0.345,6.9,Low,Compliant within operational parameters
Gurudas Dasgupta,False,GHATAL,West Bengal,15th Lok Sabha,22.64,20.14,20.14,,,,0.0,0,0.0,0,0.0,0,0.0,0,0.0,0,0.345,6.9,Low,Compliant within operational parameters
Gobinda Chandra Naskar,False,BANGAON(SC),West Bengal,15th Lok Sabha,22.64,20.14,20.14,,,,0.0,0,0.0,0,0.0,0,0.0,0,0.0,0,0.345,6.9,Low,Compliant within operational parameters
Jaswant Singh,False,DARJEELING,West Bengal,15th Lok Sabha,22.64,20.14,20.14,,,,3.21,0,0.0,0,0.0,0,0.1593843098311817,0,0.0,0,0.395,7.9,Low,Compliant within operational parameters
Kalyan Banerjee,False,SREERAMPUR,West Bengal,15th Lok Sabha,22.64,20.14,20.14,,,,0.0,0,0.0,0,0.0,0,0.0,0,0.0,0,0.345,6.9,Low,Compliant within operational parameters
Kabir Suman,False,JADAVPUR,West Bengal,15th Lok Sabha,22.64,17.64,17.64,,,,0.0,0,0.0,0,0.0,0,0.0,0,0.0,0,0.345,6.9,Low,Compliant within operational parameters
Mohan Jatua Choudhury,False,MATHURAPUR(SC),West Bengal,15th Lok Sabha,22.64,20.14,20.14,,,,0.0,0,0.0,0,0.0,0,0.0,0,0.0,0,0.345,6.9,Low,Compliant within operational parameters
Mahendra Kumar Roy,False,JALPAIGURI(SC),West Bengal,15th Lok Sabha,25.29,20.14,20.14,,,,0.0,0,0.0,0,0.0,0,0.0,0,0.0,0,0.345,6.9,Low,Compliant within operational parameters
Nripendra Nath Roy,False,COOCHBEHAR(SC),West Bengal,15th Lok Sabha,22.64,20.14,20.14,,,,0.0,0,0.0,0,0.0,0,0.0,0,0.0,0,0.345,6.9,Low,Compliant within operational parameters
Prasanta Kumar Majumdar,False,BALURGHAT,West Bengal,15th Lok Sabha,22.64,15.14,15.14,,,,0.0,0,0.0,0,0.0,0,0.0,0,0.0,0,0.345,6.9,Low,Compliant within operational parameters
Narahari Mahato,False,PURULIA,West Bengal,15th Lok Sabha,20.14,20.14,20.14,,,,0.0,0,0.0,0,0.0,0,0.0,0,0.0,0,0.345,6.9,Low,Compliant within operational parameters
Pranab Mukherjee,False,JANGIPUR,West Bengal,15th Lok Sabha,,20.14,20.14,,,,0.0,0,0.0,0,0.0,0,0.0,0,0.0,0,0.345,6.9,Low,Compliant within operational parameters
Manohar Tirkey,False,ALIPURDUARS(ST),West Bengal,15th Lok Sabha,22.64,20.14,20.14,,,,0.0,0,0.0,0,0.0,0,0.0,0,0.0,0,0.345,6.9,Low,Compliant within operational parameters
Prasun Banerjee,False,HOWRAH,West Bengal,15th Lok Sabha,7.5,20.14,20.14,,,,0.0,0,0.0,0,0.0,0,0.0,0,0.0,0,0.345,6.9,Low,Compliant within operational parameters
Prabodh Panda,False,MEDINIPUR,West Bengal,15th Lok Sabha,20.14,20.14,20.14,,,,0.0,0,0.0,0,0.0,0,0.0,0,0.0,0,0.345,6.9,Low,Compliant within operational parameters
Sisir Kumar Adhikari,False,KANTHI,West Bengal,15th Lok Sabha,20.14,20.14,20.14,,,,0.0,0,0.0,0,0.0,0,0.0,0,0.0,0,0.345,6.9,Low,Compliant within operational parameters
Somendra Nath Mitra,False,DIAMOND HARBOUR,West Bengal,15th Lok Sabha,22.64,20.14,20.14,,,,0.0,0,0.0,0,0.0,0,0.0,0,0.0,0,0.345,6.9,Low,Compliant within operational parameters
Sucharu Ranjan Haldar,False,RANAGHAT(SC),West Bengal,15th Lok Sabha,20.14,20.14,20.14,,,,-0.02,0,0.0,0,0.0,0,-0.0009930486593843098,0,0.0,0,0.355,7.1,Low,Compliant within operational parameters
Sultan Ahmed,False,ULUBERIA,West Bengal,15th Lok Sabha,20.14,20.14,20.14,,,,0.0,0,0.0,0,0.0,0,0.0,0,0.0,0,0.345,6.9,Low,Compliant within operational parameters
Sk. Nurul Islam,False,BASIRHAT,West Bengal,15th Lok Sabha,22.64,20.14,20.14,,,,0.0,0,0.0,0,0.0,0,0.0,0,0.0,0,0.345,6.9,Low,Compliant within operational parameters
Sakti Mohan Malik,False,ARAMBAG(SC),West Bengal,15th Lok Sabha,22.64,20.14,20.14,,,,0.0,0,0.0,0,0.0,0,0.0,0,0.0,0,0.345,6.9,Low,Compliant within operational parameters
Sk. Saidul Haque,False,BARDHAMAN-DURGAPUR,West Bengal,15th Lok Sabha,22.64,20.14,20.14,,,,0.0,0,0.0,0,0.0,0,0.0,0,0.0,0,0.345,6.9,Low,Compliant within operational parameters
Suvendu Adhikari,False,TAMLUK,West Bengal,15th Lok Sabha,20.14,20.14,20.14,,,,0.0,0,0.0,0,0.0,0,0.0,0,0.0,0,0.345,6.9,Low,Compliant within operational parameters
Ambica Banerjee,False,HOWRAH,West Bengal,15th Lok Sabha,12.64,20.14,20.14,,,,0.0,0,0.0,0,0.0,0,0.0,0,0.0,0,0.345,6.9,Low,Compliant within operational parameters
Satabdi Roy,False,BIRBHUM,West Bengal,15th Lok Sabha,20.14,20.14,20.14,,,,0.0,0,0.0,0,0.0,0,0.0,0,0.0,0,0.345,6.9,Low,Compliant within operational parameters
Sudip Bandyopadhyay,False,KOLKATA UTTAR,West Bengal,15th Lok Sabha,22.64,20.14,20.14,,,,0.0,0,0.0,0,0.0,0,0.0,0,0.0,0,0.345,6.9,Low,Compliant within operational parameters
Tapas Paul,False,KRISHNANAGAR,West Bengal,15th Lok Sabha,20.14,20.14,20.14,,,,0.0,0,0.0,0,0.0,0,0.0,0,0.0,0,0.345,6.9,Low,Compliant within operational parameters
Deepa Dasmunsi,False,RAIGANJ,West Bengal,15th Lok Sabha,22.64,20.14,20.14,,,,0.0,0,0.0,0,0.0,0,0.0,0,0.0,0,0.345,6.9,Low,Compliant within operational parameters
Susmita Bauri,False,BISHNUPUR(SC),West Bengal,15th Lok Sabha,17.64,17.64,17.64,,,,0.0,0,0.0,0,0.0,0,0.0,0,0.0,0,0.345,6.9,Low,Compliant within operational parameters
