Project_ID,MP_Name,State,Constituency,Allocated_Ceiling,Work_Type,Vendor,Sanctioned_Amount,Bill_Amount,UC_Amount,Cumulative_Sanctioned,Days_to_Completion,Is_Overrun,Is_Duplicate,Is_Delayed,Has_Doc_Mismatch,Duplicate_Group_ID,Ceiling_Breach,Doc_Amount_Gap_Pct,Vendor_Is_Suspect,Model_Risk_Prob,Risk_Score,Risk_Level,Amount_Ratio
MPLAD-1000,AASHTIKAR PATIL NAGESH BAPURAO,Maharashtra,HINGOLI,190289442.0,Health Sub-Centre,Vendor_022,4816019.08,4816019.08,4835497.96,4816019.08,262,0,0,0,0,,0,0.4,1,0.009116652172084846,0.4,Medium,1.15
MPLAD-1001,AASHTIKAR PATIL NAGESH BAPURAO,Maharashtra,HINGOLI,190289442.0,School Building,Vendor_022,10128682.8,10128682.8,11706383.22,14944701.88,148,1,0,0,1,,0,15.6,1,0.9647266605775947,1.0,High,2.03
MPLAD-1002,AASHTIKAR PATIL NAGESH BAPURAO,Maharashtra,HINGOLI,190289442.0,School Building,Vendor_015,4357930.9,4357930.9,4337442.0,19302632.79,135,0,0,0,0,,0,0.5,0,0.00011166112739750363,0.0,Low,0.87
MPLAD-1003,AASHTIKAR PATIL NAGESH BAPURAO,Maharashtra,HINGOLI,190289442.0,Community Hall,Vendor_004,2909997.25,2909997.25,2945894.67,22212630.04,149,0,0,0,0,,0,1.2,1,0.002284229369209672,0.4,Medium,1.04
MPLAD-1004,AASHTIKAR PATIL NAGESH BAPURAO,Maharashtra,HINGOLI,190289442.0,Road Construction,Vendor_008,6801108.17,6801108.17,9367371.0,29013738.21,133,1,0,0,1,,0,37.7,0,0.8109131574925836,0.85,High,1.94
MPLAD-1005,AASHTIKAR PATIL NAGESH BAPURAO,Maharashtra,HINGOLI,190289442.0,Community Hall,Vendor_018,2397932.68,2397932.68,2440088.23,31411670.88,271,0,0,1,0,,0,1.8,0,0.0010082943907614723,0.001,Low,0.86
MPLAD-1006,ABDUL RASHID SHEIKH,Jammu And Kashmir,BARAMULLAH,154773472.11,Community Hall,Vendor_025,1891823.19,1891823.19,1895054.13,1891823.19,85,0,0,0,0,,0,0.2,0,0.001486683879122714,0.001,Low,0.68
MPLAD-1007,ABDUL RASHID SHEIKH,Jammu And Kashmir,BARAMULLAH,154773472.11,Road Construction,Vendor_022,1249187.87,1249187.87,1260630.79,3141011.06,97,0,0,0,0,,0,0.9,1,2.3174931294200003e-05,0.4,Medium,0.36
MPLAD-1008,ABDUL RASHID SHEIKH,Jammu And Kashmir,BARAMULLAH,154773472.11,Road Construction,Vendor_012,3753904.41,3753904.41,3688370.01,6894915.48,215,0,0,0,0,,0,1.7,0,0.001840478186375028,0.002,Low,1.07
MPLAD-1009,ABDUL RASHID SHEIKH,Jammu And Kashmir,BARAMULLAH,154773472.11,Sports Infrastructure,Vendor_003,3950005.4,3950005.4,3983698.12,10844920.88,283,0,0,1,0,,0,0.9,0,0.013934351418720903,0.014,Low,1.32
MPLAD-1010,ABDUL RASHID SHEIKH,Jammu And Kashmir,BARAMULLAH,154773472.11,Road Construction,Vendor_010,2564357.74,2564357.74,2533761.8,13409278.62,129,0,1,0,0,DUPGRP-1010,0,1.2,0,0.00011421959620657902,0.75,High,0.73
MPLAD-1011,ABDUL RASHID SHEIKH,Jammu And Kashmir,BARAMULLAH,154773472.11,Road Construction,Vendor_010,2645548.1,2645548.1,2646455.07,16054826.72,142,0,1,0,0,DUPGRP-1010,0,0.0,0,0.00011132097791123269,0.75,High,0.76
MPLAD-1012,ABDUL RASHID SHEIKH,Jammu And Kashmir,BARAMULLAH,154773472.11,Solar Street Lighting,Vendor_007,1936352.55,1936352.55,1910112.75,17991179.27,317,0,0,1,0,,0,1.4,0,0.03686251386315757,0.037,Low,1.29
MPLAD-1013,ABDUL RASHID SHEIKH,Jammu And Kashmir,BARAMULLAH,154773472.11,Drinking Water Supply,Vendor_020,1711742.39,1711742.39,1714436.14,19702921.65,161,0,0,0,0,,0,0.2,0,0.0005875380939140764,0.001,Low,0.78
MPLAD-1014,ABDUL RASHID SHEIKH,Jammu And Kashmir,BARAMULLAH,154773472.11,Drinking Water Supply,Vendor_025,2779266.6,2779266.6,2819369.26,22482188.25,164,0,0,0,0,,0,1.4,0,0.011517815017052615,0.012,Low,1.26
MPLAD-1015,ABHAY KUMAR SINHA,Bihar,AURANGABAD_BR,147000000.0,School Building,Vendor_022,4406725.32,4406725.32,4416966.91,4406725.32,162,0,0,0,0,,0,0.2,1,9.89443583099287e-05,0.4,Medium,0.88
MPLAD-1016,ABHAY KUMAR SINHA,Bihar,AURANGABAD_BR,147000000.0,Community Hall,Vendor_017,2783304.28,2783304.28,2836366.85,7190029.6,79,0,0,0,0,,0,1.9,1,0.009122800275876244,0.4,Medium,0.99
MPLAD-1017,ABHAY KUMAR SINHA,Bihar,AURANGABAD_BR,147000000.0,Community Hall,Vendor_017,6589978.69,6589978.69,6521984.68,13780008.29,164,1,0,0,0,,0,1.0,1,0.9355147638967001,0.936,High,2.35
MPLAD-1018,ABHAY KUMAR SINHA,Bihar,AURANGABAD_BR,147000000.0,Community Hall,Vendor_002,4970310.74,4970310.74,4977423.2,18750319.03,139,1,0,0,0,,0,0.1,0,0.28733150508211125,0.287,Low,1.78
MPLAD-1019,ABHAY KUMAR SINHA,Bihar,AURANGABAD_BR,147000000.0,Road Construction,Vendor_004,5820607.76,5820607.76,7438872.13,24570926.79,184,0,0,0,1,,0,27.8,1,0.25810880034403855,1.0,High,1.66
MPLAD-1020,ABHAY KUMAR SINHA,Bihar,AURANGABAD_BR,147000000.0,School Building,Vendor_025,5642019.26,5642019.26,5737864.44,30212946.06,31,0,0,0,0,,0,1.7,0,0.010240193348239645,0.01,Low,1.13
MPLAD-1021,ABHAY KUMAR SINHA,Bihar,AURANGABAD_BR,147000000.0,Solar Street Lighting,Vendor_017,1187191.85,1187191.85,1167869.25,31400137.91,148,0,0,0,0,,0,1.6,1,0.0021493199213298863,0.4,Medium,0.79
MPLAD-1022,ABHAY KUMAR SINHA,Bihar,AURANGABAD_BR,147000000.0,Community Hall,Vendor_016,2667749.15,2667749.15,2709055.13,34067887.05,190,0,0,0,0,,0,1.5,0,0.0007472737937304892,0.001,Low,0.95
MPLAD-1023,ABHIJIT GANGOPADHYAY,West Bengal,TAMLUK,147000000.0,Community Hall,Vendor_018,6423765.23,6423765.23,6410512.78,6423765.23,137,1,1,0,0,DUPGRP-1023,0,0.2,0,0.9268553035844534,0.927,High,2.29
MPLAD-1024,ABHIJIT GANGOPADHYAY,West Bengal,TAMLUK,147000000.0,Community Hall,Vendor_018,6677867.52,6677867.52,6607682.89,13101632.74,125,0,1,0,0,DUPGRP-1023,0,1.1,0,0.9590830111544801,0.959,High,2.38
MPLAD-1025,ABHIJIT GANGOPADHYAY,West Bengal,TAMLUK,147000000.0,Health Sub-Centre,Vendor_016,5946118.68,5946118.68,7384656.93,19047751.42,135,0,0,0,1,,0,24.2,0,0.025108119225821016,0.722,High,1.42
MPLAD-1026,ABHIJIT GANGOPADHYAY,West Bengal,TAMLUK,147000000.0,Sports Infrastructure,Vendor_002,3315890.91,3315890.91,3335136.78,22363642.33,183,0,0,0,0,,0,0.6,0,0.0031840521255540287,0.003,Low,1.11
MPLAD-1027,Abu Taher Khan,West Bengal,MURSHIDABAD,147000000.0,Health Sub-Centre,Vendor_017,7819119.46,7819119.46,7948874.43,7819119.46,178,0,0,0,0,,0,1.7,1,0.7202344051664912,0.72,High,1.86
MPLAD-1028,Abu Taher Khan,West Bengal,MURSHIDABAD,147000000.0,School Building,Vendor_001,4808592.81,4808592.81,5897374.85,12627712.27,200,0,0,0,1,,0,22.6,0,0.0002711035725573868,0.706,High,0.96
MPLAD-1029,Abu Taher Khan,West Bengal,MURSHIDABAD,147000000.0,Sports Infrastructure,Vendor_003,681931.75,681931.75,670943.83,13309644.02,163,0,0,0,0,,0,1.6,0,7.64585683718079e-06,0.0,Low,0.23
MPLAD-1030,ADHIKARI SOUMENDU,West Bengal,KANTHI,147000000.0,Sports Infrastructure,Vendor_011,4057423.51,4057423.51,4065996.03,4057423.51,183,0,0,0,0,,0,0.2,0,0.023403073464007912,0.023,Low,1.35
MPLAD-1031,ADHIKARI SOUMENDU,West Bengal,KANTHI,147000000.0,Drinking Water Supply,Vendor_025,2443559.3,2443559.3,2413676.91,6500982.8,195,0,0,0,0,,0,1.2,0,0.004139409339857595,0.004,Low,1.11
MPLAD-1032,ADHIKARI SOUMENDU,West Bengal,KANTHI,147000000.0,Solar Street Lighting,Vendor_022,1342365.38,1342365.38,1333138.1,7843348.18,225,0,0,0,0,,0,0.7,1,0.006691516587307636,0.4,Medium,0.89
MPLAD-1033,ADHIKARI SOUMENDU,West Bengal,KANTHI,147000000.0,Drinking Water Supply,Vendor_017,2749008.15,2749008.15,2753085.75,10592356.33,83,0,1,0,0,DUPGRP-1033,0,0.1,1,0.025752232774826203,1.0,High,1.25
MPLAD-1034,ADHIKARI SOUMENDU,West Bengal,KANTHI,147000000.0,Drinking Water Supply,Vendor_012,2710885.18,2710885.18,2724210.86,13303241.52,79,0,1,0,0,DUPGRP-1033,0,0.5,0,0.02471581392437833,0.75,High,1.23
MPLAD-1035,ADHIKARI SOUMENDU,West Bengal,KANTHI,147000000.0,Community Hall,Vendor_004,2462930.6,2462930.6,2484071.91,15766172.11,102,0,0,0,0,,0,0.9,1,0.002690117695446317,0.4,Medium,0.88
MPLAD-1036,ADHIKARI SOUMENDU,West Bengal,KANTHI,147000000.0,School Building,Vendor_004,4333251.88,4333251.88,5447238.29,20099424.0,79,0,1,0,1,DUPGRP-1036,0,25.7,1,0.00036316021980109883,1.0,High,0.87
MPLAD-1037,ADHIKARI SOUMENDU,West Bengal,KANTHI,147000000.0,School Building,Vendor_004,4398597.29,4398597.29,4338149.48,24498021.28,89,0,1,0,0,DUPGRP-1036,0,1.4,1,0.00030995893671784797,1.0,High,0.88
MPLAD-1038,ADHIKARI SOUMENDU,West Bengal,KANTHI,147000000.0,Drinking Water Supply,Vendor_005,2347084.41,2347084.41,2339536.19,26845105.69,214,0,0,0,0,,0,0.3,0,0.003658571159545406,0.004,Low,1.07
MPLAD-1039,ADHIKARI SOUMENDU,West Bengal,KANTHI,147000000.0,Community Hall,Vendor_020,2187996.1,2187996.1,2145738.11,29033101.79,164,0,0,0,0,,0,1.9,0,0.0003394768630920189,0.0,Low,0.78
MPLAD-1040,ADITYA YADAV,Uttar Pradesh,BADAUN,147000000.0,Health Sub-Centre,Vendor_005,3871661.4,3871661.4,3834631.85,3871661.4,105,0,0,0,0,,0,1.0,0,0.0003310583678886624,0.0,Low,0.92
MPLAD-1041,ADITYA YADAV,Uttar Pradesh,BADAUN,147000000.0,Drinking Water Supply,Vendor_024,3130531.0,3130531.0,3186160.74,7002192.4,180,0,0,0,0,,0,1.8,0,0.030093022806393775,0.03,Low,1.42
MPLAD-1042,ADITYA YADAV,Uttar Pradesh,BADAUN,147000000.0,Community Hall,Vendor_001,2902165.61,2902165.61,2939387.57,9904358.02,219,0,0,0,0,,0,1.3,0,0.0012561369959544707,0.001,Low,1.04
MPLAD-1043,ADITYA YADAV,Uttar Pradesh,BADAUN,147000000.0,Community Hall,Vendor_010,3052892.68,3052892.68,4132447.8,12957250.7,142,0,1,0,1,DUPGRP-1043,0,35.4,0,0.003668214651151065,1.0,High,1.09
MPLAD-1044,ADITYA YADAV,Uttar Pradesh,BADAUN,147000000.0,Community Hall,Vendor_010,2999614.76,2999614.76,2981417.49,15956865.46,147,0,1,0,0,DUPGRP-1043,0,0.6,0,0.0029275956920863763,0.75,High,1.07
MPLAD-1045,Adv Adoor Prakash,Kerala,ATTINGAL,147000000.0,Health Sub-Centre,Vendor_024,9823243.28,9823243.28,10015977.33,9823243.28,175,1,0,0,0,,0,2.0,0,0.9903603674202627,0.99,High,2.34
MPLAD-1046,Adv Adoor Prakash,Kerala,ATTINGAL,147000000.0,Community Hall,Vendor_017,2197717.54,2197717.54,2218807.61,12020960.82,249,0,0,0,0,,0,1.0,1,0.0004211262441483944,0.4,Medium,0.78
MPLAD-1047,Adv Adoor Prakash,Kerala,ATTINGAL,147000000.0,School Building,Vendor_019,11018219.76,11018219.76,10802631.83,23039180.58,235,1,0,0,0,,0,2.0,0,0.9825703251110667,0.983,High,2.2
MPLAD-1048,Adv Adoor Prakash,Kerala,ATTINGAL,147000000.0,Road Construction,Vendor_015,3970450.27,3970450.27,4657044.5,27009630.85,172,0,0,0,1,,0,17.3,0,0.0024667910035857817,0.653,Medium,1.13
MPLAD-1049,Adv Adoor Prakash,Kerala,ATTINGAL,147000000.0,Community Hall,Vendor_013,3842299.79,3842299.79,3915187.94,30851930.64,227,0,0,0,0,,0,1.9,0,0.011142270825984126,0.011,Low,1.37
MPLAD-1050,Adv Dean Kuriakose,Kerala,IDUKKI,147000000.0,Sports Infrastructure,Vendor_009,6924518.32,6924518.32,6957262.44,6924518.32,280,1,0,1,0,,0,0.5,0,0.8479136701525606,0.848,High,2.31
MPLAD-1051,Adv Dean Kuriakose,Kerala,IDUKKI,147000000.0,Health Sub-Centre,Vendor_002,2328699.92,2328699.92,2727395.31,9253218.24,156,0,0,0,1,,0,17.1,0,1.1211800262903006e-05,0.651,Medium,0.55
MPLAD-1052,Adv Dean Kuriakose,Kerala,IDUKKI,147000000.0,School Building,Vendor_019,5434824.22,5434824.22,5447520.89,14688042.46,168,0,0,0,0,,0,0.2,0,0.0010207596626542104,0.001,Low,1.09
MPLAD-1053,Adv Dean Kuriakose,Kerala,IDUKKI,147000000.0,School Building,Vendor_020,3913499.31,3913499.31,3853626.88,18601541.77,67,0,0,0,0,,0,1.5,0,0.00026170321877411044,0.0,Low,0.78
MPLAD-1054,Adv Dean Kuriakose,Kerala,IDUKKI,147000000.0,Road Construction,Vendor_025,2174933.85,2174933.85,2150887.42,20776475.62,225,0,0,0,0,,0,1.1,0,5.983164190362523e-05,0.0,Low,0.62
MPLAD-1055,Adv Dean Kuriakose,Kerala,IDUKKI,147000000.0,Solar Street Lighting,Vendor_004,1522803.92,1522803.92,1496842.95,22299279.54,203,0,0,0,0,,0,1.7,1,0.00868672095707345,0.4,Medium,1.02
MPLAD-1056,Adv Dean Kuriakose,Kerala,IDUKKI,147000000.0,School Building,Vendor_003,3947279.84,3947279.84,3875509.82,26246559.37,121,0,0,0,0,,0,1.8,0,6.088855020116334e-05,0.0,Low,0.79
MPLAD-1057,Adv Dean Kuriakose,Kerala,IDUKKI,147000000.0,Community Hall,Vendor_004,2671045.07,2671045.07,2655376.95,28917604.44,143,0,0,0,0,,0,0.6,1,0.0014949810022356722,0.4,Medium,0.95
MPLAD-1058,ADV GOWAAL KAGADA PADAVI,Maharashtra,NANDURBAR(ST),147816309.11,Community Hall,Vendor_016,6467580.38,6467580.38,6573888.56,6467580.38,292,1,0,1,0,,0,1.6,0,0.7100752023837961,0.71,High,2.31
MPLAD-1059,ADV GOWAAL KAGADA PADAVI,Maharashtra,NANDURBAR(ST),147816309.11,Health Sub-Centre,Vendor_017,6390090.45,6390090.45,6273846.7,12857670.83,76,0,0,0,0,,0,1.8,1,0.06493197987629318,0.4,Medium,1.52
MPLAD-1060,ADV GOWAAL KAGADA PADAVI,Maharashtra,NANDURBAR(ST),147816309.11,Sports Infrastructure,Vendor_025,2892015.04,2892015.04,2931591.56,15749685.87,271,0,0,1,0,,0,1.4,0,0.0016115509287894566,0.002,Low,0.96
MPLAD-1061,ADV GOWAAL KAGADA PADAVI,Maharashtra,NANDURBAR(ST),147816309.11,Health Sub-Centre,Vendor_023,9685193.99,9685193.99,9857499.69,25434879.86,294,1,0,1,0,,0,1.8,0,0.9591474452378617,0.959,High,2.31
MPLAD-1062,ADV K FRANCIS GEORGE,Kerala,KOTTAYAM,188722256.11,School Building,Vendor_001,3398569.36,3398569.36,3414628.04,3398569.36,171,0,0,0,0,,0,0.5,0,1.1954505688290041e-05,0.0,Low,0.68
MPLAD-1063,ADV K FRANCIS GEORGE,Kerala,KOTTAYAM,188722256.11,Community Hall,Vendor_018,2798527.63,2798527.63,2804338.14,6197096.99,154,0,0,0,0,,0,0.2,0,0.0016027500505582063,0.002,Low,1.0
MPLAD-1064,ADV K FRANCIS GEORGE,Kerala,KOTTAYAM,188722256.11,Health Sub-Centre,Vendor_005,9777826.64,9777826.64,9857644.9,15974923.63,260,1,0,0,0,,0,0.8,0,0.9838080997441726,0.984,High,2.33
MPLAD-1065,ADV K FRANCIS GEORGE,Kerala,KOTTAYAM,188722256.11,School Building,Vendor_015,5304670.32,5304670.32,5390427.47,21279593.95,182,0,0,0,0,,0,1.6,0,0.000762271526018582,0.001,Low,1.06
MPLAD-1066,AFZAL ANSARI,Uttar Pradesh,GHAZIPUR,220500000.0,Road Construction,Vendor_005,2915942.6,2915942.6,2911200.91,2915942.6,260,0,0,0,0,,0,0.2,0,0.0005978564741477854,0.001,Low,0.83
MPLAD-1067,AFZAL ANSARI,Uttar Pradesh,GHAZIPUR,220500000.0,Road Construction,Vendor_013,3162337.87,3162337.87,3172413.07,6078280.48,80,0,0,0,0,,0,0.3,0,0.00154861717063451,0.002,Low,0.9
MPLAD-1068,AFZAL ANSARI,Uttar Pradesh,GHAZIPUR,220500000.0,School Building,Vendor_003,9348122.14,9348122.14,9525029.88,15426402.62,209,1,0,0,0,,0,1.9,0,0.8612499843778834,0.861,High,1.87
MPLAD-1069,AFZAL ANSARI,Uttar Pradesh,GHAZIPUR,220500000.0,Health Sub-Centre,Vendor_004,3139851.2,3139851.2,3189362.55,18566253.82,146,0,0,0,0,,0,1.6,1,5.209490712968205e-05,0.4,Medium,0.75
MPLAD-1070,AFZAL ANSARI,Uttar Pradesh,GHAZIPUR,220500000.0,Road Construction,Vendor_015,3377660.59,3377660.59,3331316.07,21943914.41,182,0,0,0,0,,0,1.4,0,0.0005548221116067059,0.001,Low,0.97
MPLAD-1071,AFZAL ANSARI,Uttar Pradesh,GHAZIPUR,220500000.0,Health Sub-Centre,Vendor_014,9471566.95,9471566.95,9421903.22,31415481.36,182,1,0,0,0,,0,0.5,0,0.9840765202387216,0.984,High,2.26
MPLAD-1072,AGA SYED RUHULLAH MEHDI,Jammu And Kashmir,SRINAGAR,147000000.0,Health Sub-Centre,Vendor_017,10366903.78,10366903.78,10380429.38,10366903.78,208,1,0,0,0,,0,0.1,1,0.9958374375945426,0.996,High,2.47
MPLAD-1073,AGA SYED RUHULLAH MEHDI,Jammu And Kashmir,SRINAGAR,147000000.0,Sports Infrastructure,Vendor_022,5828913.46,5828913.46,5740258.51,16195817.24,214,1,0,0,0,,0,1.5,1,0.6943750384895233,0.694,High,1.94
MPLAD-1074,AGA SYED RUHULLAH MEHDI,Jammu And Kashmir,SRINAGAR,147000000.0,Road Construction,Vendor_004,887982.33,887982.33,891066.87,17083799.57,156,0,0,0,0,,0,0.3,1,2.8780031372499366e-06,0.4,Medium,0.25
MPLAD-1075,AGA SYED RUHULLAH MEHDI,Jammu And Kashmir,SRINAGAR,147000000.0,Road Construction,Vendor_024,1672308.51,1672308.51,1660960.13,18756108.09,111,0,0,0,0,,0,0.7,0,2.9398647908743545e-05,0.0,Low,0.48
MPLAD-1076,Ajay Bhatt NAINITAL UDHAM SINGH,Uttarakhand,NAG.,147000000.0,Road Construction,Vendor_024,6959491.51,6959491.51,6842637.12,6959491.51,104,1,0,0,0,,0,1.7,0,0.8573241707286291,0.857,High,1.99
MPLAD-1077,Ajay Bhatt NAINITAL UDHAM SINGH,Uttarakhand,NAG.,147000000.0,School Building,Vendor_017,11260949.49,11260949.49,11112704.76,18220441.0,234,1,0,0,0,,0,1.3,1,0.9871210881941009,0.987,High,2.25
MPLAD-1078,Ajay Bhatt NAINITAL UDHAM SINGH,Uttarakhand,NAG.,147000000.0,School Building,Vendor_005,5428970.25,5428970.25,5390680.64,23649411.25,286,0,0,1,0,,0,0.7,0,0.0033504038258617224,0.003,Low,1.09
MPLAD-1079,Ajay Kumar Mandal,Bihar,BHAGALPUR,147000000.0,Community Hall,Vendor_005,2387242.65,2387242.65,2428495.57,2387242.65,161,0,0,0,0,,0,1.7,0,0.0005543258683573176,0.001,Low,0.85
MPLAD-1080,Ajay Kumar Mandal,Bihar,BHAGALPUR,147000000.0,Health Sub-Centre,Vendor_017,4006883.17,4006883.17,4056548.4,6394125.82,155,0,0,0,0,,0,1.2,1,0.00032465101017493855,0.4,Medium,0.95
MPLAD-1081,Ajay Kumar Mandal,Bihar,BHAGALPUR,147000000.0,Road Construction,Vendor_004,6367853.93,6367853.93,6486302.86,12761979.75,143,0,0,0,0,,0,1.9,1,0.5932379071621924,0.593,Medium,1.82
MPLAD-1082,Ajay Kumar Mandal,Bihar,BHAGALPUR,147000000.0,Solar Street Lighting,Vendor_004,1834050.48,1834050.48,1855711.88,14596030.23,168,0,0,0,0,,0,1.2,1,0.015310906801711566,0.4,Medium,1.22
MPLAD-1083,Ajay Kumar Mandal,Bihar,BHAGALPUR,147000000.0,Solar Street Lighting,Vendor_004,1278783.81,1278783.81,1283300.82,15874814.04,207,0,0,0,0,,0,0.4,1,0.004515745113661456,0.4,Medium,0.85
MPLAD-1084,Ajay Tamta,Uttarakhand,ALMORA(SC),147000000.0,Sports Infrastructure,Vendor_001,3250190.49,3250190.49,3302138.23,3250190.49,228,0,0,0,0,,0,1.6,0,0.0027293319290933636,0.003,Low,1.08
MPLAD-1085,Ajay Tamta,Uttarakhand,ALMORA(SC),147000000.0,Sports Infrastructure,Vendor_010,710938.74,710938.74,719300.1,3961129.24,265,0,0,0,0,,0,1.2,0,3.0941701537330514e-05,0.0,Low,0.24
MPLAD-1086,Ajay Tamta,Uttarakhand,ALMORA(SC),147000000.0,Health Sub-Centre,Vendor_005,4823455.2,4823455.2,4754600.95,8784584.44,274,0,0,1,0,,0,1.4,0,0.011028346846964352,0.011,Low,1.15
MPLAD-1087,Ajay Tamta,Uttarakhand,ALMORA(SC),147000000.0,Community Hall,Vendor_015,3231081.84,3231081.84,3182937.26,12015666.28,200,0,0,0,0,,0,1.5,0,0.002652610604909873,0.003,Low,1.15
MPLAD-1088,AJENDRA SINGH LODHI,Uttar Pradesh,HAMIRPUR_UP,147000000.0,Health Sub-Centre,Vendor_004,6038526.64,6038526.64,5978575.92,6038526.64,151,0,1,0,0,DUPGRP-1088,0,1.0,1,0.033734632991601864,1.0,High,1.44
MPLAD-1089,AJENDRA SINGH LODHI,Uttar Pradesh,HAMIRPUR_UP,147000000.0,Health Sub-Centre,Vendor_004,5963985.13,5963985.13,5926417.81,12002511.77,145,0,1,0,0,DUPGRP-1088,0,0.6,1,0.027416936985523867,1.0,High,1.42
MPLAD-1090,AJENDRA SINGH LODHI,Uttar Pradesh,HAMIRPUR_UP,147000000.0,Solar Street Lighting,Vendor_018,1827182.83,1827182.83,1791962.8,13829694.6,176,0,0,0,0,,0,1.9,0,0.01608422126391568,0.016,Low,1.22
MPLAD-1091,AJENDRA SINGH LODHI,Uttar Pradesh,HAMIRPUR_UP,147000000.0,Community Hall,Vendor_022,3884473.58,3884473.58,3951965.07,17714168.19,220,0,0,0,0,,0,1.7,1,0.01215728119077964,0.4,Medium,1.39
MPLAD-1092,AJENDRA SINGH LODHI,Uttar Pradesh,HAMIRPUR_UP,147000000.0,Solar Street Lighting,Vendor_023,1335363.15,1335363.15,1355120.99,19049531.33,151,0,0,0,0,,0,1.5,0,0.003275122858177523,0.003,Low,0.89
MPLAD-1093,AJENDRA SINGH LODHI,Uttar Pradesh,HAMIRPUR_UP,147000000.0,Sports Infrastructure,Vendor_025,1416593.28,1416593.28,1747190.44,20466124.61,264,0,0,0,1,,0,23.3,0,9.222242418827989e-05,0.713,High,0.47
MPLAD-1094,AJENDRA SINGH LODHI,Uttar Pradesh,HAMIRPUR_UP,147000000.0,Sports Infrastructure,Vendor_012,1444250.02,1444250.02,1429705.07,21910374.63,30,0,0,0,0,,0,1.0,0,0.0013534446326012165,0.001,Low,0.48
MPLAD-1095,AJENDRA SINGH LODHI,Uttar Pradesh,HAMIRPUR_UP,147000000.0,Road Construction,Vendor_022,4465326.93,4465326.93,4414007.96,26375701.57,170,0,0,0,0,,0,1.1,1,0.009038621435671886,0.4,Medium,1.28
MPLAD-1096,AKHILESH YADAV,Uttar Pradesh,KANNAUJ,147000000.0,Sports Infrastructure,Vendor_008,5276651.63,5276651.63,5296784.17,5276651.63,82,0,0,0,0,,0,0.4,0,0.5150127478407471,0.515,Medium,1.76
MPLAD-1097,AKHILESH YADAV,Uttar Pradesh,KANNAUJ,147000000.0,Health Sub-Centre,Vendor_017,5954616.02,5954616.02,7550552.77,11231267.64,160,0,0,0,1,,0,26.8,1,0.02982112660484109,1.0,High,1.42
MPLAD-1098,AKHILESH YADAV,Uttar Pradesh,KANNAUJ,147000000.0,School Building,Vendor_018,10617534.17,10617534.17,10730231.35,21848801.82,270,1,0,0,0,,0,1.1,0,0.9373861183903299,0.937,High,2.12
MPLAD-1099,AKSHAYA YADAV,Uttar Pradesh,FIROZABAD,147000000.0,Road Construction,Vendor_002,3631679.17,3631679.17,3562733.39,3631679.17,168,0,0,0,0,,0,1.9,0,0.001031145086553967,0.001,Low,1.04
MPLAD-1100,AKSHAYA YADAV,Uttar Pradesh,FIROZABAD,147000000.0,Community Hall,Vendor_023,2568864.67,2568864.67,2519512.73,6200543.84,241,0,0,0,0,,0,1.9,0,0.0007640680960166457,0.001,Low,0.92
MPLAD-1101,AKSHAYA YADAV,Uttar Pradesh,FIROZABAD,147000000.0,Solar Street Lighting,Vendor_003,1981395.35,1981395.35,1999011.29,8181939.19,190,0,0,0,0,,0,0.9,0,0.029016877429588958,0.029,Low,1.32
MPLAD-1102,AKSHAYA YADAV,Uttar Pradesh,FIROZABAD,147000000.0,Solar Street Lighting,Vendor_016,2323198.62,2323198.62,3039464.44,10505137.81,119,0,0,0,1,,0,30.8,0,0.048611679484507016,0.788,High,1.55
MPLAD-1103,AKSHAYA YADAV,Uttar Pradesh,FIROZABAD,147000000.0,Road Construction,Vendor_020,1496264.99,1496264.99,1515722.86,12001402.8,285,0,0,1,0,,0,1.3,0,0.00010616395700685384,0.0,Low,0.43
MPLAD-1104,AKSHAYA YADAV,Uttar Pradesh,FIROZABAD,147000000.0,School Building,Vendor_002,6134527.35,6134527.35,6065700.54,18135930.16,95,0,0,0,0,,0,1.1,0,0.008604417262273466,0.009,Low,1.23
MPLAD-1105,ALFRED KANNGAM S ARTHUR OUTER,Manipur,MANIPUR(ST),147000000.0,Solar Street Lighting,Vendor_017,1583207.57,1583207.57,1583996.5,1583207.57,121,0,0,0,0,,0,0.0,1,0.0065800188191589126,0.4,Medium,1.06
MPLAD-1106,ALFRED KANNGAM S ARTHUR OUTER,Manipur,MANIPUR(ST),147000000.0,Road Construction,Vendor_004,1882177.49,1882177.49,1912335.42,3465385.07,224,0,0,0,0,,0,1.6,1,3.2674892478671985e-05,0.4,Medium,0.54
MPLAD-1107,ALFRED KANNGAM S ARTHUR OUTER,Manipur,MANIPUR(ST),147000000.0,Drinking Water Supply,Vendor_025,2356676.2,2356676.2,2377434.05,5822061.27,121,0,0,0,0,,0,0.9,0,0.005741384490666377,0.006,Low,1.07
MPLAD-1108,ALFRED KANNGAM S ARTHUR OUTER,Manipur,MANIPUR(ST),147000000.0,Health Sub-Centre,Vendor_007,9572838.65,9572838.65,9702304.39,15394899.93,238,1,0,0,0,,0,1.4,0,0.9848757585884669,0.985,High,2.28
MPLAD-1109,Alok Kumar Suman GOPALGANJ,Bihar,(SC),147000000.0,Community Hall,Vendor_021,1130692.78,1130692.78,1119175.5,1130692.78,120,0,0,0,0,,0,1.0,0,0.00012125776746447676,0.0,Low,0.4
MPLAD-1110,Alok Kumar Suman GOPALGANJ,Bihar,(SC),147000000.0,Health Sub-Centre,Vendor_022,5271740.0,5271740.0,5306253.28,6402432.78,172,0,0,0,0,,0,0.7,1,0.006737805397110432,0.4,Medium,1.26
MPLAD-1111,Alok Kumar Suman GOPALGANJ,Bihar,(SC),147000000.0,Solar Street Lighting,Vendor_020,622606.58,622606.58,793257.79,7025039.36,172,0,0,0,1,,0,27.4,0,0.0005052193742182809,0.754,High,0.42
MPLAD-1112,Alok Kumar Suman GOPALGANJ,Bihar,(SC),147000000.0,Health Sub-Centre,Vendor_001,3575840.63,3575840.63,3602788.51,10600879.99,317,0,0,1,0,,0,0.8,0,0.0030154900240974367,0.003,Low,0.85
MPLAD-1113,Alok Kumar Suman GOPALGANJ,Bihar,(SC),147000000.0,Drinking Water Supply,Vendor_025,2988578.17,2988578.17,2950937.98,13589458.17,144,0,0,0,0,,0,1.3,0,0.02447819204796774,0.024,Low,1.36
MPLAD-1114,Alok Kumar Suman GOPALGANJ,Bihar,(SC),147000000.0,Solar Street Lighting,Vendor_016,1845810.34,1845810.34,1827327.73,15435268.51,257,0,0,0,0,,0,1.0,0,0.03365245193122526,0.034,Low,1.23
MPLAD-1115,Alok Kumar Suman GOPALGANJ,Bihar,(SC),147000000.0,Road Construction,Vendor_022,3160021.62,3160021.62,3167075.62,18595290.13,187,0,0,0,0,,0,0.2,1,0.000332309168391991,0.4,Medium,0.9
MPLAD-1116,ALOK SHARMA,Madhya Pradesh,BHOPAL,147000000.0,Drinking Water Supply,Vendor_022,2486021.0,2486021.0,2483456.84,2486021.0,144,0,0,0,0,,0,0.1,1,0.005962515554396724,0.4,Medium,1.13
MPLAD-1117,ALOK SHARMA,Madhya Pradesh,BHOPAL,147000000.0,Solar Street Lighting,Vendor_024,3978316.69,3978316.69,3917936.49,6464337.69,30,1,0,0,0,,0,1.5,0,0.6884995391943373,0.688,High,2.65
MPLAD-1118,ALOK SHARMA,Madhya Pradesh,BHOPAL,147000000.0,Drinking Water Supply,Vendor_024,176530.05,176530.05,178582.9,6640867.73,257,0,0,0,0,,0,1.2,0,6.813927534552037e-05,0.0,Low,0.08
MPLAD-1119,ALOK SHARMA,Madhya Pradesh,BHOPAL,147000000.0,Road Construction,Vendor_003,323296.54,323296.54,317105.67,6964164.28,223,0,0,0,0,,0,1.9,0,2.3950398918550365e-06,0.0,Low,0.09
MPLAD-1120,ALOK SHARMA,Madhya Pradesh,BHOPAL,147000000.0,Sports Infrastructure,Vendor_004,3640903.85,3640903.85,3626621.44,10605068.13,169,0,1,0,0,DUPGRP-1120,0,0.4,1,0.008123481693321893,1.0,High,1.21
MPLAD-1121,ALOK SHARMA,Madhya Pradesh,BHOPAL,147000000.0,Sports Infrastructure,Vendor_004,3635042.17,3635042.17,3601845.08,14240110.3,177,0,1,0,0,DUPGRP-1120,0,0.9,1,0.007672782986354204,1.0,High,1.21
MPLAD-1122,ALOK SHARMA,Madhya Pradesh,BHOPAL,147000000.0,Road Construction,Vendor_003,1481815.61,1481815.61,1469783.44,15721925.91,74,0,0,0,0,,0,0.8,0,9.101011787811832e-05,0.0,Low,0.42
MPLAD-1123,ALOK SHARMA,Madhya Pradesh,BHOPAL,147000000.0,Drinking Water Supply,Vendor_005,653057.36,653057.36,642331.83,16374983.27,107,0,0,0,0,,0,1.6,0,0.0001378891405626698,0.0,Low,0.3
MPLAD-1124,ALOK SHARMA,Madhya Pradesh,BHOPAL,147000000.0,Solar Street Lighting,Vendor_007,1621747.87,1621747.87,1604341.44,17996731.14,235,0,0,0,0,,0,1.1,0,0.016067591778909294,0.016,Low,1.08
MPLAD-1125,AMAR SHARADRAO KALE,Maharashtra,WARDHA,147000000.0,Health Sub-Centre,Vendor_009,4575919.24,4575919.24,4627093.48,4575919.24,327,0,0,1,0,,0,1.1,0,0.01382795598682259,0.014,Low,1.09
MPLAD-1126,AMAR SHARADRAO KALE,Maharashtra,WARDHA,147000000.0,Solar Street Lighting,Vendor_017,875412.47,875412.47,871779.23,5451331.71,214,0,0,0,0,,0,0.4,1,0.0016058459712764523,0.4,Medium,0.58
MPLAD-1127,AMAR SHARADRAO KALE,Maharashtra,WARDHA,147000000.0,Drinking Water Supply,Vendor_017,3988539.75,3988539.75,3981748.4,9439871.46,140,0,0,0,0,,0,0.2,1,0.3206371533187112,0.4,Medium,1.81
MPLAD-1128,AMAR SHARADRAO KALE,Maharashtra,WARDHA,147000000.0,School Building,Vendor_022,4093058.33,4093058.33,4101384.82,13532929.79,178,0,0,0,0,,0,0.2,1,4.9798286424376004e-05,0.4,Medium,0.82
MPLAD-1129,AMAR SHARADRAO KALE,Maharashtra,WARDHA,147000000.0,School Building,Vendor_016,4646814.92,4646814.92,4568029.26,18179744.7,186,0,0,0,0,,0,1.7,0,0.00017196577282565693,0.0,Low,0.93
MPLAD-1130,AMAR SHARADRAO KALE,Maharashtra,WARDHA,147000000.0,Road Construction,Vendor_008,7751926.03,7751926.03,7772308.01,25931670.74,241,1,0,0,0,,0,0.3,0,0.9639005866225507,0.964,High,2.21
MPLAD-1131,AMARSING TISSO Diphu,Assam,(ST),147000000.0,Road Construction,Vendor_009,4208785.8,4208785.8,4164793.89,4208785.8,246,0,0,0,0,,0,1.0,0,0.00785730366814629,0.008,Low,1.2
MPLAD-1132,AMARSING TISSO Diphu,Assam,(ST),147000000.0,Health Sub-Centre,Vendor_025,5996806.69,5996806.69,8134393.54,10205592.49,218,0,0,0,1,,0,35.6,0,0.06049073163124137,0.836,High,1.43
MPLAD-1133,AMARSING TISSO Diphu,Assam,(ST),147000000.0,Drinking Water Supply,Vendor_013,2383702.34,2383702.34,2336637.18,12589294.83,170,0,1,0,0,DUPGRP-1133,0,2.0,0,0.0035584944366602545,0.75,High,1.08
MPLAD-1134,AMARSING TISSO Diphu,Assam,(ST),147000000.0,Drinking Water Supply,Vendor_013,2343091.33,2343091.33,2348700.16,14932386.16,171,0,1,0,0,DUPGRP-1133,0,0.2,0,0.0031525453222385016,0.75,High,1.07
MPLAD-1135,AMARSING TISSO Diphu,Assam,(ST),147000000.0,Sports Infrastructure,Vendor_002,2609061.43,2609061.43,2622902.18,17541447.59,139,0,1,0,0,DUPGRP-1135,0,0.5,0,0.0007121023900489691,0.75,High,0.87
MPLAD-1136,AMARSING TISSO Diphu,Assam,(ST),147000000.0,Sports Infrastructure,Vendor_002,2699236.46,2699236.46,2664011.8,20240684.05,127,0,1,0,0,DUPGRP-1135,0,1.3,0,0.0010654121401582938,0.75,High,0.9
MPLAD-1137,AMARSING TISSO Diphu,Assam,(ST),147000000.0,Community Hall,Vendor_001,7126268.57,7126268.57,8328281.98,27366952.62,118,1,1,0,1,DUPGRP-1137,0,16.9,0,0.9833214177840538,1.0,High,2.55
MPLAD-1138,AMARSING TISSO Diphu,Assam,(ST),147000000.0,Community Hall,Vendor_015,7327180.7,7327180.7,7311341.77,34694133.32,131,0,1,0,0,DUPGRP-1137,0,0.2,0,0.9887527919227372,0.989,High,2.62
MPLAD-1139,AMARSING TISSO Diphu,Assam,(ST),147000000.0,School Building,Vendor_014,7348286.04,7348286.04,7478880.85,42042419.36,176,0,0,0,0,,0,1.8,0,0.08802796524341017,0.088,Low,1.47
MPLAD-1140,AMARSING TISSO Diphu,Assam,(ST),147000000.0,School Building,Vendor_002,5660021.68,5660021.68,5598905.59,47702441.04,149,0,0,0,0,,0,1.1,0,0.0018329171825458576,0.002,Low,1.13
MPLAD-1141,AMBICA G LAKSHMINARAYANA VALMIKI,Andhra Pradesh,ANANTAPUR,201899064.11,School Building,Vendor_019,5646260.37,5646260.37,5755566.92,5646260.37,194,0,0,0,0,,0,1.9,0,0.0017721708086059574,0.002,Low,1.13
MPLAD-1142,AMBICA G LAKSHMINARAYANA VALMIKI,Andhra Pradesh,ANANTAPUR,201899064.11,Road Construction,Vendor_024,4630599.81,4630599.81,4698087.7,10276860.17,231,0,0,0,0,,0,1.5,0,0.018549378267767546,0.019,Low,1.32
MPLAD-1143,AMBICA G LAKSHMINARAYANA VALMIKI,Andhra Pradesh,ANANTAPUR,201899064.11,School Building,Vendor_014,5404504.04,5404504.04,5300275.34,15681364.21,166,0,0,0,0,,0,1.9,0,0.0009526630534865858,0.001,Low,1.08
MPLAD-1144,AMBICA G LAKSHMINARAYANA VALMIKI,Andhra Pradesh,ANANTAPUR,201899064.11,Health Sub-Centre,Vendor_004,5823962.3,5823962.3,5765149.59,21505326.51,209,0,0,0,0,,0,1.0,1,0.03745143766931761,0.4,Medium,1.39
MPLAD-1145,AMBICA G LAKSHMINARAYANA VALMIKI,Andhra Pradesh,ANANTAPUR,201899064.11,Road Construction,Vendor_024,2611001.11,2611001.11,2661586.79,24116327.62,179,0,0,0,0,,0,1.9,0,8.691849849551613e-05,0.0,Low,0.75
MPLAD-1146,Amol Ramsing Kolhe,Maharashtra,SHIRUR,147000000.0,Health Sub-Centre,Vendor_013,8652001.78,8652001.78,8808654.46,8652001.78,34,1,0,0,0,,0,1.8,0,0.694075835649908,0.694,High,2.06
MPLAD-1147,Amol Ramsing Kolhe,Maharashtra,SHIRUR,147000000.0,Road Construction,Vendor_015,6539628.63,6539628.63,6570536.41,15191630.41,177,1,0,0,0,,0,0.5,0,0.6943299017514872,0.694,High,1.87
MPLAD-1148,Amol Ramsing Kolhe,Maharashtra,SHIRUR,147000000.0,Community Hall,Vendor_004,2856252.46,2856252.46,3568118.6,18047882.87,133,0,0,0,1,,0,24.9,1,0.0028432159253222204,1.0,High,1.02
MPLAD-1149,AMRARAM,Rajasthan,SIKAR,165691544.11,Solar Street Lighting,Vendor_017,1994441.37,1994441.37,1964462.52,1994441.37,217,0,0,0,0,,0,1.5,1,0.03898436872668172,0.4,Medium,1.33
MPLAD-1150,AMRARAM,Rajasthan,SIKAR,165691544.11,School Building,Vendor_020,13717970.19,13717970.19,13890720.65,15712411.55,201,1,0,0,0,,0,1.3,0,0.9988313483233936,0.999,High,2.74
MPLAD-1151,AMRARAM,Rajasthan,SIKAR,165691544.11,Sports Infrastructure,Vendor_009,5155884.91,5155884.91,5143223.54,20868296.46,250,0,0,0,0,,0,0.2,0,0.20757366328569882,0.208,Low,1.72
MPLAD-1152,AMRARAM,Rajasthan,SIKAR,165691544.11,Drinking Water Supply,Vendor_023,4318865.6,4318865.6,4361065.94,25187162.06,150,1,0,0,0,,0,1.0,0,0.5464069224801387,0.546,Medium,1.96
MPLAD-1153,AMRINDER SINGH RAJA WARRING,Punjab,LUDHIANA,147000000.0,Sports Infrastructure,Vendor_022,3505991.11,3505991.11,3445996.37,3505991.11,60,0,0,0,0,,0,1.7,1,0.023609880075359666,0.4,Medium,1.17
MPLAD-1154,AMRINDER SINGH RAJA WARRING,Punjab,LUDHIANA,147000000.0,Sports Infrastructure,Vendor_024,2663377.27,2663377.27,2646963.94,6169368.38,201,0,0,0,0,,0,0.6,0,0.0005888795817957575,0.001,Low,0.89
MPLAD-1155,AMRINDER SINGH RAJA WARRING,Punjab,LUDHIANA,147000000.0,Community Hall,Vendor_021,5594380.69,5594380.69,5618143.09,11763749.07,200,0,0,0,0,,0,0.4,0,0.4719589323477198,0.472,Medium,2.0
MPLAD-1156,AMRINDER SINGH RAJA WARRING,Punjab,LUDHIANA,147000000.0,Sports Infrastructure,Vendor_012,1367047.72,1367047.72,1365178.3,13130796.79,145,0,0,0,0,,0,0.1,0,3.6714923023039993e-05,0.0,Low,0.46
MPLAD-1157,AMRINDER SINGH RAJA WARRING,Punjab,LUDHIANA,147000000.0,Health Sub-Centre,Vendor_012,4722113.16,4722113.16,4724495.97,17852909.94,138,0,0,0,0,,0,0.1,0,0.001560974314330237,0.002,Low,1.12
MPLAD-1158,AMRINDER SINGH RAJA WARRING,Punjab,LUDHIANA,147000000.0,Health Sub-Centre,Vendor_024,2054361.43,2054361.43,2067724.74,19907271.37,176,0,0,0,0,,0,0.7,0,7.75093554273933e-06,0.0,Low,0.49
MPLAD-1159,AMRINDER SINGH RAJA WARRING,Punjab,LUDHIANA,147000000.0,Sports Infrastructure,Vendor_001,3374280.06,3374280.06,3324458.63,23281551.43,174,0,0,0,0,,0,1.5,0,0.003855667840952178,0.004,Low,1.12
MPLAD-1160,ANAND BHADAURIYA,Uttar Pradesh,DHAURAHRA,147000000.0,Sports Infrastructure,Vendor_001,3076821.89,3076821.89,3087638.07,3076821.89,103,0,0,0,0,,0,0.4,0,0.0040921835963349095,0.004,Low,1.03
MPLAD-1161,ANAND BHADAURIYA,Uttar Pradesh,DHAURAHRA,147000000.0,Community Hall,Vendor_005,2486213.08,2486213.08,2514236.71,5563034.97,159,0,1,0,0,DUPGRP-1161,0,1.1,0,0.0007167034041163919,0.75,High,0.89
MPLAD-1162,ANAND BHADAURIYA,Uttar Pradesh,DHAURAHRA,147000000.0,Community Hall,Vendor_005,2527063.67,2527063.67,2564289.47,8090098.64,158,0,1,0,0,DUPGRP-1161,0,1.5,0,0.0008000998627501172,0.75,High,0.9
MPLAD-1163,ANAND BHADAURIYA,Uttar Pradesh,DHAURAHRA,147000000.0,Community Hall,Vendor_003,2510539.18,2510539.18,2554109.59,10600637.81,152,0,1,0,0,DUPGRP-1163,0,1.7,0,0.0008631125013204131,0.75,High,0.9
MPLAD-1164,ANAND BHADAURIYA,Uttar Pradesh,DHAURAHRA,147000000.0,Community Hall,Vendor_003,2473615.39,2473615.39,2492237.55,13074253.21,150,0,1,0,0,DUPGRP-1163,0,0.8,0,0.0008270742187602027,0.75,High,0.88
MPLAD-1165,ANAND BHADAURIYA,Uttar Pradesh,DHAURAHRA,147000000.0,Community Hall,Vendor_015,2925408.33,2925408.33,2906996.22,15999661.54,207,0,0,0,0,,0,0.6,0,0.0012845850589453753,0.001,Low,1.04
MPLAD-1166,ANAND BHADAURIYA,Uttar Pradesh,DHAURAHRA,147000000.0,Solar Street Lighting,Vendor_001,1030766.04,1030766.04,1016589.46,17030427.59,218,0,0,0,0,,0,1.4,0,0.002591971108420153,0.003,Low,0.69
MPLAD-1167,ANAND BHADAURIYA,Uttar Pradesh,DHAURAHRA,147000000.0,Solar Street Lighting,Vendor_010,1773607.97,1773607.97,2147904.56,18804035.56,124,0,0,0,1,,0,21.1,0,0.010924121089823765,0.691,High,1.18
MPLAD-1168,ANAND BHADAURIYA,Uttar Pradesh,DHAURAHRA,147000000.0,Drinking Water Supply,Vendor_001,1840863.34,1840863.34,1873326.99,20644898.89,184,0,0,0,0,,0,1.8,0,0.0007435020115212702,0.001,Low,0.84
MPLAD-1169,ANAND KUMAR,Uttar Pradesh,BAHRAICH(SC),147000000.0,Health Sub-Centre,Vendor_009,1793777.53,1793777.53,1829175.0,1793777.53,236,0,0,0,0,,0,2.0,0,1.918946582004474e-05,0.0,Low,0.43
MPLAD-1170,ANAND KUMAR,Uttar Pradesh,BAHRAICH(SC),147000000.0,Health Sub-Centre,Vendor_014,6297824.65,6297824.65,6282249.46,8091602.18,207,0,0,0,0,,0,0.2,0,0.10172442939281912,0.102,Low,1.5
MPLAD-1171,ANAND KUMAR,Uttar Pradesh,BAHRAICH(SC),147000000.0,Drinking Water Supply,Vendor_017,1961949.2,1961949.2,1948480.9,10053551.38,262,0,0,0,0,,0,0.7,1,0.004038833855035605,0.4,Medium,0.89
MPLAD-1172,ANAND KUMAR,Uttar Pradesh,BAHRAICH(SC),147000000.0,Road Construction,Vendor_017,5413406.08,5413406.08,5401370.87,15466957.46,129,0,0,0,0,,0,0.2,1,0.11508850913699589,0.4,Medium,1.55
MPLAD-1173,ANAND KUMAR,Uttar Pradesh,BAHRAICH(SC),147000000.0,Solar Street Lighting,Vendor_003,4121007.58,4121007.58,4195429.44,19587965.04,240,1,0,0,0,,0,1.8,0,0.9538951345475728,0.954,High,2.75
MPLAD-1174,ANAND KUMAR,Uttar Pradesh,BAHRAICH(SC),147000000.0,Drinking Water Supply,Vendor_015,1088342.03,1088342.03,1090493.21,20676307.06,81,0,0,0,0,,0,0.2,0,0.0007224827924739708,0.001,Low,0.49
MPLAD-1175,ANAND KUMAR,Uttar Pradesh,BAHRAICH(SC),147000000.0,Solar Street Lighting,Vendor_015,1879464.29,1879464.29,1877899.32,22555771.36,196,0,0,0,0,,0,0.1,0,0.02284563293881296,0.023,Low,1.25
MPLAD-1176,ANAND KUMAR,Uttar Pradesh,BAHRAICH(SC),147000000.0,School Building,Vendor_015,8460564.78,8460564.78,8487954.01,31016336.14,174,1,0,0,0,,0,0.3,0,0.5414292421114,0.541,Medium,1.69
MPLAD-1177,ANANTA NAYAK,Odisha,KEONJHAR(ST),147000000.0,Community Hall,Vendor_007,3084580.07,3084580.07,3045274.91,3084580.07,176,0,0,0,0,,0,1.3,0,0.0022477669309655026,0.002,Low,1.1
MPLAD-1178,ANANTA NAYAK,Odisha,KEONJHAR(ST),147000000.0,Health Sub-Centre,Vendor_020,5433621.99,5433621.99,5500127.9,8518202.06,140,0,0,0,0,,0,1.2,0,0.007949222752167357,0.008,Low,1.29
MPLAD-1179,ANANTA NAYAK,Odisha,KEONJHAR(ST),147000000.0,Road Construction,Vendor_021,2297878.07,2297878.07,2272884.48,10816080.12,184,0,1,0,0,DUPGRP-1179,0,1.1,0,4.3955915354952705e-05,0.75,High,0.66
MPLAD-1180,ANANTA NAYAK,Odisha,KEONJHAR(ST),147000000.0,Road Construction,Vendor_021,2244943.2,2244943.2,2232440.89,13061023.32,194,0,1,0,0,DUPGRP-1179,0,0.6,0,4.2432940086967774e-05,0.75,High,0.64
MPLAD-1181,ANANTA NAYAK,Odisha,KEONJHAR(ST),147000000.0,Drinking Water Supply,Vendor_019,1204909.41,1204909.41,1213171.46,14265932.73,138,0,0,0,0,,0,0.7,0,0.00022295483994891048,0.0,Low,0.55
MPLAD-1182,Andimuthu Raja,Tamil Nadu,NILGIRIS(SC),147000000.0,Drinking Water Supply,Vendor_012,2004159.81,2004159.81,1981451.86,2004159.81,112,0,0,0,0,,0,1.1,0,0.002716468439822198,0.003,Low,0.91
MPLAD-1183,Andimuthu Raja,Tamil Nadu,NILGIRIS(SC),147000000.0,Road Construction,Vendor_009,2223918.03,2223918.03,2232322.33,4228077.83,135,0,0,0,0,,0,0.4,0,4.897672866040562e-05,0.0,Low,0.64
MPLAD-1184,Andimuthu Raja,Tamil Nadu,NILGIRIS(SC),147000000.0,Solar Street Lighting,Vendor_007,1833490.2,1833490.2,1797980.71,6061568.03,87,0,0,0,0,,0,1.9,0,0.016241148656935208,0.016,Low,1.22
MPLAD-1185,ANDREW J. SYNGKON,Meghalaya,SHILLONG,98000000.0,Solar Street Lighting,Vendor_004,3584491.54,3584491.54,3540311.58,3584491.54,277,1,0,1,0,,0,1.2,1,0.7357644731346641,0.736,High,2.39
MPLAD-1186,ANDREW J. SYNGKON,Meghalaya,SHILLONG,98000000.0,Road Construction,Vendor_004,2796123.1,2796123.1,3663038.86,6380614.64,168,0,0,0,1,,0,31.0,1,0.00013206896639444924,1.0,High,0.8
MPLAD-1187,ANDREW J. SYNGKON,Meghalaya,SHILLONG,98000000.0,Solar Street Lighting,Vendor_002,952358.27,952358.27,958523.43,7332972.92,223,0,0,0,0,,0,0.6,0,0.0022385787855778113,0.002,Low,0.63
MPLAD-1188,ANDREW J. SYNGKON,Meghalaya,SHILLONG,98000000.0,Road Construction,Vendor_004,1158657.83,1158657.83,1167463.86,8491630.75,142,0,0,0,0,,0,0.8,1,5.465385762561645e-06,0.4,Medium,0.33
MPLAD-1189,ANDREW J. SYNGKON,Meghalaya,SHILLONG,98000000.0,Road Construction,Vendor_022,1632791.92,1632791.92,1615460.95,10124422.67,70,0,0,0,0,,0,1.1,1,0.00013921680287945447,0.4,Medium,0.47
MPLAD-1190,ANDREW J. SYNGKON,Meghalaya,SHILLONG,98000000.0,Community Hall,Vendor_017,2122031.6,2122031.6,2841013.26,12246454.27,227,0,0,0,1,,0,33.9,1,0.00025367446681720003,1.0,High,0.76
MPLAD-1191,ANGOMCHA BIMOL AKOIJAM INNER,Manipur,MANIPUR,147000000.0,Health Sub-Centre,Vendor_018,5120541.28,5120541.28,5096148.97,5120541.28,237,0,1,0,0,DUPGRP-1191,0,0.5,0,0.01164250097709272,0.75,High,1.22
MPLAD-1192,ANGOMCHA BIMOL AKOIJAM INNER,Manipur,MANIPUR,147000000.0,Health Sub-Centre,Vendor_018,5057588.02,5057588.02,5018244.9,10178129.3,222,0,1,0,0,DUPGRP-1191,0,0.8,0,0.008053455479097202,0.75,High,1.2
MPLAD-1193,ANGOMCHA BIMOL AKOIJAM INNER,Manipur,MANIPUR,147000000.0,Community Hall,Vendor_020,3204109.87,3204109.87,3259296.84,13382239.17,148,0,0,0,0,,0,1.7,0,0.004642180570131621,0.005,Low,1.14
MPLAD-1194,ANGOMCHA BIMOL AKOIJAM INNER,Manipur,MANIPUR,147000000.0,Drinking Water Supply,Vendor_003,3380916.89,3380916.89,3354502.34,16763156.06,245,0,0,0,0,,0,0.8,0,0.09472538963299633,0.095,Low,1.54
MPLAD-1195,ANIL BALUNI,Uttarakhand,GARHWAL,147000000.0,Sports Infrastructure,Vendor_010,3536509.84,3536509.84,3484526.64,3536509.84,126,0,0,0,0,,0,1.5,0,0.009074665740479784,0.009,Low,1.18
MPLAD-1196,ANIL BALUNI,Uttarakhand,GARHWAL,147000000.0,Solar Street Lighting,Vendor_020,988290.34,988290.34,984284.33,4524800.19,198,0,0,0,0,,0,0.4,0,0.001784355800881953,0.002,Low,0.66
MPLAD-1197,ANIL BALUNI,Uttarakhand,GARHWAL,147000000.0,Road Construction,Vendor_013,3427375.37,3427375.37,3491237.27,7952175.56,116,0,0,0,0,,0,1.9,0,0.0010614349067175882,0.001,Low,0.98
MPLAD-1198,ANIL YESHWANT DESAI MUMBAI SOUTH,Maharashtra,CENTRAL,147000000.0,Health Sub-Centre,Vendor_022,3714024.39,3714024.39,3736338.41,3714024.39,217,0,0,0,0,,0,0.6,1,0.00039160444720527985,0.4,Medium,0.88
MPLAD-1199,ANIL YESHWANT DESAI MUMBAI SOUTH,Maharashtra,CENTRAL,147000000.0,School Building,Vendor_018,3003155.31,3003155.31,3975453.29,6717179.7,196,0,0,0,1,,0,32.4,0,6.569111860263329e-06,0.804,High,0.6
MPLAD-1200,ANIL YESHWANT DESAI MUMBAI SOUTH,Maharashtra,CENTRAL,147000000.0,Road Construction,Vendor_001,2649048.34,2649048.34,2701679.3,9366228.04,231,0,0,0,0,,0,2.0,0,0.00018255758306611413,0.0,Low,0.76
MPLAD-1201,ANIL YESHWANT DESAI MUMBAI SOUTH,Maharashtra,CENTRAL,147000000.0,Road Construction,Vendor_018,2788606.48,2788606.48,2831729.96,12154834.51,149,0,0,0,0,,0,1.5,0,0.0001431770521715104,0.0,Low,0.8
MPLAD-1202,ANIL YESHWANT DESAI MUMBAI SOUTH,Maharashtra,CENTRAL,147000000.0,Solar Street Lighting,Vendor_022,1690179.27,1690179.27,1673181.49,13845013.78,49,0,0,0,0,,0,1.0,1,0.021600070897283233,0.4,Medium,1.13
MPLAD-1203,ANIL YESHWANT DESAI MUMBAI SOUTH,Maharashtra,CENTRAL,147000000.0,Solar Street Lighting,Vendor_021,1226877.78,1226877.78,1233223.13,15071891.55,203,0,0,0,0,,0,0.5,0,0.003714031710418573,0.004,Low,0.82
MPLAD-1204,ANITA NAGARSINGH CHOUHAN,Madhya Pradesh,RATLAM(ST),147000000.0,Drinking Water Supply,Vendor_021,4742122.48,4742122.48,4665884.81,4742122.48,153,1,0,0,0,,0,1.6,0,0.8059071074811592,0.806,High,2.16
MPLAD-1205,ANITA NAGARSINGH CHOUHAN,Madhya Pradesh,RATLAM(ST),147000000.0,Drinking Water Supply,Vendor_020,1888322.71,1888322.71,1880194.9,6630445.19,213,0,0,0,0,,0,0.4,0,0.0010249344470889576,0.001,Low,0.86
MPLAD-1206,ANITA NAGARSINGH CHOUHAN,Madhya Pradesh,RATLAM(ST),147000000.0,Drinking Water Supply,Vendor_010,3113861.16,3113861.16,3083103.49,9744306.36,112,0,0,0,0,,0,1.0,0,0.04638615570959064,0.046,Low,1.42
MPLAD-1207,ANITA NAGARSINGH CHOUHAN,Madhya Pradesh,RATLAM(ST),147000000.0,Health Sub-Centre,Vendor_017,1038772.36,1038772.36,1329215.19,10783078.71,174,0,0,0,1,,0,28.0,1,1.6278910949809654e-06,1.0,High,0.25
MPLAD-1208,ANITA NAGARSINGH CHOUHAN,Madhya Pradesh,RATLAM(ST),147000000.0,School Building,Vendor_022,10954826.8,10954826.8,10767317.12,21737905.51,195,1,1,0,0,DUPGRP-1208,0,1.7,1,0.9894501166496538,1.0,High,2.19
MPLAD-1209,ANITA NAGARSINGH CHOUHAN,Madhya Pradesh,RATLAM(ST),147000000.0,School Building,Vendor_022,10579082.14,10579082.14,10582712.58,32316987.65,184,0,1,0,0,DUPGRP-1208,0,0.0,1,0.9832164365575266,1.0,High,2.12
MPLAD-1210,ANITA NAGARSINGH CHOUHAN,Madhya Pradesh,RATLAM(ST),147000000.0,Drinking Water Supply,Vendor_008,1338671.25,1338671.25,1313019.36,33655658.9,73,0,0,0,0,,0,1.9,0,0.0014767078245813763,0.001,Low,0.61
MPLAD-1211,ANITA NAGARSINGH CHOUHAN,Madhya Pradesh,RATLAM(ST),147000000.0,Community Hall,Vendor_003,2184765.58,2184765.58,2194816.63,35840424.48,222,0,0,0,0,,0,0.5,0,0.00027327176692146753,0.0,Low,0.78
MPLAD-1212,ANITA SUBHADARSHINI,Odisha,ASKA,147000000.0,Road Construction,Vendor_012,2799970.43,2799970.43,2756734.03,2799970.43,182,0,0,0,0,,0,1.5,0,0.00013658906144668607,0.0,Low,0.8
MPLAD-1213,ANITA SUBHADARSHINI,Odisha,ASKA,147000000.0,Health Sub-Centre,Vendor_022,5169541.63,5169541.63,5189916.15,7969512.06,215,0,0,0,0,,0,0.4,1,0.009299510869463618,0.4,Medium,1.23
MPLAD-1214,ANITA SUBHADARSHINI,Odisha,ASKA,147000000.0,Road Construction,Vendor_020,1414724.29,1414724.29,1397604.46,9384236.35,63,0,0,0,0,,0,1.2,0,0.0001388712339485214,0.0,Low,0.4
MPLAD-1215,ANITA SUBHADARSHINI,Odisha,ASKA,147000000.0,Solar Street Lighting,Vendor_021,3673093.7,3673093.7,3667296.02,13057330.06,158,1,0,0,0,,0,0.2,0,0.7953996634940359,0.795,High,2.45
MPLAD-1216,ANITA SUBHADARSHINI,Odisha,ASKA,147000000.0,Solar Street Lighting,Vendor_011,1831440.63,1831440.63,1834338.43,14888770.69,250,0,0,0,0,,0,0.2,0,0.031429092193778374,0.031,Low,1.22
MPLAD-1217,ANITA SUBHADARSHINI,Odisha,ASKA,147000000.0,Health Sub-Centre,Vendor_019,4719594.34,4719594.34,4689838.93,19608365.03,140,0,0,0,0,,0,0.6,0,0.0015530224442458997,0.002,Low,1.12
MPLAD-1218,ANITA SUBHADARSHINI,Odisha,ASKA,147000000.0,Solar Street Lighting,Vendor_007,1620376.59,1620376.59,1644820.84,21228741.62,336,0,0,1,0,,0,1.5,0,0.018993437956233143,0.019,Low,1.08
MPLAD-1219,ANITA SUBHADARSHINI,Odisha,ASKA,147000000.0,Health Sub-Centre,Vendor_001,3874391.55,3874391.55,3826961.85,25103133.17,178,0,0,0,0,,0,1.2,0,0.00028902478854852485,0.0,Low,0.92
MPLAD-1220,Annpurna Devi,Jharkhand,KODARMA,166665931.8,Drinking Water Supply,Vendor_009,3535923.6,3535923.6,3541396.6,3535923.6,203,0,0,0,0,,0,0.2,0,0.09709456198722079,0.097,Low,1.61
MPLAD-1221,Annpurna Devi,Jharkhand,KODARMA,166665931.8,Community Hall,Vendor_011,5453591.52,5453591.52,5528190.19,8989515.12,218,1,0,0,0,,0,1.4,0,0.3510535820960024,0.351,Medium,1.95
MPLAD-1222,Annpurna Devi,Jharkhand,KODARMA,166665931.8,Solar Street Lighting,Vendor_005,2363481.93,2363481.93,2316390.01,11352997.05,156,0,0,0,0,,0,2.0,0,0.06488718777919929,0.065,Low,1.58
MPLAD-1223,Annpurna Devi,Jharkhand,KODARMA,166665931.8,Sports Infrastructure,Vendor_022,5074343.69,5074343.69,5076395.69,16427340.73,255,1,0,0,0,,0,0.0,1,0.16867349869470932,0.4,Medium,1.69
MPLAD-1224,ANOOP PRADHAN BALMIKI HATHRAS,Uttar Pradesh,(SC),147000000.0,Health Sub-Centre,Vendor_018,6619710.28,6619710.28,6493388.41,6619710.28,293,0,0,1,0,,0,1.9,0,0.2361979312865796,0.236,Low,1.58
MPLAD-1225,ANOOP PRADHAN BALMIKI HATHRAS,Uttar Pradesh,(SC),147000000.0,School Building,Vendor_019,6673853.08,6673853.08,6579739.08,13293563.36,141,0,0,0,0,,0,1.4,0,0.020118834879238077,0.02,Low,1.33
MPLAD-1226,ANOOP PRADHAN BALMIKI HATHRAS,Uttar Pradesh,(SC),147000000.0,Sports Infrastructure,Vendor_015,2361656.14,2361656.14,2402570.73,15655219.5,101,0,1,0,0,DUPGRP-1226,0,1.7,0,0.0008081509290731486,0.75,High,0.79
MPLAD-1227,ANOOP PRADHAN BALMIKI HATHRAS,Uttar Pradesh,(SC),147000000.0,Sports Infrastructure,Vendor_015,2388591.34,2388591.34,2388225.06,18043810.83,89,0,1,0,0,DUPGRP-1226,0,0.0,0,0.0011534046103635269,0.75,High,0.8
MPLAD-1228,ANOOP PRADHAN BALMIKI HATHRAS,Uttar Pradesh,(SC),147000000.0,Sports Infrastructure,Vendor_016,7747409.33,7747409.33,7767723.03,25791220.16,161,1,0,0,0,,0,0.3,0,0.9976610657869791,0.998,High,2.58
MPLAD-1229,ANOOP PRADHAN BALMIKI HATHRAS,Uttar Pradesh,(SC),147000000.0,Drinking Water Supply,Vendor_021,1777778.51,1777778.51,2423435.67,27568998.67,226,0,0,0,1,,0,36.3,0,0.0009516602004236105,0.843,High,0.81
MPLAD-1230,Anto Antony,Kerala,PATHANAMTHITTA,147000000.0,School Building,Vendor_004,2899692.43,2899692.43,2851047.37,2899692.43,30,0,0,0,0,,0,1.7,1,0.0002915909215711454,0.4,Medium,0.58
MPLAD-1231,Anto Antony,Kerala,PATHANAMTHITTA,147000000.0,Sports Infrastructure,Vendor_017,3099905.54,3099905.54,3054690.83,5999597.98,188,0,1,0,0,DUPGRP-1231,0,1.5,1,0.0017808665047422218,1.0,High,1.03
MPLAD-1232,Anto Antony,Kerala,PATHANAMTHITTA,147000000.0,Sports Infrastructure,Vendor_017,3162244.67,3162244.67,3100695.07,9161842.64,176,0,1,0,0,DUPGRP-1231,0,1.9,1,0.0021731050603810325,1.0,High,1.05
MPLAD-1233,Anto Antony,Kerala,PATHANAMTHITTA,147000000.0,Community Hall,Vendor_010,6957697.18,6957697.18,6893168.44,16119539.82,138,1,0,0,0,,0,0.9,0,0.9758051782262809,0.976,High,2.48
MPLAD-1234,Anto Antony,Kerala,PATHANAMTHITTA,147000000.0,Road Construction,Vendor_018,590911.69,590911.69,592053.82,16710451.51,233,0,0,0,0,,0,0.2,0,4.641958377212323e-06,0.0,Low,0.17
MPLAD-1235,ANUP SANJAY DHOTRE,Maharashtra,AKOLA,147000000.0,Drinking Water Supply,Vendor_005,2633971.09,2633971.09,2602163.0,2633971.09,255,0,0,0,0,,0,1.2,0,0.01731659069548032,0.017,Low,1.2
MPLAD-1236,ANUP SANJAY DHOTRE,Maharashtra,AKOLA,147000000.0,Road Construction,Vendor_017,3595992.06,3595992.06,3584195.75,6229963.15,200,0,0,0,0,,0,0.3,1,0.0010730515756009634,0.4,Medium,1.03
MPLAD-1237,ANUP SANJAY DHOTRE,Maharashtra,AKOLA,147000000.0,Road Construction,Vendor_011,4721001.47,4721001.47,6264574.33,10950964.62,339,0,0,1,1,,0,32.7,0,0.04602098339701839,0.807,High,1.35
MPLAD-1238,ANUP SANJAY DHOTRE,Maharashtra,AKOLA,147000000.0,Road Construction,Vendor_017,4161583.67,4161583.67,4189719.69,15112548.29,153,0,0,0,0,,0,0.7,1,0.004231392028733989,0.4,Medium,1.19
MPLAD-1239,ANUP SANJAY DHOTRE,Maharashtra,AKOLA,147000000.0,Drinking Water Supply,Vendor_006,3506122.0,3506122.0,3500405.6,18618670.29,164,0,0,0,0,,0,0.2,0,0.09175893354902707,0.092,Low,1.59
MPLAD-1240,ANUP SANJAY DHOTRE,Maharashtra,AKOLA,147000000.0,School Building,Vendor_014,4031053.73,4031053.73,3953326.26,22649724.02,132,0,0,0,0,,0,1.9,0,5.913996300797329e-05,0.0,Low,0.81
MPLAD-1241,ANUP SANJAY DHOTRE,Maharashtra,AKOLA,147000000.0,Health Sub-Centre,Vendor_017,3553251.74,3553251.74,4144161.59,26202975.76,138,0,0,0,1,,0,16.6,1,0.00012354707971008706,1.0,High,0.85
MPLAD-1242,Anurag Sharma,Uttar Pradesh,JHANSI,147000000.0,School Building,Vendor_025,4729280.13,4729280.13,4652364.63,4729280.13,371,0,0,1,0,,0,1.6,0,0.007529744585989932,0.008,Low,0.95
MPLAD-1243,Anurag Sharma,Uttar Pradesh,JHANSI,147000000.0,Health Sub-Centre,Vendor_004,4347251.53,4347251.53,4314620.91,9076531.66,93,0,0,0,0,,0,0.8,1,0.0010264660967974147,0.4,Medium,1.04
MPLAD-1244,Anurag Sharma,Uttar Pradesh,JHANSI,147000000.0,Road Construction,Vendor_012,3581426.61,3581426.61,3597682.44,12657958.28,231,0,0,0,0,,0,0.5,0,0.0014905985532709723,0.001,Low,1.02
MPLAD-1245,Anurag Sharma,Uttar Pradesh,JHANSI,147000000.0,Health Sub-Centre,Vendor_016,3764792.07,3764792.07,3755805.27,16422750.34,155,0,0,0,0,,0,0.2,0,0.00019152947691651576,0.0,Low,0.9
MPLAD-1246,Anurag Sharma,Uttar Pradesh,JHANSI,147000000.0,Solar Street Lighting,Vendor_021,1070329.86,1070329.86,1076095.57,17493080.2,248,0,0,0,0,,0,0.5,0,0.004225513966995703,0.004,Low,0.71
MPLAD-1247,Anurag Sharma,Uttar Pradesh,JHANSI,147000000.0,Community Hall,Vendor_017,3150898.14,3150898.14,3135651.21,20643978.34,133,0,0,0,0,,0,0.5,1,0.005570969907991047,0.4,Medium,1.13
MPLAD-1248,Anurag Sharma,Uttar Pradesh,JHANSI,147000000.0,School Building,Vendor_012,5406461.81,5406461.81,5493245.47,26050440.15,198,0,0,0,0,,0,1.6,0,0.0010376874319093711,0.001,Low,1.08
MPLAD-1249,Anurag Sharma,Uttar Pradesh,JHANSI,147000000.0,Community Hall,Vendor_016,2717947.79,2717947.79,2753387.46,28768387.94,45,0,0,0,0,,0,1.3,0,0.016589134544308822,0.017,Low,0.97
MPLAD-1250,Anurag Singh Thakur,Himachal Pradesh,HAMIRPUR_HP,149570117.11,Road Construction,Vendor_025,3029890.22,3029890.22,3039252.55,3029890.22,124,0,0,0,0,,0,0.3,0,0.00035938726323551983,0.0,Low,0.87
MPLAD-1251,Anurag Singh Thakur,Himachal Pradesh,HAMIRPUR_HP,149570117.11,Road Construction,Vendor_017,3984476.11,3984476.11,4014172.76,7014366.33,178,0,0,0,0,,0,0.7,1,0.0025783739842754325,0.4,Medium,1.14
MPLAD-1252,Anurag Singh Thakur,Himachal Pradesh,HAMIRPUR_HP,149570117.11,Community Hall,Vendor_022,3222603.25,3222603.25,3269831.99,10236969.58,119,0,0,0,0,,0,1.5,1,0.008934406255043482,0.4,Medium,1.15
MPLAD-1253,Anurag Singh Thakur,Himachal Pradesh,HAMIRPUR_HP,149570117.11,Sports Infrastructure,Vendor_007,4028682.61,4028682.61,3957631.78,14265652.19,100,0,0,0,0,,0,1.8,0,0.04304732940477691,0.043,Low,1.34
MPLAD-1254,Anurag Singh Thakur,Himachal Pradesh,HAMIRPUR_HP,149570117.11,Sports Infrastructure,Vendor_017,3272697.79,3272697.79,3320422.05,17538349.99,219,0,0,0,0,,0,1.5,1,0.0028158805125638757,0.4,Medium,1.09
MPLAD-1255,Anurag Singh Thakur,Himachal Pradesh,HAMIRPUR_HP,149570117.11,Solar Street Lighting,Vendor_023,1232335.91,1232335.91,1242573.58,18770685.89,174,0,0,0,0,,0,0.8,0,0.0027905606401578483,0.003,Low,0.82
MPLAD-1256,Anurag Singh Thakur,Himachal Pradesh,HAMIRPUR_HP,149570117.11,Solar Street Lighting,Vendor_009,1869405.24,1869405.24,1894036.12,20640091.13,216,0,1,0,0,DUPGRP-1256,0,1.3,0,0.02705319305688929,0.75,High,1.25
MPLAD-1257,Anurag Singh Thakur,Himachal Pradesh,HAMIRPUR_HP,149570117.11,Solar Street Lighting,Vendor_014,1836731.21,1836731.21,1851695.86,22476822.34,224,0,1,0,0,DUPGRP-1256,0,0.8,0,0.026518402539416366,0.75,High,1.22
MPLAD-1258,Anurag Singh Thakur,Himachal Pradesh,HAMIRPUR_HP,149570117.11,Health Sub-Centre,Vendor_004,7029733.66,7029733.66,7098117.0,29506556.0,211,1,0,0,0,,0,1.0,1,0.37862261766917754,0.4,Medium,1.67
MPLAD-1259,Appalanaidu Kalisetti,Andhra Pradesh,VIZIANAGARAM,147000000.0,School Building,Vendor_023,5642469.44,5642469.44,5718789.98,5642469.44,233,0,0,0,0,,0,1.4,0,0.0024000770279645695,0.002,Low,1.13
MPLAD-1260,Appalanaidu Kalisetti,Andhra Pradesh,VIZIANAGARAM,147000000.0,Solar Street Lighting,Vendor_016,1926175.68,1926175.68,1933801.68,7568645.12,138,0,0,0,0,,0,0.4,0,0.016846351453221456,0.017,Low,1.28
MPLAD-1261,Appalanaidu Kalisetti,Andhra Pradesh,VIZIANAGARAM,147000000.0,Road Construction,Vendor_004,2884026.53,2884026.53,3817333.89,10452671.65,181,0,0,0,1,,0,32.4,1,0.00016591530771368045,1.0,High,0.82
MPLAD-1262,Appalanaidu Kalisetti,Andhra Pradesh,VIZIANAGARAM,147000000.0,Community Hall,Vendor_022,1791619.61,1791619.61,1801029.73,12244291.25,173,0,0,0,0,,0,0.5,1,0.00012806845664089432,0.4,Medium,0.64
MPLAD-1263,Appalanaidu Kalisetti,Andhra Pradesh,VIZIANAGARAM,147000000.0,Community Hall,Vendor_012,4061409.16,4061409.16,4086138.96,16305700.42,246,0,0,0,0,,0,0.6,0,0.01987766816033686,0.02,Low,1.45
MPLAD-1264,Appalanaidu Kalisetti,Andhra Pradesh,VIZIANAGARAM,147000000.0,Drinking Water Supply,Vendor_022,2482565.92,2482565.92,2468847.56,18788266.33,178,0,0,0,0,,0,0.6,1,0.004583782126159399,0.4,Medium,1.13
MPLAD-1265,ARUN BHARTI,Bihar,JAMUI(SC),194924621.11,Solar Street Lighting,Vendor_017,3085348.89,3085348.89,3081614.85,3085348.89,138,1,0,0,0,,0,0.1,1,0.34220946621433257,0.4,Medium,2.06
MPLAD-1266,ARUN BHARTI,Bihar,JAMUI(SC),194924621.11,Health Sub-Centre,Vendor_022,5451469.6,5451469.6,5404566.9,8536818.48,321,0,0,1,0,,0,0.9,1,0.04480865209136366,0.4,Medium,1.3
MPLAD-1267,ARUN BHARTI,Bihar,JAMUI(SC),194924621.11,Sports Infrastructure,Vendor_009,3480146.14,3480146.14,3450155.95,12016964.62,343,0,0,1,0,,0,0.9,0,0.006775087118914518,0.007,Low,1.16
MPLAD-1268,ARUN BHARTI,Bihar,JAMUI(SC),194924621.11,Road Construction,Vendor_011,7824252.97,7824252.97,9879287.18,19841217.59,50,1,0,0,1,,0,26.3,0,0.9583898757417879,0.958,High,2.24
MPLAD-1269,ARUN BHARTI,Bihar,JAMUI(SC),194924621.11,Sports Infrastructure,Vendor_021,1622299.23,1622299.23,1633629.87,21463516.81,68,0,0,0,0,,0,0.7,0,0.0004699825866120196,0.0,Low,0.54
MPLAD-1270,ARUN BHARTI,Bihar,JAMUI(SC),194924621.11,Road Construction,Vendor_017,3673841.2,3673841.2,3697745.34,25137358.01,143,0,0,0,0,,0,0.7,1,0.0013011579370756287,0.4,Medium,1.05
MPLAD-1271,ARUN GOVIL,Uttar Pradesh,MEERUT,147000000.0,School Building,Vendor_009,6379621.42,6379621.42,6422638.61,6379621.42,186,0,0,0,0,,0,0.7,0,0.009722870120649728,0.01,Low,1.28
MPLAD-1272,ARUN GOVIL,Uttar Pradesh,MEERUT,147000000.0,Road Construction,Vendor_004,3778832.33,3778832.33,3835318.11,10158453.75,234,0,0,0,0,,0,1.5,1,0.0024730633465060515,0.4,Medium,1.08
MPLAD-1273,ARUN GOVIL,Uttar Pradesh,MEERUT,147000000.0,Community Hall,Vendor_002,2988920.88,2988920.88,3752615.77,13147374.64,281,0,0,1,1,,0,25.6,0,0.0037116016909942307,0.736,High,1.07
MPLAD-1274,ARUN GOVIL,Uttar Pradesh,MEERUT,147000000.0,School Building,Vendor_025,4720816.48,4720816.48,4749574.12,17868191.11,133,0,0,0,0,,0,0.6,0,0.00024981636853025024,0.0,Low,0.94
MPLAD-1275,ARUN GOVIL,Uttar Pradesh,MEERUT,147000000.0,Community Hall,Vendor_006,2533620.84,2533620.84,2528190.74,20401811.95,245,0,1,0,0,DUPGRP-1275,0,0.2,0,0.0007575504856798094,0.75,High,0.9
MPLAD-1276,ARUN GOVIL,Uttar Pradesh,MEERUT,147000000.0,Community Hall,Vendor_012,2594099.45,2594099.45,2621010.75,22995911.41,244,0,1,0,0,DUPGRP-1275,0,1.0,0,0.0008425750118648206,0.75,High,0.93
MPLAD-1277,ARUN GOVIL,Uttar Pradesh,MEERUT,147000000.0,Sports Infrastructure,Vendor_001,1164342.37,1164342.37,1164886.41,24160253.77,250,0,0,0,0,,0,0.0,0,4.3792752535622294e-05,0.0,Low,0.39
MPLAD-1278,ARUN GOVIL,Uttar Pradesh,MEERUT,147000000.0,Community Hall,Vendor_003,1932036.17,1932036.17,1898937.45,26092289.95,154,0,1,0,0,DUPGRP-1278,0,1.7,0,0.0002349233654555615,0.75,High,0.69
MPLAD-1279,ARUN GOVIL,Uttar Pradesh,MEERUT,147000000.0,Community Hall,Vendor_003,1918068.15,1918068.15,1944701.64,28010358.1,144,0,1,0,0,DUPGRP-1278,0,1.4,0,0.00028380210563002013,0.75,High,0.69
MPLAD-1280,ARUN NEHRU,Tamil Nadu,PERAMBALUR,147000000.0,Community Hall,Vendor_024,1955640.36,1955640.36,1958136.75,1955640.36,188,0,0,0,0,,0,0.1,0,0.00015755710036253695,0.0,Low,0.7
MPLAD-1281,ARUN NEHRU,Tamil Nadu,PERAMBALUR,147000000.0,Health Sub-Centre,Vendor_015,2772410.88,2772410.88,2731384.5,4728051.24,158,0,1,0,0,DUPGRP-1281,0,1.5,0,2.547352486833805e-05,0.75,High,0.66
MPLAD-1282,ARUN NEHRU,Tamil Nadu,PERAMBALUR,147000000.0,Health Sub-Centre,Vendor_015,2846818.0,2846818.0,2825633.89,7574869.24,170,0,1,0,0,DUPGRP-1281,0,0.7,0,3.1335933727540894e-05,0.75,High,0.68
MPLAD-1283,ARUN NEHRU,Tamil Nadu,PERAMBALUR,147000000.0,Sports Infrastructure,Vendor_020,3014323.26,3014323.26,4198004.41,10589192.5,189,0,0,0,1,,0,39.3,0,0.0014235265455228047,0.85,High,1.0
MPLAD-1284,ARUN NEHRU,Tamil Nadu,PERAMBALUR,147000000.0,Solar Street Lighting,Vendor_023,1591650.11,1591650.11,1579065.45,12180842.61,109,0,0,0,0,,0,0.8,0,0.0072106830806775105,0.007,Low,1.06
MPLAD-1285,ARUNA. D. K,Telangana,MAHABUBNAGAR,147000000.0,School Building,Vendor_004,8049940.65,8049940.65,8075851.03,8049940.65,185,0,0,0,0,,0,0.3,1,0.32300776800263836,0.4,Medium,1.61
MPLAD-1286,ARUNA. D. K,Telangana,MAHABUBNAGAR,147000000.0,Health Sub-Centre,Vendor_018,3933126.78,3933126.78,3944041.58,11983067.44,320,0,0,1,0,,0,0.3,0,0.005216746710373559,0.005,Low,0.94
MPLAD-1287,ARUNA. D. K,Telangana,MAHABUBNAGAR,147000000.0,Drinking Water Supply,Vendor_022,1644905.34,1644905.34,1675436.68,13627972.78,207,0,0,0,0,,0,1.9,1,0.0004960564068264053,0.4,Medium,0.75
MPLAD-1288,ARUNA. D. K,Telangana,MAHABUBNAGAR,147000000.0,Health Sub-Centre,Vendor_007,3427012.42,3427012.42,3467342.96,17054985.19,54,0,1,0,0,DUPGRP-1288,0,1.2,0,0.0005545705782711301,0.75,High,0.82
MPLAD-1289,ARUNA. D. K,Telangana,MAHABUBNAGAR,147000000.0,Health Sub-Centre,Vendor_012,3365536.63,3365536.63,3318257.03,20420521.82,44,0,1,0,0,DUPGRP-1288,0,1.4,0,0.0007125879035609977,0.75,High,0.8
MPLAD-1290,ARUNA. D. K,Telangana,MAHABUBNAGAR,147000000.0,School Building,Vendor_004,5325821.46,5325821.46,5262598.23,25746343.29,159,0,0,0,0,,0,1.2,1,0.0008051721131442507,0.4,Medium,1.07
MPLAD-1291,ARUNA. D. K,Telangana,MAHABUBNAGAR,147000000.0,Sports Infrastructure,Vendor_014,864325.79,864325.79,862370.88,26610669.07,368,0,0,1,0,,0,0.2,0,0.0008216761824513761,0.001,Low,0.29
MPLAD-1292,ARUNA. D. K,Telangana,MAHABUBNAGAR,147000000.0,Sports Infrastructure,Vendor_004,3555604.47,3555604.47,3604951.83,30166273.54,185,0,0,0,0,,0,1.4,1,0.006000935017441915,0.4,Medium,1.19
MPLAD-1293,ARUP CHAKRABORTY,West Bengal,BANKURA,147000000.0,Sports Infrastructure,Vendor_016,3593556.72,3593556.72,3655259.15,3593556.72,30,0,0,0,0,,0,1.7,0,0.04407707171666916,0.044,Low,1.2
MPLAD-1294,ARUP CHAKRABORTY,West Bengal,BANKURA,147000000.0,Solar Street Lighting,Vendor_002,1113561.17,1113561.17,1123941.84,4707117.89,204,0,0,0,0,,0,0.9,0,0.0027282135042376405,0.003,Low,0.74
MPLAD-1295,ARUP CHAKRABORTY,West Bengal,BANKURA,147000000.0,Solar Street Lighting,Vendor_004,1976562.52,1976562.52,1987070.43,6683680.41,210,0,0,0,0,,0,0.5,1,0.034781833464402105,0.4,Medium,1.32
MPLAD-1296,ARUP CHAKRABORTY,West Bengal,BANKURA,147000000.0,Sports Infrastructure,Vendor_004,3800409.53,3800409.53,3740272.47,10484089.94,225,0,0,0,0,,0,1.6,1,0.01063258260568037,0.4,Medium,1.27
MPLAD-1297,ARUP CHAKRABORTY,West Bengal,BANKURA,147000000.0,Sports Infrastructure,Vendor_022,2836933.04,2836933.04,2851922.24,13321022.97,135,0,0,0,0,,0,0.5,1,0.0013328398146403174,0.4,Medium,0.95
MPLAD-1298,Arvind Dharmapuri,Telangana,NIZAMABAD,281396355.11,Health Sub-Centre,Vendor_016,4707797.13,4707797.13,4640983.42,4707797.13,227,0,0,0,0,,0,1.4,0,0.0040428590262322405,0.004,Low,1.12
MPLAD-1299,Arvind Dharmapuri,Telangana,NIZAMABAD,281396355.11,Drinking Water Supply,Vendor_014,1401576.13,1401576.13,1388466.8,6109373.26,134,0,0,0,0,,0,0.9,0,0.00039134598605983673,0.0,Low,0.64
MPLAD-1300,Arvind Dharmapuri,Telangana,NIZAMABAD,281396355.11,Solar Street Lighting,Vendor_021,729603.48,729603.48,727155.55,6838976.74,172,0,0,0,0,,0,0.3,0,0.0006747123753488305,0.001,Low,0.49
MPLAD-1301,Arvind Dharmapuri,Telangana,NIZAMABAD,281396355.11,Road Construction,Vendor_008,3509557.14,3509557.14,3528802.26,10348533.88,240,0,0,0,0,,0,0.5,0,0.0014489826360539288,0.001,Low,1.0
MPLAD-1302,Arvind Dharmapuri,Telangana,NIZAMABAD,281396355.11,Drinking Water Supply,Vendor_004,2874698.1,2874698.1,2906359.58,13223231.98,213,0,0,0,0,,0,1.1,1,0.01607615536697789,0.4,Medium,1.31
MPLAD-1303,Arvind Dharmapuri,Telangana,NIZAMABAD,281396355.11,Drinking Water Supply,Vendor_025,2644974.06,2644974.06,3379701.0,15868206.04,228,0,0,0,1,,0,27.8,0,0.010197980014556591,0.758,High,1.2
MPLAD-1304,Arvind Dharmapuri,Telangana,NIZAMABAD,281396355.11,Drinking Water Supply,Vendor_006,2907994.71,2907994.71,2936016.62,18776200.75,192,0,0,0,0,,0,1.0,0,0.01574813097534329,0.016,Low,1.32
MPLAD-1305,Arvind Ganpat Sawant MUMBAI,Maharashtra,SOUTH,147000000.0,Community Hall,Vendor_004,4948716.17,4948716.17,5036404.22,4948716.17,130,1,0,0,0,,0,1.8,1,0.3017423499743175,0.4,Medium,1.77
MPLAD-1306,Arvind Ganpat Sawant MUMBAI,Maharashtra,SOUTH,147000000.0,School Building,Vendor_001,5585697.27,5585697.27,5662612.04,10534413.44,173,0,0,0,0,,0,1.4,0,0.0014551082241383555,0.001,Low,1.12
MPLAD-1307,Arvind Ganpat Sawant MUMBAI,Maharashtra,SOUTH,147000000.0,Sports Infrastructure,Vendor_012,7122243.68,7122243.68,7172415.11,17656657.13,131,1,0,0,0,,0,0.7,0,0.990217870807753,0.99,High,2.37
MPLAD-1308,Arvind Ganpat Sawant MUMBAI,Maharashtra,SOUTH,147000000.0,Road Construction,Vendor_004,3743963.53,3743963.53,3726759.29,21400620.66,162,0,0,0,0,,0,0.5,1,0.001388449382042042,0.4,Medium,1.07
MPLAD-1309,Arvind Ganpat Sawant MUMBAI,Maharashtra,SOUTH,147000000.0,Road Construction,Vendor_022,3845751.48,3845751.48,3832907.36,25246372.14,129,0,0,0,0,,0,0.3,1,0.0023476380482304435,0.4,Medium,1.1
MPLAD-1310,Arvind Ganpat Sawant MUMBAI,Maharashtra,SOUTH,147000000.0,Health Sub-Centre,Vendor_022,3119479.15,3119479.15,3141666.53,28365851.29,265,0,0,0,0,,0,0.7,1,0.00041205414798105793,0.4,Medium,0.74
MPLAD-1311,Arvind Ganpat Sawant MUMBAI,Maharashtra,SOUTH,147000000.0,Health Sub-Centre,Vendor_006,10114752.08,10114752.08,10072323.09,38480603.37,170,1,0,0,0,,0,0.4,0,0.993447376451778,0.993,High,2.41
MPLAD-1312,Asaduddin Owaisi,Telangana,HYDERABAD,147000000.0,Solar Street Lighting,Vendor_015,2001042.61,2001042.61,1962197.84,2001042.61,211,0,0,0,0,,0,1.9,0,0.0376611409470611,0.038,Low,1.33
MPLAD-1313,Asaduddin Owaisi,Telangana,HYDERABAD,147000000.0,Health Sub-Centre,Vendor_022,4854270.07,4854270.07,4860277.26,6855312.68,228,0,0,0,0,,0,0.1,1,0.005665764125032183,0.4,Medium,1.16
MPLAD-1314,Asaduddin Owaisi,Telangana,HYDERABAD,147000000.0,Solar Street Lighting,Vendor_001,1808515.09,1808515.09,1828335.79,8663827.76,202,0,1,0,0,DUPGRP-1314,0,1.1,0,0.019738979489528897,0.75,High,1.21
MPLAD-1315,Asaduddin Owaisi,Telangana,HYDERABAD,147000000.0,Solar Street Lighting,Vendor_001,1848001.69,1848001.69,1874400.74,10511829.46,212,0,1,0,0,DUPGRP-1314,0,1.4,0,0.024484800434368768,0.75,High,1.23
MPLAD-1316,Asaduddin Owaisi,Telangana,HYDERABAD,147000000.0,Solar Street Lighting,Vendor_021,3636430.62,3636430.62,3671198.76,14148260.08,215,1,0,0,0,,0,1.0,0,0.849251777957816,0.849,High,2.42
MPLAD-1317,Asaduddin Owaisi,Telangana,HYDERABAD,147000000.0,Sports Infrastructure,Vendor_009,3988669.17,3988669.17,4041281.81,18136929.24,98,0,0,0,0,,0,1.3,0,0.04003813545204135,0.04,Low,1.33
MPLAD-1318,Asaduddin Owaisi,Telangana,HYDERABAD,147000000.0,Sports Infrastructure,Vendor_004,726503.74,726503.74,729505.42,18863432.99,123,0,0,0,0,,0,0.4,1,1.6060577617774214e-05,0.4,Medium,0.24
MPLAD-1319,Asaduddin Owaisi,Telangana,HYDERABAD,147000000.0,Health Sub-Centre,Vendor_005,3296443.24,3296443.24,3316348.13,22159876.23,177,0,0,0,0,,0,0.6,0,8.290401366468113e-05,0.0,Low,0.78
MPLAD-1320,Asaduddin Owaisi,Telangana,HYDERABAD,147000000.0,School Building,Vendor_010,4691408.61,4691408.61,4756561.85,26851284.84,140,0,0,0,0,,0,1.4,0,0.00021616355376837145,0.0,Low,0.94
MPLAD-1321,ASHISH DUBEY,Madhya Pradesh,JABALPUR,147000000.0,Health Sub-Centre,Vendor_011,4227796.87,4227796.87,4201617.04,4227796.87,202,0,0,0,0,,0,0.6,0,0.0008978889612844916,0.001,Low,1.01
MPLAD-1322,ASHISH DUBEY,Madhya Pradesh,JABALPUR,147000000.0,Community Hall,Vendor_017,3070940.03,3070940.03,3070609.9,7298736.9,284,0,1,1,0,DUPGRP-1322,0,0.0,1,0.004589627457376473,1.0,High,1.1
MPLAD-1323,ASHISH DUBEY,Madhya Pradesh,JABALPUR,147000000.0,Community Hall,Vendor_017,3004669.37,3004669.37,3059706.99,10303406.27,269,0,1,0,0,DUPGRP-1322,0,1.8,1,0.002985780318331823,1.0,High,1.07
MPLAD-1324,ASHISH DUBEY,Madhya Pradesh,JABALPUR,147000000.0,School Building,Vendor_022,5683427.93,5683427.93,5694080.86,15986834.2,171,0,0,0,0,,0,0.2,1,0.0018331300364987355,0.4,Medium,1.14
MPLAD-1325,ASHISH DUBEY,Madhya Pradesh,JABALPUR,147000000.0,Solar Street Lighting,Vendor_016,788021.42,788021.42,788879.82,16774855.63,164,0,1,0,0,DUPGRP-1325,0,0.1,0,0.000754428392362705,0.75,High,0.53
MPLAD-1326,ASHISH DUBEY,Madhya Pradesh,JABALPUR,147000000.0,Solar Street Lighting,Vendor_016,781203.99,781203.99,771733.47,17556059.61,157,0,1,0,0,DUPGRP-1325,0,1.2,0,0.0007212211803087529,0.75,High,0.52
MPLAD-1327,ASHISH DUBEY,Madhya Pradesh,JABALPUR,147000000.0,School Building,Vendor_005,5820042.99,5820042.99,5841824.13,23376102.6,173,0,0,0,0,,0,0.4,0,0.0025355780127103034,0.003,Low,1.16
MPLAD-1328,Ashok Kumar Rawat,Uttar Pradesh,MISRIKH(SC),147000000.0,Solar Street Lighting,Vendor_016,2888784.21,2888784.21,2918516.76,2888784.21,259,1,0,0,0,,0,1.0,0,0.3645457163574412,0.365,Medium,1.93
MPLAD-1329,Ashok Kumar Rawat,Uttar Pradesh,MISRIKH(SC),147000000.0,Health Sub-Centre,Vendor_017,3252197.09,3252197.09,3260663.9,6140981.3,242,0,0,0,0,,0,0.3,1,0.0002810318429980029,0.4,Medium,0.77
MPLAD-1330,Ashok Kumar Rawat,Uttar Pradesh,MISRIKH(SC),147000000.0,Solar Street Lighting,Vendor_010,2068853.1,2068853.1,2031287.42,8209834.4,200,0,0,0,0,,0,1.8,0,0.041311103266246534,0.041,Low,1.38
MPLAD-1331,Ashok Kumar Rawat,Uttar Pradesh,MISRIKH(SC),147000000.0,Drinking Water Supply,Vendor_025,2575657.45,2575657.45,2616316.04,10785491.86,222,0,0,0,0,,0,1.6,0,0.007687699592466816,0.008,Low,1.17
MPLAD-1332,Ashok Kumar Rawat,Uttar Pradesh,MISRIKH(SC),147000000.0,Health Sub-Centre,Vendor_025,8254610.11,8254610.11,8212255.4,19040101.97,86,1,0,0,0,,0,0.5,0,0.6944586340322865,0.694,High,1.97
MPLAD-1333,Ashok Kumar Rawat,Uttar Pradesh,MISRIKH(SC),147000000.0,Community Hall,Vendor_020,4625772.69,4625772.69,4610156.8,23665874.65,154,1,0,0,0,,0,0.3,0,0.12183408067132546,0.122,Low,1.65
MPLAD-1334,Ashok Kumar Rawat,Uttar Pradesh,MISRIKH(SC),147000000.0,Road Construction,Vendor_017,3517127.68,3517127.68,3467631.56,27183002.34,122,0,0,0,0,,0,1.4,1,0.0011730413106479406,0.4,Medium,1.0
MPLAD-1335,Ashok Kumar Rawat,Uttar Pradesh,MISRIKH(SC),147000000.0,Health Sub-Centre,Vendor_012,6388610.45,6388610.45,6333028.53,33571612.78,148,0,0,0,0,,0,0.9,0,0.07182255702057665,0.072,Low,1.52
MPLAD-1336,Ashok Kumar Yadav,Bihar,MADHUBANI,147000000.0,Sports Infrastructure,Vendor_020,4411050.9,4411050.9,4367877.14,4411050.9,155,0,0,0,0,,0,1.0,0,0.07024305153376942,0.07,Low,1.47
MPLAD-1337,Ashok Kumar Yadav,Bihar,MADHUBANI,147000000.0,School Building,Vendor_003,5138269.26,5138269.26,5119650.66,9549320.17,161,0,0,0,0,,0,0.4,0,0.0005176878158904756,0.001,Low,1.03
MPLAD-1338,Ashok Kumar Yadav,Bihar,MADHUBANI,147000000.0,School Building,Vendor_003,6853673.29,6853673.29,6843610.36,16402993.45,115,0,0,0,0,,0,0.1,0,0.03320248388904521,0.033,Low,1.37
MPLAD-1339,Ashok Kumar Yadav,Bihar,MADHUBANI,147000000.0,Health Sub-Centre,Vendor_025,3544566.22,3544566.22,3482370.56,19947559.67,175,0,0,0,0,,0,1.8,0,0.0001367911397996625,0.0,Low,0.84
MPLAD-1340,Ashok Kumar Yadav,Bihar,MADHUBANI,147000000.0,Solar Street Lighting,Vendor_022,2756377.03,2756377.03,2735437.89,22703936.7,114,1,0,0,0,,0,0.8,1,0.14511764466758645,0.4,Medium,1.84
MPLAD-1341,Ashok Kumar Yadav,Bihar,MADHUBANI,147000000.0,School Building,Vendor_005,5999468.75,5999468.75,6075489.09,28703405.45,207,0,0,0,0,,0,1.3,0,0.004310686218846336,0.004,Low,1.2
MPLAD-1342,Asit Kumar Mal,West Bengal,BOLPUR(SC),275694456.74,Road Construction,Vendor_022,5251678.25,5251678.25,5150987.06,5251678.25,76,0,0,0,0,,0,1.9,1,0.13377780668580294,0.4,Medium,1.5
MPLAD-1343,Asit Kumar Mal,West Bengal,BOLPUR(SC),275694456.74,Drinking Water Supply,Vendor_004,2654784.18,2654784.18,2668818.38,7906462.43,186,0,1,0,0,DUPGRP-1343,0,0.5,1,0.007482371271731684,1.0,High,1.21
MPLAD-1344,Asit Kumar Mal,West Bengal,BOLPUR(SC),275694456.74,Drinking Water Supply,Vendor_004,2576190.12,2576190.12,2577617.79,10482652.55,187,0,1,0,0,DUPGRP-1343,0,0.1,1,0.00595963554977414,1.0,High,1.17
MPLAD-1345,Asit Kumar Mal,West Bengal,BOLPUR(SC),275694456.74,Road Construction,Vendor_007,3441671.73,3441671.73,3499628.72,13924324.27,206,0,0,0,0,,0,1.7,0,0.0007755908896311034,0.001,Low,0.98
MPLAD-1346,Asit Kumar Mal,West Bengal,BOLPUR(SC),275694456.74,Sports Infrastructure,Vendor_004,2582220.2,2582220.2,2565240.6,16506544.48,236,0,1,0,0,DUPGRP-1346,0,0.7,1,0.0005987960952043549,1.0,High,0.86
MPLAD-1347,Asit Kumar Mal,West Bengal,BOLPUR(SC),275694456.74,Sports Infrastructure,Vendor_017,2681072.85,2681072.85,2699417.32,19187617.33,232,0,1,0,0,DUPGRP-1346,0,0.7,1,0.000724631410040144,1.0,High,0.89
MPLAD-1348,Asit Kumar Mal,West Bengal,BOLPUR(SC),275694456.74,Health Sub-Centre,Vendor_004,1091343.24,1091343.24,1070616.16,20278960.57,175,0,0,0,0,,0,1.9,1,1.7614350703630982e-06,0.4,Medium,0.26
MPLAD-1349,Asit Kumar Mal,West Bengal,BOLPUR(SC),275694456.74,Community Hall,Vendor_022,3237514.92,3237514.92,3264217.06,23516475.49,254,0,0,0,0,,0,0.8,1,0.00369178498163347,0.4,Medium,1.16
MPLAD-1350,Asit Kumar Mal,West Bengal,BOLPUR(SC),275694456.74,Road Construction,Vendor_013,3508475.79,3508475.79,3538565.99,27024951.28,140,0,0,0,0,,0,0.9,0,0.000888337830242196,0.001,Low,1.0
MPLAD-1351,Asit Kumar Mal,West Bengal,BOLPUR(SC),275694456.74,School Building,Vendor_019,4281743.82,4281743.82,4208250.52,31306695.1,128,0,0,0,0,,0,1.7,0,0.00010549310005071533,0.0,Low,0.86
MPLAD-1352,ATUL GARG,Uttar Pradesh,GHAZIABAD,155336470.0,Sports Infrastructure,Vendor_012,3069746.85,3069746.85,3049369.87,3069746.85,141,0,0,0,0,,0,0.7,0,0.002242350387885571,0.002,Low,1.02
MPLAD-1353,ATUL GARG,Uttar Pradesh,GHAZIABAD,155336470.0,Road Construction,Vendor_004,1782178.4,1782178.4,1770234.68,4851925.25,215,0,0,0,0,,0,0.7,1,2.2302062867846756e-05,0.4,Medium,0.51
MPLAD-1354,ATUL GARG,Uttar Pradesh,GHAZIABAD,155336470.0,Drinking Water Supply,Vendor_023,2331795.03,2331795.03,2324177.88,7183720.28,177,0,0,0,0,,0,0.3,0,0.0029810380375757616,0.003,Low,1.06
MPLAD-1355,ATUL GARG,Uttar Pradesh,GHAZIABAD,155336470.0,Solar Street Lighting,Vendor_017,1486355.03,1486355.03,1480623.7,8670075.31,163,0,0,0,0,,0,0.4,1,0.005345934521814541,0.4,Medium,0.99
MPLAD-1356,ATUL GARG,Uttar Pradesh,GHAZIABAD,155336470.0,Health Sub-Centre,Vendor_022,2449208.87,2449208.87,2447547.3,11119284.18,202,0,0,0,0,,0,0.1,1,2.3450628451259695e-05,0.4,Medium,0.58
MPLAD-1357,ATUL GARG,Uttar Pradesh,GHAZIABAD,155336470.0,Drinking Water Supply,Vendor_004,2365813.86,2365813.86,2324964.22,13485098.04,184,0,0,0,0,,0,1.7,1,0.0032488283053863356,0.4,Medium,1.08
MPLAD-1358,ATUL GARG,Uttar Pradesh,GHAZIABAD,155336470.0,Road Construction,Vendor_002,9708142.51,9708142.51,9658926.04,23193240.55,260,1,0,0,0,,0,0.5,0,0.9977333988670452,0.998,High,2.77
MPLAD-1359,ATUL GARG,Uttar Pradesh,GHAZIABAD,155336470.0,School Building,Vendor_002,6228166.47,6228166.47,6339459.75,29421407.02,272,0,0,1,0,,0,1.8,0,0.011564096545050681,0.012,Low,1.25
MPLAD-1360,AVIMANYU SETHI,Odisha,BHADRAK(SC),147000000.0,Road Construction,Vendor_025,3242107.57,3242107.57,4237018.45,3242107.57,196,0,0,0,1,,0,30.7,0,0.00043301164349665767,0.787,High,0.93
MPLAD-1361,AVIMANYU SETHI,Odisha,BHADRAK(SC),147000000.0,Health Sub-Centre,Vendor_013,3774746.34,3774746.34,3810894.56,7016853.92,82,0,0,0,0,,0,1.0,0,0.0004386119927676097,0.0,Low,0.9
MPLAD-1362,AVIMANYU SETHI,Odisha,BHADRAK(SC),147000000.0,Solar Street Lighting,Vendor_015,1067804.46,1067804.46,1065002.69,8084658.38,171,0,0,0,0,,0,0.3,0,0.0017090619049543942,0.002,Low,0.71
MPLAD-1363,AVIMANYU SETHI,Odisha,BHADRAK(SC),147000000.0,Road Construction,Vendor_007,5858409.75,5858409.75,5946864.72,13943068.14,212,0,0,0,0,,0,1.5,0,0.282183643233717,0.282,Low,1.67
MPLAD-1364,AWADHESH PRASAD,Uttar Pradesh,FAIZABAD,147000000.0,Sports Infrastructure,Vendor_016,5626884.64,5626884.64,7809399.45,5626884.64,67,1,0,0,1,,0,38.8,0,0.6943710564856229,0.85,High,1.88
MPLAD-1365,AWADHESH PRASAD,Uttar Pradesh,FAIZABAD,147000000.0,Drinking Water Supply,Vendor_003,2092762.73,2092762.73,2113094.47,7719647.37,35,0,0,0,0,,0,1.0,0,0.012940027524695759,0.013,Low,0.95
MPLAD-1366,AWADHESH PRASAD,Uttar Pradesh,FAIZABAD,147000000.0,School Building,Vendor_025,4722438.92,4722438.92,4791423.05,12442086.29,142,0,0,0,0,,0,1.5,0,0.00022685838612132854,0.0,Low,0.94
MPLAD-1367,AWADHESH PRASAD,Uttar Pradesh,FAIZABAD,147000000.0,Road Construction,Vendor_011,4828357.72,4828357.72,4892795.66,17270444.01,218,0,0,0,0,,0,1.3,0,0.027662490176643396,0.028,Low,1.38
MPLAD-1368,AWADHESH PRASAD,Uttar Pradesh,FAIZABAD,147000000.0,Community Hall,Vendor_011,3144576.06,3144576.06,3106979.35,20415020.07,151,0,0,0,0,,0,1.2,0,0.00381074729868743,0.004,Low,1.12
MPLAD-1369,AWADHESH PRASAD,Uttar Pradesh,FAIZABAD,147000000.0,Solar Street Lighting,Vendor_022,1493081.13,1493081.13,1463905.87,21908101.2,138,0,0,0,0,,0,2.0,1,0.004982889528216082,0.4,Medium,1.0
MPLAD-1370,AZAD KIRTI JHA,West Bengal,BARDHAMAN-DURGAPUR,179658399.98,Road Construction,Vendor_018,3550979.05,3550979.05,3595597.2,3550979.05,119,0,0,0,0,,0,1.3,0,0.0013423019272442674,0.001,Low,1.01
MPLAD-1371,AZAD KIRTI JHA,West Bengal,BARDHAMAN-DURGAPUR,179658399.98,Community Hall,Vendor_020,2706288.26,2706288.26,2741807.41,6257267.31,226,0,0,0,0,,0,1.3,0,0.0008551946455782106,0.001,Low,0.97
MPLAD-1372,AZAD KIRTI JHA,West Bengal,BARDHAMAN-DURGAPUR,179658399.98,Solar Street Lighting,Vendor_007,1437272.87,1437272.87,1426844.53,7694540.18,199,0,0,0,0,,0,0.7,0,0.006484496778417471,0.006,Low,0.96
MPLAD-1373,B K PARTHASARATHI,Andhra Pradesh,HINDUPUR,160491894.11,Road Construction,Vendor_023,7130362.68,7130362.68,7232687.45,7130362.68,241,1,0,0,0,,0,1.4,0,0.8782471509694261,0.878,High,2.04
MPLAD-1374,B K PARTHASARATHI,Andhra Pradesh,HINDUPUR,160491894.11,School Building,Vendor_016,1517554.39,1517554.39,1497236.43,8647917.07,116,0,0,0,0,,0,1.3,0,1.4084899544818903e-06,0.0,Low,0.3
MPLAD-1375,B K PARTHASARATHI,Andhra Pradesh,HINDUPUR,160491894.11,Health Sub-Centre,Vendor_004,4345736.43,4345736.43,4386136.81,12993653.5,284,0,0,1,0,,0,0.9,1,0.005435308069373358,0.4,Medium,1.03
MPLAD-1376,B K PARTHASARATHI,Andhra Pradesh,HINDUPUR,160491894.11,School Building,Vendor_011,3830515.58,3830515.58,3762751.03,16824169.08,162,0,0,0,0,,0,1.8,0,2.8997085834635986e-05,0.0,Low,0.77
MPLAD-1377,B K PARTHASARATHI,Andhra Pradesh,HINDUPUR,160491894.11,Solar Street Lighting,Vendor_009,2099417.65,2099417.65,2093450.63,18923586.72,132,0,0,0,0,,0,0.3,0,0.026992879362393866,0.027,Low,1.4
MPLAD-1378,B K PARTHASARATHI,Andhra Pradesh,HINDUPUR,160491894.11,School Building,Vendor_013,7234624.41,7234624.41,7272655.07,26158211.14,148,0,0,0,0,,0,0.5,0,0.0695210842436882,0.07,Low,1.45
MPLAD-1379,B K PARTHASARATHI,Andhra Pradesh,HINDUPUR,160491894.11,Sports Infrastructure,Vendor_017,5674575.37,5674575.37,5587024.8,31832786.51,195,1,0,0,0,,0,1.5,1,0.6528267121610548,0.653,Medium,1.89
MPLAD-1380,BABU SINGH KUSHWAHA,Uttar Pradesh,JAUNPUR,147000000.0,Road Construction,Vendor_003,4144778.79,4144778.79,4166070.76,4144778.79,260,0,0,0,0,,0,0.5,0,0.008036849495147665,0.008,Low,1.18
MPLAD-1381,BABU SINGH KUSHWAHA,Uttar Pradesh,JAUNPUR,147000000.0,Drinking Water Supply,Vendor_019,3195598.46,3195598.46,3168181.35,7340377.25,187,0,0,0,0,,0,0.9,0,0.03614794778779644,0.036,Low,1.45
MPLAD-1382,BABU SINGH KUSHWAHA,Uttar Pradesh,JAUNPUR,147000000.0,Sports Infrastructure,Vendor_021,3333727.86,3333727.86,3353433.43,10674105.11,162,0,0,0,0,,0,0.6,0,0.003709711168924024,0.004,Low,1.11
MPLAD-1383,BABU SINGH KUSHWAHA,Uttar Pradesh,JAUNPUR,147000000.0,Drinking Water Supply,Vendor_020,1979438.25,1979438.25,1945716.97,12653543.36,236,0,0,0,0,,0,1.7,0,0.0020037800199728182,0.002,Low,0.9
MPLAD-1384,BACHHAV SHOBHA DINESH,Maharashtra,DHULE,147000000.0,Health Sub-Centre,Vendor_008,1760481.48,1760481.48,2187210.84,1760481.48,217,0,0,0,1,,0,24.2,0,1.0408989475023842e-05,0.722,High,0.42
MPLAD-1385,BACHHAV SHOBHA DINESH,Maharashtra,DHULE,147000000.0,School Building,Vendor_002,4804310.2,4804310.2,4801233.39,6564791.68,156,0,0,0,0,,0,0.1,0,0.00024600329405738457,0.0,Low,0.96
MPLAD-1386,BACHHAV SHOBHA DINESH,Maharashtra,DHULE,147000000.0,Community Hall,Vendor_016,2893544.95,2893544.95,2928614.96,9458336.63,145,0,0,0,0,,0,1.2,0,0.00238316635190202,0.002,Low,1.03
MPLAD-1387,BACHHAV SHOBHA DINESH,Maharashtra,DHULE,147000000.0,Drinking Water Supply,Vendor_006,1559215.37,1559215.37,1584676.01,11017551.99,270,0,0,0,0,,0,1.6,0,0.002124369901248916,0.002,Low,0.71
MPLAD-1388,BAG MITALI,West Bengal,ARAMBAG(SC),147000000.0,Health Sub-Centre,Vendor_010,4447826.27,4447826.27,4485682.19,4447826.27,236,0,0,0,0,,0,0.9,0,0.002725217965320844,0.003,Low,1.06
MPLAD-1389,BAG MITALI,West Bengal,ARAMBAG(SC),147000000.0,School Building,Vendor_011,6550887.71,6550887.71,6440039.27,10998713.98,197,0,0,0,0,,0,1.7,0,0.014869679124370266,0.015,Low,1.31
MPLAD-1390,BAG MITALI,West Bengal,ARAMBAG(SC),147000000.0,Drinking Water Supply,Vendor_006,745407.65,745407.65,749485.38,11744121.64,55,0,0,0,0,,0,0.5,0,0.0008414026115678842,0.001,Low,0.34
MPLAD-1391,BAG MITALI,West Bengal,ARAMBAG(SC),147000000.0,School Building,Vendor_013,3236608.09,3236608.09,3278524.42,14980729.73,126,0,0,0,0,,0,1.3,0,1.4329249757385132e-05,0.0,Low,0.65
MPLAD-1392,BAG MITALI,West Bengal,ARAMBAG(SC),147000000.0,Drinking Water Supply,Vendor_020,2641839.95,2641839.95,2668029.94,17622569.68,217,0,0,0,0,,0,1.0,0,0.008669677319583331,0.009,Low,1.2
MPLAD-1393,BAIJAYANT PANDA,Odisha,KENDRAPARA,147000000.0,Community Hall,Vendor_015,1270036.25,1270036.25,1246615.73,1270036.25,164,0,0,0,0,,0,1.8,0,5.160601489124418e-05,0.0,Low,0.45
MPLAD-1394,BAIJAYANT PANDA,Odisha,KENDRAPARA,147000000.0,Drinking Water Supply,Vendor_007,1113742.03,1113742.03,1128239.19,2383778.28,160,0,0,0,0,,0,1.3,0,0.00012595466215046253,0.0,Low,0.51
MPLAD-1395,BAIJAYANT PANDA,Odisha,KENDRAPARA,147000000.0,Drinking Water Supply,Vendor_012,2673587.75,2673587.75,2700129.41,5057366.03,233,0,0,0,0,,0,1.0,0,0.011997753122955652,0.012,Low,1.22
MPLAD-1396,BAJRANG MANOHAR SONWANE,Maharashtra,BEED,165899107.19,Drinking Water Supply,Vendor_003,6799567.84,6799567.84,8432189.68,6799567.84,109,1,0,0,1,,0,24.0,0,0.9982060772860457,0.998,High,3.09
MPLAD-1397,BAJRANG MANOHAR SONWANE,Maharashtra,BEED,165899107.19,School Building,Vendor_003,3452398.13,3452398.13,3440634.45,10251965.97,246,0,0,0,0,,0,0.3,0,4.1528002857844515e-05,0.0,Low,0.69
MPLAD-1398,BAJRANG MANOHAR SONWANE,Maharashtra,BEED,165899107.19,Health Sub-Centre,Vendor_010,4388354.18,4388354.18,4402193.33,14640320.15,181,0,0,0,0,,0,0.3,0,0.0009499806066812922,0.001,Low,1.04
MPLAD-1399,BAJRANG MANOHAR SONWANE,Maharashtra,BEED,165899107.19,School Building,Vendor_005,2769596.04,2769596.04,2822896.13,17409916.19,96,0,0,0,0,,0,1.9,0,1.54489576521491e-05,0.0,Low,0.55
MPLAD-1400,BAJRANG MANOHAR SONWANE,Maharashtra,BEED,165899107.19,Community Hall,Vendor_018,3431664.36,3431664.36,3481580.17,20841580.55,176,0,0,0,0,,0,1.5,0,0.005186562952860935,0.005,Low,1.23
MPLAD-1401,BAJRANG MANOHAR SONWANE,Maharashtra,BEED,165899107.19,Sports Infrastructure,Vendor_022,2480607.01,2480607.01,2446494.36,23322187.56,189,0,0,0,0,,0,1.4,1,0.00036878380909845525,0.4,Medium,0.83
MPLAD-1402,BAJRANG MANOHAR SONWANE,Maharashtra,BEED,165899107.19,Sports Infrastructure,Vendor_014,3562880.86,3562880.86,3494351.68,26885068.42,127,0,0,0,0,,0,1.9,0,0.009599175537973787,0.01,Low,1.19
MPLAD-1403,BALABHADRA MAJHI,Odisha,NABARANGPUR(ST),147413962.11,Sports Infrastructure,Vendor_024,1006781.18,1006781.18,1022149.31,1006781.18,56,0,0,0,0,,0,1.5,0,0.0002608018043693361,0.0,Low,0.34
MPLAD-1404,BALABHADRA MAJHI,Odisha,NABARANGPUR(ST),147413962.11,Drinking Water Supply,Vendor_008,2509058.65,2509058.65,2529396.1,3515839.83,167,0,0,0,0,,0,0.8,0,0.005184161421891069,0.005,Low,1.14
MPLAD-1405,BALABHADRA MAJHI,Odisha,NABARANGPUR(ST),147413962.11,Health Sub-Centre,Vendor_011,4453532.48,4453532.48,4518197.21,7969372.31,134,0,0,0,0,,0,1.5,0,0.0008611687273220431,0.001,Low,1.06
MPLAD-1406,Balashowry Vallabbhaneni,Andhra Pradesh,MACHILIPATNAM,147000000.0,Health Sub-Centre,Vendor_025,3415829.74,3415829.74,3463294.46,3415829.74,141,0,0,0,0,,0,1.4,0,9.211654292345748e-05,0.0,Low,0.81
MPLAD-1407,Balashowry Vallabbhaneni,Andhra Pradesh,MACHILIPATNAM,147000000.0,Solar Street Lighting,Vendor_010,1089939.14,1089939.14,1071850.66,4505768.87,63,0,0,0,0,,0,1.7,0,0.004753719846137895,0.005,Low,0.73
MPLAD-1408,Balashowry Vallabbhaneni,Andhra Pradesh,MACHILIPATNAM,147000000.0,School Building,Vendor_017,3209433.52,3209433.52,4042647.97,7715202.39,161,0,0,0,1,,0,26.0,1,8.53843893086477e-06,1.0,High,0.64
MPLAD-1409,Balashowry Vallabbhaneni,Andhra Pradesh,MACHILIPATNAM,147000000.0,Community Hall,Vendor_008,1268008.06,1268008.06,1243688.72,8983210.45,152,0,0,0,0,,0,1.9,0,6.476633554805326e-05,0.0,Low,0.45
MPLAD-1410,Balashowry Vallabbhaneni,Andhra Pradesh,MACHILIPATNAM,147000000.0,Drinking Water Supply,Vendor_022,3295403.84,3295403.84,3331890.99,12278614.29,111,0,1,0,0,DUPGRP-1410,0,1.1,1,0.0738651791578282,1.0,High,1.5
MPLAD-1411,Balashowry Vallabbhaneni,Andhra Pradesh,MACHILIPATNAM,147000000.0,Drinking Water Supply,Vendor_024,3183750.27,3183750.27,3132629.8,15462364.56,118,0,1,0,0,DUPGRP-1410,0,1.6,0,0.05262277951924319,0.75,High,1.45
MPLAD-1412,BALRAM NAIK PORIKA,Telangana,MAHABUBABAD,147000000.0,Community Hall,Vendor_024,2731512.91,2731512.91,2706780.74,2731512.91,106,0,0,0,0,,0,0.9,0,0.004205661887449805,0.004,Low,0.98
MPLAD-1413,BALRAM NAIK PORIKA,Telangana,MAHABUBABAD,147000000.0,Solar Street Lighting,Vendor_021,1656524.85,1656524.85,1653770.48,4388037.76,177,0,0,0,0,,0,0.2,0,0.009818073380466698,0.01,Low,1.1
MPLAD-1414,BALRAM NAIK PORIKA,Telangana,MAHABUBABAD,147000000.0,Health Sub-Centre,Vendor_015,4483498.16,4483498.16,4544493.12,8871535.92,181,0,0,0,0,,0,1.4,0,0.0011813965119590194,0.001,Low,1.07
MPLAD-1415,BALRAM NAIK PORIKA,Telangana,MAHABUBABAD,147000000.0,Road Construction,Vendor_006,447802.18,447802.18,445319.63,9319338.1,299,0,0,1,0,,0,0.6,0,5.035196656982714e-05,0.0,Low,0.13
MPLAD-1416,BALRAM NAIK PORIKA,Telangana,MAHABUBABAD,147000000.0,School Building,Vendor_008,5560221.78,5560221.78,5660627.12,14879559.89,137,0,0,0,0,,0,1.8,0,0.001572383478651485,0.002,Low,1.11
MPLAD-1417,BALWANT BASWANT WANKHADE,Maharashtra,AMRAVATI(SC),198293678.0,Solar Street Lighting,Vendor_007,1324401.9,1324401.9,1337201.06,1324401.9,341,0,0,1,0,,0,1.0,0,0.011673301485757561,0.012,Low,0.88
MPLAD-1418,BALWANT BASWANT WANKHADE,Maharashtra,AMRAVATI(SC),198293678.0,School Building,Vendor_013,3062711.6,3062711.6,3112105.88,4387113.5,197,0,0,0,0,,0,1.6,0,7.404450539691566e-06,0.0,Low,0.61
MPLAD-1419,BALWANT BASWANT WANKHADE,Maharashtra,AMRAVATI(SC),198293678.0,Health Sub-Centre,Vendor_010,1543025.82,1543025.82,1517536.09,5930139.31,235,0,0,0,0,,0,1.7,0,1.2812763747807204e-05,0.0,Low,0.37
MPLAD-1420,BALWANT BASWANT WANKHADE,Maharashtra,AMRAVATI(SC),198293678.0,Road Construction,Vendor_022,1277207.48,1277207.48,1296318.17,7207346.79,230,0,0,0,0,,0,1.5,1,1.25079535937817e-05,0.4,Medium,0.36
MPLAD-1421,BALWANT BASWANT WANKHADE,Maharashtra,AMRAVATI(SC),198293678.0,Sports Infrastructure,Vendor_004,3670100.04,3670100.04,3635655.43,10877446.83,261,0,0,0,0,,0,0.9,1,0.007852944367112749,0.4,Medium,1.22
MPLAD-1422,BALWANT BASWANT WANKHADE,Maharashtra,AMRAVATI(SC),198293678.0,Road Construction,Vendor_017,3462729.28,3462729.28,3521529.54,14340176.11,125,0,0,0,0,,0,1.7,1,0.0009780157823491118,0.4,Medium,0.99
MPLAD-1423,BALWANT BASWANT WANKHADE,Maharashtra,AMRAVATI(SC),198293678.0,Sports Infrastructure,Vendor_002,761768.77,761768.77,762162.51,15101944.88,52,0,0,0,0,,0,0.1,0,0.00021289824691296316,0.0,Low,0.25
MPLAD-1424,BALYA MAMA SURESH GOPINATH MHATRE,Maharashtra,BHIWANDI,147000000.0,Sports Infrastructure,Vendor_021,4461526.21,4461526.21,5851961.34,4461526.21,127,0,0,0,1,,0,31.2,0,0.0963934372381142,0.792,High,1.49
MPLAD-1425,BALYA MAMA SURESH GOPINATH MHATRE,Maharashtra,BHIWANDI,147000000.0,School Building,Vendor_017,5031920.66,5031920.66,5019477.44,9493446.86,233,0,0,0,0,,0,0.2,1,0.0006548967204990605,0.4,Medium,1.01
MPLAD-1426,BALYA MAMA SURESH GOPINATH MHATRE,Maharashtra,BHIWANDI,147000000.0,Solar Street Lighting,Vendor_012,1824614.4,1824614.4,1796266.68,11318061.26,225,0,0,0,0,,0,1.6,0,0.025855203896942895,0.026,Low,1.22
MPLAD-1427,BALYA MAMA SURESH GOPINATH MHATRE,Maharashtra,BHIWANDI,147000000.0,Road Construction,Vendor_019,3769818.58,3769818.58,3713344.63,15087879.84,209,0,0,0,0,,0,1.5,0,0.0017986048755569222,0.002,Low,1.08
MPLAD-1428,BALYA MAMA SURESH GOPINATH MHATRE,Maharashtra,BHIWANDI,147000000.0,Road Construction,Vendor_022,4853254.41,4853254.41,5604484.18,19941134.25,190,0,0,0,1,,0,15.5,1,0.025949166786751153,1.0,High,1.39
MPLAD-1429,BALYA MAMA SURESH GOPINATH MHATRE,Maharashtra,BHIWANDI,147000000.0,School Building,Vendor_022,3921751.42,3921751.42,3849826.37,23862885.66,224,0,0,0,0,,0,1.8,1,5.854174105704892e-05,0.4,Medium,0.78
MPLAD-1430,BALYA MAMA SURESH GOPINATH MHATRE,Maharashtra,BHIWANDI,147000000.0,Sports Infrastructure,Vendor_023,4578118.06,4578118.06,4579277.29,28441003.72,239,0,0,0,0,,0,0.0,0,0.06718787824713252,0.067,Low,1.53
MPLAD-1431,BALYA MAMA SURESH GOPINATH MHATRE,Maharashtra,BHIWANDI,147000000.0,Solar Street Lighting,Vendor_003,1938023.4,1938023.4,1923539.63,30379027.12,268,0,0,0,0,,0,0.7,0,0.04347290398889156,0.043,Low,1.29
MPLAD-1432,Bansuri Swaraj NEW,Delhi,DELHI,154306950.0,Road Construction,Vendor_018,7722985.9,7722985.9,7587620.01,7722985.9,193,1,0,0,0,,0,1.8,0,0.9749651423985614,0.975,High,2.21
MPLAD-1433,Bansuri Swaraj NEW,Delhi,DELHI,154306950.0,Road Construction,Vendor_002,2279556.0,2279556.0,2234423.21,10002541.89,236,0,0,0,0,,0,2.0,0,9.438268424454731e-05,0.0,Low,0.65
MPLAD-1434,Bansuri Swaraj NEW,Delhi,DELHI,154306950.0,Solar Street Lighting,Vendor_005,1912374.5,1912374.5,1946149.55,11914916.4,228,0,0,0,0,,0,1.8,0,0.0338889464246803,0.034,Low,1.27
MPLAD-1435,Bansuri Swaraj NEW,Delhi,DELHI,154306950.0,Road Construction,Vendor_018,8462535.23,8462535.23,8601041.64,20377451.63,112,1,0,0,0,,0,1.6,0,0.9929846592250527,0.993,High,2.42
MPLAD-1436,Bansuri Swaraj NEW,Delhi,DELHI,154306950.0,Sports Infrastructure,Vendor_021,2855531.58,2855531.58,2893333.02,23232983.22,123,0,0,0,0,,0,1.3,0,0.0016743517107531893,0.002,Low,0.95
MPLAD-1437,Bansuri Swaraj NEW,Delhi,DELHI,154306950.0,Solar Street Lighting,Vendor_014,984902.99,984902.99,982296.7,24217886.21,177,0,0,0,0,,0,0.3,0,0.0014198705436643862,0.001,Low,0.66
MPLAD-1438,BAPI HALDAR,West Bengal,MATHURAPUR(SC),147000000.0,Road Construction,Vendor_022,3006730.65,3006730.65,3045334.79,3006730.65,172,0,0,0,0,,0,1.3,1,0.00021805705279192588,0.4,Medium,0.86
MPLAD-1439,BAPI HALDAR,West Bengal,MATHURAPUR(SC),147000000.0,Solar Street Lighting,Vendor_008,1129303.36,1129303.36,1142899.3,4136034.01,279,0,0,1,0,,0,1.2,0,0.0066135498538484406,0.007,Low,0.75
MPLAD-1440,BAPI HALDAR,West Bengal,MATHURAPUR(SC),147000000.0,Health Sub-Centre,Vendor_005,8968300.05,8968300.05,11647237.5,13104334.06,141,1,0,0,1,,0,29.9,0,0.9434035547762663,0.943,High,2.14
MPLAD-1441,BAPI HALDAR,West Bengal,MATHURAPUR(SC),147000000.0,Road Construction,Vendor_013,4686416.67,4686416.67,4648242.55,17790750.73,199,0,0,0,0,,0,0.8,0,0.0174312222619593,0.017,Low,1.34
MPLAD-1442,BAPI HALDAR,West Bengal,MATHURAPUR(SC),147000000.0,Health Sub-Centre,Vendor_024,5978568.75,5978568.75,5871038.1,23769319.48,158,0,1,0,0,DUPGRP-1442,0,1.8,0,0.030998891630422895,0.75,High,1.42
MPLAD-1443,BAPI HALDAR,West Bengal,MATHURAPUR(SC),147000000.0,Health Sub-Centre,Vendor_024,5764662.86,5764662.86,5699697.38,29533982.34,165,0,1,0,0,DUPGRP-1442,0,1.1,0,0.020056895267934957,0.75,High,1.37
MPLAD-1444,BAPI HALDAR,West Bengal,MATHURAPUR(SC),147000000.0,Health Sub-Centre,Vendor_017,4831847.18,4831847.18,6638818.12,34365829.52,87,0,0,0,1,,0,37.4,1,0.00292516547529635,1.0,High,1.15
MPLAD-1445,BAPI HALDAR,West Bengal,MATHURAPUR(SC),147000000.0,Solar Street Lighting,Vendor_014,960968.93,960968.93,963493.9,35326798.44,141,0,0,0,0,,0,0.3,0,0.0011604471088272619,0.001,Low,0.64
MPLAD-1446,BASAVARAJ BOMMAI,Karnataka,HAVERI,147000000.0,Sports Infrastructure,Vendor_024,4494251.25,4494251.25,4425694.82,4494251.25,206,0,0,0,0,,0,1.5,0,0.06617441611823273,0.066,Low,1.5
MPLAD-1447,BASAVARAJ BOMMAI,Karnataka,HAVERI,147000000.0,Solar Street Lighting,Vendor_006,4218337.32,4218337.32,4244728.85,8712588.56,94,1,0,0,0,,0,0.6,0,0.8797700987875268,0.88,High,2.81
MPLAD-1448,BASAVARAJ BOMMAI,Karnataka,HAVERI,147000000.0,Drinking Water Supply,Vendor_015,1623668.11,1623668.11,1596182.86,10336256.68,134,0,0,0,0,,0,1.7,0,0.0006847883741722997,0.001,Low,0.74
MPLAD-1449,BASAVARAJ BOMMAI,Karnataka,HAVERI,147000000.0,School Building,Vendor_017,5614175.78,5614175.78,5717984.46,15950432.46,190,0,1,0,0,DUPGRP-1449,0,1.8,1,0.0016157098463240789,1.0,High,1.12
MPLAD-1450,BASAVARAJ BOMMAI,Karnataka,HAVERI,147000000.0,School Building,Vendor_006,5589076.04,5589076.04,5597522.9,21539508.5,200,0,1,0,0,DUPGRP-1449,0,0.2,0,0.0016019677512379797,0.75,High,1.12
MPLAD-1451,BASAVARAJ BOMMAI,Karnataka,HAVERI,147000000.0,Health Sub-Centre,Vendor_004,7677205.62,7677205.62,7575314.87,29216714.11,156,1,0,0,0,,0,1.3,1,0.6034493313148815,0.603,Medium,1.83
MPLAD-1452,BASAVARAJ BOMMAI,Karnataka,HAVERI,147000000.0,Health Sub-Centre,Vendor_007,3829802.93,3829802.93,3888962.93,33046517.04,142,0,0,0,0,,0,1.5,0,0.00021806214763924782,0.0,Low,0.91
MPLAD-1453,BASAVARAJ BOMMAI,Karnataka,HAVERI,147000000.0,Community Hall,Vendor_018,4033368.72,4033368.72,5425852.84,37079885.77,265,0,0,0,1,,0,34.5,0,0.021805812903230193,0.825,High,1.44
MPLAD-1454,BASAVARAJ BOMMAI,Karnataka,HAVERI,147000000.0,Sports Infrastructure,Vendor_014,2701403.26,2701403.26,2730376.16,39781289.03,196,0,0,0,0,,0,1.1,0,0.0006414056405671029,0.001,Low,0.9
MPLAD-1455,BASTIPATI NAGARAJU PANCHALINGALA,Andhra Pradesh,KURNOOL,159998515.11,Drinking Water Supply,Vendor_016,4080164.64,4080164.64,4089860.0,4080164.64,30,0,0,0,0,,0,0.2,0,0.3027764223186217,0.303,Low,1.85
MPLAD-1456,BASTIPATI NAGARAJU PANCHALINGALA,Andhra Pradesh,KURNOOL,159998515.11,Drinking Water Supply,Vendor_006,6046106.85,6046106.85,5957206.01,10126271.49,138,1,0,0,0,,0,1.5,0,0.9931819661976384,0.993,High,2.75
MPLAD-1457,BASTIPATI NAGARAJU PANCHALINGALA,Andhra Pradesh,KURNOOL,159998515.11,Solar Street Lighting,Vendor_017,1536717.26,1536717.26,1518159.59,11662988.75,159,0,0,0,0,,0,1.2,1,0.0060321170747761575,0.4,Medium,1.02
MPLAD-1458,BASTIPATI NAGARAJU PANCHALINGALA,Andhra Pradesh,KURNOOL,159998515.11,Drinking Water Supply,Vendor_002,1627982.51,1627982.51,1622652.15,13290971.25,118,0,0,0,0,,0,0.3,0,0.0009499728086823545,0.001,Low,0.74
MPLAD-1459,BASTIPATI NAGARAJU PANCHALINGALA,Andhra Pradesh,KURNOOL,159998515.11,Road Construction,Vendor_025,4631415.41,4631415.41,4650394.84,17922386.66,246,0,0,0,0,,0,0.4,0,0.020898453939361208,0.021,Low,1.32
MPLAD-1460,BASTIPATI NAGARAJU PANCHALINGALA,Andhra Pradesh,KURNOOL,159998515.11,Drinking Water Supply,Vendor_017,5348989.9,5348989.9,5427814.65,23271376.56,149,1,0,0,0,,0,1.5,1,0.9592727330088935,0.959,High,2.43
MPLAD-1461,BASTIPATI NAGARAJU PANCHALINGALA,Andhra Pradesh,KURNOOL,159998515.11,Community Hall,Vendor_016,6017562.51,6017562.51,8104711.88,29288939.07,178,1,0,0,1,,0,34.7,0,0.7625539657898724,0.827,High,2.15
MPLAD-1462,BASTIPATI NAGARAJU PANCHALINGALA,Andhra Pradesh,KURNOOL,159998515.11,Sports Infrastructure,Vendor_017,2029247.71,2029247.71,2046247.85,31318186.78,264,0,0,0,0,,0,0.8,1,0.0002757939096714211,0.4,Medium,0.68
MPLAD-1463,Bhagirath Chaudhary,Rajasthan,AJMER,147000000.0,Sports Infrastructure,Vendor_024,7810243.5,7810243.5,7681403.0,7810243.5,163,1,0,0,0,,0,1.6,0,0.9979436316806114,0.998,High,2.6
MPLAD-1464,Bhagirath Chaudhary,Rajasthan,AJMER,147000000.0,Drinking Water Supply,Vendor_017,3251631.18,3251631.18,3193270.11,11061874.68,143,1,0,0,0,,0,1.8,1,0.05139663747056158,0.4,Medium,1.48
MPLAD-1465,Bhagirath Chaudhary,Rajasthan,AJMER,147000000.0,Community Hall,Vendor_013,2690852.07,2690852.07,2723727.0,13752726.76,286,0,0,1,0,,0,1.2,0,0.002460278982479524,0.002,Low,0.96
MPLAD-1466,Bhagirath Chaudhary,Rajasthan,AJMER,147000000.0,School Building,Vendor_016,7528498.14,7528498.14,7627078.27,21281224.89,200,0,0,0,0,,0,1.3,0,0.1272974836971047,0.127,Low,1.51
MPLAD-1467,Bhagirath Chaudhary,Rajasthan,AJMER,147000000.0,Solar Street Lighting,Vendor_022,1027126.97,1027126.97,1019399.36,22308351.86,216,0,0,0,0,,0,0.8,1,0.0024993402507555054,0.4,Medium,0.68
MPLAD-1468,Bhagirath Chaudhary,Rajasthan,AJMER,147000000.0,Road Construction,Vendor_009,1739857.77,1739857.77,1712409.19,24048209.63,149,0,0,0,0,,0,1.6,0,1.4722770133598245e-05,0.0,Low,0.5
MPLAD-1469,Bhagirath Chaudhary,Rajasthan,AJMER,147000000.0,Health Sub-Centre,Vendor_002,3185741.13,3185741.13,4017640.29,27233950.77,259,0,0,0,1,,0,26.1,0,0.0003922136870009029,0.741,High,0.76
MPLAD-1470,Bhagirath Chaudhary,Rajasthan,AJMER,147000000.0,Sports Infrastructure,Vendor_021,3892953.87,3892953.87,3882732.76,31126904.64,289,0,0,1,0,,0,0.3,0,0.012338505552125381,0.012,Low,1.3
MPLAD-1471,BHAJAN LAL JATAV,Rajasthan,KARAULI-DHOLPUR(SC),147000000.0,Drinking Water Supply,Vendor_022,2207235.37,2207235.37,2235776.97,2207235.37,306,0,0,1,0,,0,1.3,1,0.03305429770031071,0.4,Medium,1.0
MPLAD-1472,BHAJAN LAL JATAV,Rajasthan,KARAULI-DHOLPUR(SC),147000000.0,Sports Infrastructure,Vendor_011,7155588.68,7155588.68,7096645.94,9362824.05,325,1,0,1,0,,0,0.8,0,0.6082857008754197,0.608,Medium,2.39
MPLAD-1473,BHAJAN LAL JATAV,Rajasthan,KARAULI-DHOLPUR(SC),147000000.0,Community Hall,Vendor_022,3214230.28,3214230.28,3236580.61,12577054.33,258,0,0,0,0,,0,0.7,1,0.0037333650718071555,0.4,Medium,1.15
MPLAD-1474,BHAJAN LAL JATAV,Rajasthan,KARAULI-DHOLPUR(SC),147000000.0,Health Sub-Centre,Vendor_010,2891849.84,2891849.84,2906347.28,15468904.17,159,0,1,0,0,DUPGRP-1474,0,0.5,0,3.217034644481447e-05,0.75,High,0.69
MPLAD-1475,BHAJAN LAL JATAV,Rajasthan,KARAULI-DHOLPUR(SC),147000000.0,Health Sub-Centre,Vendor_010,2949010.9,2949010.9,2966755.13,18417915.07,148,0,1,0,0,DUPGRP-1474,0,0.6,0,3.567525144844867e-05,0.75,High,0.7
MPLAD-1476,BHARAT SINGH KUSHWAH,Madhya Pradesh,GWALIOR,151455276.04,Solar Street Lighting,Vendor_025,1171425.08,1171425.08,1163551.77,1171425.08,200,0,0,0,0,,0,0.7,0,0.0030614999172183443,0.003,Low,0.78
MPLAD-1477,BHARAT SINGH KUSHWAH,Madhya Pradesh,GWALIOR,151455276.04,Community Hall,Vendor_002,7235698.6,7235698.6,7249633.17,8407123.69,208,1,0,0,0,,0,0.2,0,0.9719906071475608,0.972,High,2.58
MPLAD-1478,BHARAT SINGH KUSHWAH,Madhya Pradesh,GWALIOR,151455276.04,Solar Street Lighting,Vendor_020,1609555.3,1609555.3,1609573.23,10016678.99,184,0,1,0,0,DUPGRP-1478,0,0.0,0,0.00914316158336047,0.75,High,1.07
MPLAD-1479,BHARAT SINGH KUSHWAH,Madhya Pradesh,GWALIOR,151455276.04,Solar Street Lighting,Vendor_020,1554108.58,1554108.58,1530951.47,11570787.57,186,0,1,0,0,DUPGRP-1478,0,1.5,0,0.007928744480050846,0.75,High,1.04
MPLAD-1480,BHARAT SINGH KUSHWAH,Madhya Pradesh,GWALIOR,151455276.04,Drinking Water Supply,Vendor_014,1345892.12,1345892.12,1372509.3,12916679.69,163,0,0,0,0,,0,2.0,0,0.00021983988946939182,0.0,Low,0.61
MPLAD-1481,BHARAT SINGH KUSHWAH,Madhya Pradesh,GWALIOR,151455276.04,Road Construction,Vendor_013,3948522.11,3948522.11,3903965.63,16865201.8,246,0,0,0,0,,0,1.1,0,0.004317133063160407,0.004,Low,1.13
MPLAD-1482,BHARAT SINGH KUSHWAH,Madhya Pradesh,GWALIOR,151455276.04,Community Hall,Vendor_017,2653414.19,2653414.19,2659419.23,19518615.99,116,0,1,0,0,DUPGRP-1482,0,0.2,1,0.0027547978183408515,1.0,High,0.95
MPLAD-1483,BHARAT SINGH KUSHWAH,Madhya Pradesh,GWALIOR,151455276.04,Community Hall,Vendor_017,2620030.19,2620030.19,2664492.55,22138646.18,112,0,1,0,0,DUPGRP-1482,0,1.7,1,0.002846899749848816,1.0,High,0.94
MPLAD-1484,BHARAT SINGH KUSHWAH,Madhya Pradesh,GWALIOR,151455276.04,Solar Street Lighting,Vendor_014,1119905.28,1119905.28,1097508.55,23258551.46,197,0,0,0,0,,0,2.0,0,0.0025537864849911242,0.003,Low,0.75
MPLAD-1485,BHARATBHAI MANUBHAI SUTARIYA,Gujarat,AMRELI,147000000.0,Road Construction,Vendor_005,5098626.93,5098626.93,5045662.22,5098626.93,193,0,0,0,0,,0,1.0,0,0.049150853034574934,0.049,Low,1.46
MPLAD-1486,BHARATBHAI MANUBHAI SUTARIYA,Gujarat,AMRELI,147000000.0,Sports Infrastructure,Vendor_003,2204310.24,2204310.24,2189051.21,7302937.17,168,0,1,0,0,DUPGRP-1486,0,0.7,0,0.00019767299217749926,0.75,High,0.73
MPLAD-1487,BHARATBHAI MANUBHAI SUTARIYA,Gujarat,AMRELI,147000000.0,Sports Infrastructure,Vendor_003,2170054.19,2170054.19,2201264.46,9472991.36,181,0,1,0,0,DUPGRP-1486,0,1.4,0,0.0001740306274706077,0.75,High,0.72
MPLAD-1488,BHARATBHAI MANUBHAI SUTARIYA,Gujarat,AMRELI,147000000.0,Health Sub-Centre,Vendor_004,5952592.2,5952592.2,6024998.5,15425583.56,134,0,0,0,0,,0,1.2,1,0.025382020614709844,0.4,Medium,1.42
MPLAD-1489,BHARATBHAI MANUBHAI SUTARIYA,Gujarat,AMRELI,147000000.0,School Building,Vendor_017,6117545.84,6117545.84,6115601.56,21543129.41,266,0,0,0,0,,0,0.0,1,0.008909711518771178,0.4,Medium,1.22
MPLAD-1490,BHARATBHAI MANUBHAI SUTARIYA,Gujarat,AMRELI,147000000.0,Health Sub-Centre,Vendor_017,3815140.07,3815140.07,3781238.0,25358269.48,165,0,0,0,0,,0,0.9,1,0.0002249309127025668,0.4,Medium,0.91
MPLAD-1491,Bharatsinhji Shankarji Dabhi,Gujarat,PATAN,147000000.0,Community Hall,Vendor_011,2124368.18,2124368.18,2707576.25,2124368.18,177,0,1,0,1,DUPGRP-1491,0,27.5,0,0.00024773131311150857,1.0,High,0.76
MPLAD-1492,Bharatsinhji Shankarji Dabhi,Gujarat,PATAN,147000000.0,Community Hall,Vendor_011,2156541.38,2156541.38,2169735.07,4280909.55,167,0,1,0,0,DUPGRP-1491,0,0.6,0,0.0003024729099067944,0.75,High,0.77
MPLAD-1493,Bharatsinhji Shankarji Dabhi,Gujarat,PATAN,147000000.0,Community Hall,Vendor_011,3110567.84,3110567.84,3172351.89,7391477.39,257,0,0,0,0,,0,2.0,0,0.002975730884762661,0.003,Low,1.11
MPLAD-1494,Bharatsinhji Shankarji Dabhi,Gujarat,PATAN,147000000.0,Community Hall,Vendor_004,977123.73,977123.73,990147.0,8368601.12,228,0,0,0,0,,0,1.3,1,3.085716500606349e-05,0.4,Medium,0.35
MPLAD-1495,BHARTI PARDHI,Madhya Pradesh,BALAGHAT,154398389.01,Road Construction,Vendor_022,4252200.39,4252200.39,4301528.44,4252200.39,191,0,0,0,0,,0,1.2,1,0.005420928201053491,0.4,Medium,1.21
MPLAD-1496,BHARTI PARDHI,Madhya Pradesh,BALAGHAT,154398389.01,Drinking Water Supply,Vendor_004,2129564.42,2129564.42,2092178.19,6381764.81,200,0,1,0,0,DUPGRP-1496,0,1.8,1,0.0017462082787936622,1.0,High,0.97
MPLAD-1497,BHARTI PARDHI,Madhya Pradesh,BALAGHAT,154398389.01,Drinking Water Supply,Vendor_004,2129445.67,2129445.67,2117071.77,8511210.48,198,0,1,0,0,DUPGRP-1496,0,0.6,1,0.0017241082821815084,1.0,High,0.97
MPLAD-1498,BHARTI PARDHI,Madhya Pradesh,BALAGHAT,154398389.01,Health Sub-Centre,Vendor_021,4600511.36,4600511.36,4627789.35,13111721.84,178,0,1,0,0,DUPGRP-1498,0,0.6,0,0.0014937931653494396,0.75,High,1.1
MPLAD-1499,BHARTI PARDHI,Madhya Pradesh,BALAGHAT,154398389.01,Health Sub-Centre,Vendor_010,4439105.65,4439105.65,4465521.06,17550827.5,169,0,1,0,0,DUPGRP-1498,0,0.6,0,0.0009400486867019277,0.75,High,1.06
MPLAD-1500,BHARTI PARDHI,Madhya Pradesh,BALAGHAT,154398389.01,Drinking Water Supply,Vendor_022,1744278.85,1744278.85,1718241.93,19295106.35,134,0,0,0,0,,0,1.5,1,0.000933328278782182,0.4,Medium,0.79
MPLAD-1501,BHARTI PARDHI,Madhya Pradesh,BALAGHAT,154398389.01,Health Sub-Centre,Vendor_007,4341077.66,4341077.66,4405657.8,23636184.01,154,0,0,0,0,,0,1.5,0,0.0006813600241288355,0.001,Low,1.03
MPLAD-1502,BHARTI PARDHI,Madhya Pradesh,BALAGHAT,154398389.01,School Building,Vendor_014,9716649.15,9716649.15,9589200.15,33352833.15,118,1,0,0,0,,0,1.3,0,0.9132573155079321,0.913,High,1.94
MPLAD-1503,BHARTI PARDHI,Madhya Pradesh,BALAGHAT,154398389.01,Health Sub-Centre,Vendor_017,3911804.85,3911804.85,3925359.08,37264638.0,111,0,0,0,0,,0,0.3,1,0.00032822108495436165,0.4,Medium,0.93
MPLAD-1504,BHARTI PARDHI,Madhya Pradesh,BALAGHAT,154398389.01,Community Hall,Vendor_021,3725093.88,3725093.88,3751689.74,40989731.88,140,0,0,0,0,,0,0.7,0,0.01860262504910875,0.019,Low,1.33
MPLAD-1505,BHASKAR MURLIDHAR BHAGARE,Maharashtra,DINDORI(ST),147000000.0,Drinking Water Supply,Vendor_005,2647661.65,2647661.65,2700152.9,2647661.65,131,0,1,0,0,DUPGRP-1505,0,2.0,0,0.010901105522314793,0.75,High,1.2
MPLAD-1506,BHASKAR MURLIDHAR BHAGARE,Maharashtra,DINDORI(ST),147000000.0,Drinking Water Supply,Vendor_010,2543977.87,2543977.87,2573073.38,5191639.52,120,0,1,0,0,DUPGRP-1505,0,1.1,0,0.009541666748168346,0.75,High,1.16
MPLAD-1507,BHASKAR MURLIDHAR BHAGARE,Maharashtra,DINDORI(ST),147000000.0,Solar Street Lighting,Vendor_020,3005045.35,3005045.35,3543293.25,8196684.87,230,1,0,0,1,,0,17.9,0,0.4649883943236297,0.659,Medium,2.0
MPLAD-1508,BHASKAR MURLIDHAR BHAGARE,Maharashtra,DINDORI(ST),147000000.0,Drinking Water Supply,Vendor_011,2012532.07,2012532.07,2019616.22,10209216.94,228,0,0,0,0,,0,0.4,0,0.0018369908064194923,0.002,Low,0.91
MPLAD-1509,BHASKAR MURLIDHAR BHAGARE,Maharashtra,DINDORI(ST),147000000.0,Road Construction,Vendor_022,3431484.07,3431484.07,3437127.32,13640701.01,224,0,0,0,0,,0,0.2,1,0.000946944787242052,0.4,Medium,0.98
MPLAD-1510,BHAUSAHEB RAJARAM WAKCHAURE,Maharashtra,SHIRDI(SC),147000000.0,Community Hall,Vendor_005,5791795.05,5791795.05,5797216.49,5791795.05,178,1,0,0,0,,0,0.1,0,0.6498836303671762,0.65,Medium,2.07
MPLAD-1511,BHAUSAHEB RAJARAM WAKCHAURE,Maharashtra,SHIRDI(SC),147000000.0,Drinking Water Supply,Vendor_017,3346297.95,3346297.95,3331133.47,9138092.99,93,0,1,0,0,DUPGRP-1511,0,0.5,1,0.09367569298787656,1.0,High,1.52
MPLAD-1512,BHAUSAHEB RAJARAM WAKCHAURE,Maharashtra,SHIRDI(SC),147000000.0,Drinking Water Supply,Vendor_017,3226139.13,3226139.13,3284521.32,12364232.13,90,0,1,0,0,DUPGRP-1511,0,1.8,1,0.07251118978037537,1.0,High,1.47
MPLAD-1513,BHAUSAHEB RAJARAM WAKCHAURE,Maharashtra,SHIRDI(SC),147000000.0,School Building,Vendor_004,4703346.43,4703346.43,4707193.66,17067578.56,191,0,0,0,0,,0,0.1,1,0.00020055240359450184,0.4,Medium,0.94
MPLAD-1514,BHAUSAHEB RAJARAM WAKCHAURE,Maharashtra,SHIRDI(SC),147000000.0,School Building,Vendor_017,5820441.64,5820441.64,5914212.17,22888020.2,184,0,1,0,0,DUPGRP-1514,0,1.6,1,0.002577019536150114,1.0,High,1.16
MPLAD-1515,BHAUSAHEB RAJARAM WAKCHAURE,Maharashtra,SHIRDI(SC),147000000.0,School Building,Vendor_017,5832035.96,5832035.96,5936072.69,28720056.16,178,0,1,0,0,DUPGRP-1514,0,1.8,1,0.0026194107282538895,1.0,High,1.17
MPLAD-1516,BHAUSAHEB RAJARAM WAKCHAURE,Maharashtra,SHIRDI(SC),147000000.0,Solar Street Lighting,Vendor_014,1856609.91,1856609.91,1837735.42,30576666.07,175,0,0,0,0,,0,1.0,0,0.01738428466679221,0.017,Low,1.24
MPLAD-1517,BHAUSAHEB RAJARAM WAKCHAURE,Maharashtra,SHIRDI(SC),147000000.0,Road Construction,Vendor_011,9026758.03,9026758.03,8873937.93,39603424.1,235,1,1,0,0,DUPGRP-1517,0,1.7,0,0.9968081058815746,0.997,High,2.58
MPLAD-1518,BHAUSAHEB RAJARAM WAKCHAURE,Maharashtra,SHIRDI(SC),147000000.0,Road Construction,Vendor_011,8668711.63,8668711.63,8610161.94,48272135.73,238,0,1,0,0,DUPGRP-1517,0,0.7,0,0.9937882155753357,0.994,High,2.48
MPLAD-1519,BHOJRAJ NAG,Chhattisgarh,KANKER(ST),164672734.11,Community Hall,Vendor_005,3276114.67,3276114.67,3914163.91,3276114.67,183,0,0,0,1,,0,19.5,0,0.0033028744901399593,0.675,High,1.17
MPLAD-1520,BHOJRAJ NAG,Chhattisgarh,KANKER(ST),164672734.11,Sports Infrastructure,Vendor_013,2065321.29,2065321.29,2052924.23,5341435.96,192,0,0,0,0,,0,0.6,0,0.0001364208221115349,0.0,Low,0.69
MPLAD-1521,BHOJRAJ NAG,Chhattisgarh,KANKER(ST),164672734.11,School Building,Vendor_024,6791142.87,6791142.87,6766605.9,12132578.83,113,0,0,0,0,,0,0.4,0,0.029359756046395832,0.029,Low,1.36
MPLAD-1522,Bhola Singh,Uttar Pradesh,BULANDSHAHR(SC),147000000.0,Sports Infrastructure,Vendor_001,7130566.6,7130566.6,7217321.52,7130566.6,148,1,0,0,0,,0,1.2,0,0.9907094661302269,0.991,High,2.38
MPLAD-1523,Bhola Singh,Uttar Pradesh,BULANDSHAHR(SC),147000000.0,Health Sub-Centre,Vendor_022,3484195.92,3484195.92,4558027.37,10614762.52,304,0,0,1,1,,0,30.8,1,0.0020036085823847637,1.0,High,0.83
MPLAD-1524,Bhola Singh,Uttar Pradesh,BULANDSHAHR(SC),147000000.0,School Building,Vendor_023,4127326.95,4127326.95,4199747.47,14742089.47,109,0,0,0,0,,0,1.8,0,0.000112296882027476,0.0,Low,0.83
MPLAD-1525,Bhola Singh,Uttar Pradesh,BULANDSHAHR(SC),147000000.0,Drinking Water Supply,Vendor_018,2117255.02,2117255.02,2872849.74,16859344.49,105,0,0,0,1,,0,35.7,0,0.0040938029655351715,0.837,High,0.96
MPLAD-1526,Bhola Singh,Uttar Pradesh,BULANDSHAHR(SC),147000000.0,School Building,Vendor_013,5496276.96,5496276.96,5429388.5,22355621.45,267,0,0,0,0,,0,1.2,0,0.0027903767656194726,0.003,Low,1.1
MPLAD-1527,Bhola Singh,Uttar Pradesh,BULANDSHAHR(SC),147000000.0,Health Sub-Centre,Vendor_009,3682415.39,3682415.39,3655761.34,26038036.83,143,0,0,0,0,,0,0.7,0,0.00015925997478121923,0.0,Low,0.88
MPLAD-1528,Bhola Singh,Uttar Pradesh,BULANDSHAHR(SC),147000000.0,Road Construction,Vendor_008,4692715.71,4692715.71,4706578.1,30730752.54,125,0,1,0,0,DUPGRP-1528,0,0.3,0,0.02060037146340297,0.75,High,1.34
MPLAD-1529,Bhola Singh,Uttar Pradesh,BULANDSHAHR(SC),147000000.0,Road Construction,Vendor_008,4527870.72,4527870.72,4502812.95,35258623.26,126,0,1,0,0,DUPGRP-1528,0,0.6,0,0.01347693814006947,0.75,High,1.29
MPLAD-1530,Bhola Singh,Uttar Pradesh,BULANDSHAHR(SC),147000000.0,Health Sub-Centre,Vendor_017,2452966.91,2452966.91,2462479.05,37711590.17,231,0,0,0,0,,0,0.4,1,4.846918751931856e-05,0.4,Medium,0.58
MPLAD-1531,BHUMARE SANDIPANRAO ASARAM,Maharashtra,AURANGABAD_MH,147000000.0,Sports Infrastructure,Vendor_002,3320785.73,3320785.73,3359398.64,3320785.73,191,0,0,0,0,,0,1.2,0,0.003162600254431919,0.003,Low,1.11
MPLAD-1532,BHUMARE SANDIPANRAO ASARAM,Maharashtra,AURANGABAD_MH,147000000.0,Drinking Water Supply,Vendor_016,3899817.12,3899817.12,3934614.67,7220602.85,259,0,0,0,0,,0,0.9,0,0.3428624880659011,0.343,Medium,1.77
MPLAD-1533,BHUMARE SANDIPANRAO ASARAM,Maharashtra,AURANGABAD_MH,147000000.0,Drinking Water Supply,Vendor_015,1643444.1,1643444.1,1667338.45,8864046.95,124,0,0,0,0,,0,1.5,0,0.0008720971298747392,0.001,Low,0.75
MPLAD-1534,BHUMARE SANDIPANRAO ASARAM,Maharashtra,AURANGABAD_MH,147000000.0,Health Sub-Centre,Vendor_013,7194730.38,7194730.38,9597622.75,16058777.32,91,0,0,0,1,,0,33.4,0,0.24819910600318834,0.814,High,1.71
MPLAD-1535,BHUMARE SANDIPANRAO ASARAM,Maharashtra,AURANGABAD_MH,147000000.0,Health Sub-Centre,Vendor_010,4636988.45,4636988.45,4636999.26,20695765.78,166,0,0,0,0,,0,0.0,0,0.0014447559396118242,0.001,Low,1.1
MPLAD-1536,Bhupathiraju Srinivasa varma,Andhra Pradesh,NARASAPURAM,147000000.0,Health Sub-Centre,Vendor_023,5229335.34,5229335.34,5292872.86,5229335.34,227,0,0,0,0,,0,1.2,0,0.012705677686701541,0.013,Low,1.25
MPLAD-1537,Bhupathiraju Srinivasa varma,Andhra Pradesh,NARASAPURAM,147000000.0,Health Sub-Centre,Vendor_018,5505689.63,5505689.63,5407570.76,10735024.96,137,0,0,0,0,,0,1.8,0,0.009297921183903967,0.009,Low,1.31
MPLAD-1538,Bhupathiraju Srinivasa varma,Andhra Pradesh,NARASAPURAM,147000000.0,Health Sub-Centre,Vendor_003,4890425.58,4890425.58,4918832.81,15625450.54,277,0,0,1,0,,0,0.6,0,0.012995396749911445,0.013,Low,1.16
MPLAD-1539,Bhupathiraju Srinivasa varma,Andhra Pradesh,NARASAPURAM,147000000.0,Health Sub-Centre,Vendor_024,2194358.03,2194358.03,2220256.55,17819808.58,142,0,0,0,0,,0,1.2,0,9.275991878136987e-06,0.0,Low,0.52
MPLAD-1540,Bhupathiraju Srinivasa varma,Andhra Pradesh,NARASAPURAM,147000000.0,Community Hall,Vendor_019,2494789.95,2494789.95,2535030.72,20314598.52,202,0,0,0,0,,0,1.6,0,0.00048615926936374583,0.0,Low,0.89
MPLAD-1541,Bhupathiraju Srinivasa varma,Andhra Pradesh,NARASAPURAM,147000000.0,Solar Street Lighting,Vendor_013,2894499.57,2894499.57,2935859.76,23209098.09,113,1,0,0,0,,0,1.4,0,0.19910901218335975,0.199,Low,1.93
MPLAD-1542,BHUPENDER YADAV,Rajasthan,ALWAR,147000000.0,Community Hall,Vendor_017,3098336.74,3098336.74,3065033.33,3098336.74,188,0,0,0,0,,0,1.1,1,0.002068459346406549,0.4,Medium,1.11
MPLAD-1543,BHUPENDER YADAV,Rajasthan,ALWAR,147000000.0,Sports Infrastructure,Vendor_017,7589860.14,7589860.14,10023648.61,10688196.88,143,1,0,0,1,,0,32.1,1,0.9967259551515284,1.0,High,2.53
MPLAD-1544,BHUPENDER YADAV,Rajasthan,ALWAR,147000000.0,Sports Infrastructure,Vendor_008,3816867.97,3816867.97,3779052.69,14505064.85,154,0,0,0,0,,0,1.0,0,0.014477408088290025,0.014,Low,1.27
MPLAD-1545,BHUPENDER YADAV,Rajasthan,ALWAR,147000000.0,School Building,Vendor_007,6191368.39,6191368.39,6109216.01,20696433.23,154,0,0,0,0,,0,1.3,0,0.0062805621487971785,0.006,Low,1.24
MPLAD-1546,BIBHU PRASAD TARAI,Odisha,JAGATSINGHPUR(SC),147000000.0,Drinking Water Supply,Vendor_003,2682475.75,2682475.75,2734112.5,2682475.75,128,0,0,0,0,,0,1.9,0,0.01243821505106636,0.012,Low,1.22
MPLAD-1547,BIBHU PRASAD TARAI,Odisha,JAGATSINGHPUR(SC),147000000.0,School Building,Vendor_024,6827292.07,6827292.07,6857880.67,9509767.82,243,0,0,0,0,,0,0.4,0,0.03145037324902559,0.031,Low,1.37
MPLAD-1548,BIBHU PRASAD TARAI,Odisha,JAGATSINGHPUR(SC),147000000.0,Solar Street Lighting,Vendor_015,2032585.98,2032585.98,2002689.73,11542353.8,267,0,0,0,0,,0,1.5,0,0.05471329099410388,0.055,Low,1.36
MPLAD-1549,BIBHU PRASAD TARAI,Odisha,JAGATSINGHPUR(SC),147000000.0,Health Sub-Centre,Vendor_012,4231063.63,4231063.63,4175483.76,15773417.42,164,0,0,0,0,,0,1.3,0,0.0005625164754307269,0.001,Low,1.01
MPLAD-1550,BIBHU PRASAD TARAI,Odisha,JAGATSINGHPUR(SC),147000000.0,Drinking Water Supply,Vendor_022,2212181.62,2212181.62,2174429.77,17985599.04,242,0,0,0,0,,0,1.7,1,0.004236712214024329,0.4,Medium,1.01
MPLAD-1551,Bidyut Baran Mahato,Jharkhand,JAMSHEDPUR,147000000.0,Road Construction,Vendor_016,1534365.13,1534365.13,1545016.48,1534365.13,72,0,0,0,0,,0,0.7,0,0.00010849704350807429,0.0,Low,0.44
MPLAD-1552,Bidyut Baran Mahato,Jharkhand,JAMSHEDPUR,147000000.0,School Building,Vendor_006,6287021.29,6287021.29,6373946.54,7821386.42,130,0,0,0,0,,0,1.4,0,0.008740177713653357,0.009,Low,1.26
MPLAD-1553,Bidyut Baran Mahato,Jharkhand,JAMSHEDPUR,147000000.0,Health Sub-Centre,Vendor_025,3604797.1,3604797.1,3612558.0,11426183.52,170,0,0,0,0,,0,0.2,0,0.00014837298416678452,0.0,Low,0.86
MPLAD-1554,Bidyut Baran Mahato,Jharkhand,JAMSHEDPUR,147000000.0,Solar Street Lighting,Vendor_017,1142659.66,1142659.66,1130403.1,12568843.18,211,0,0,0,0,,0,1.1,1,0.0032302298650232165,0.4,Medium,0.76
MPLAD-1555,Bidyut Baran Mahato,Jharkhand,JAMSHEDPUR,147000000.0,Road Construction,Vendor_010,5087521.94,5087521.94,4993014.15,17656365.13,190,1,0,0,0,,0,1.9,0,0.04741128468369602,0.047,Low,1.45
MPLAD-1556,Bidyut Baran Mahato,Jharkhand,JAMSHEDPUR,147000000.0,Solar Street Lighting,Vendor_024,3681334.78,3681334.78,3657957.48,21337699.9,131,1,0,0,0,,0,0.6,0,0.7361628324971456,0.736,High,2.45
MPLAD-1557,Bidyut Baran Mahato,Jharkhand,JAMSHEDPUR,147000000.0,Health Sub-Centre,Vendor_002,4458695.47,4458695.47,4545879.11,25796395.37,189,0,0,0,0,,0,2.0,0,0.0012385291889711633,0.001,Low,1.06
MPLAD-1558,Bidyut Baran Mahato,Jharkhand,JAMSHEDPUR,147000000.0,Drinking Water Supply,Vendor_020,1549588.5,1549588.5,1535150.99,27345983.87,229,0,0,0,0,,0,0.9,0,0.0005649472694324241,0.001,Low,0.7
MPLAD-1559,BIJULI KALITA MEDHI,Assam,GUWAHATI,147000000.0,Solar Street Lighting,Vendor_022,1655724.08,1655724.08,2031498.58,1655724.08,172,0,0,0,1,,0,22.7,1,0.009372620260687114,1.0,High,1.1
MPLAD-1560,BIJULI KALITA MEDHI,Assam,GUWAHATI,147000000.0,Road Construction,Vendor_022,1893005.92,1893005.92,1888360.29,3548730.0,189,0,0,0,0,,0,0.2,1,1.92448492254447e-05,0.4,Medium,0.54
MPLAD-1561,BIJULI KALITA MEDHI,Assam,GUWAHATI,147000000.0,School Building,Vendor_016,1886617.99,1886617.99,1923881.26,5435347.98,174,0,0,0,0,,0,2.0,0,9.187804544739542e-07,0.0,Low,0.38
MPLAD-1562,BIJULI KALITA MEDHI,Assam,GUWAHATI,147000000.0,Solar Street Lighting,Vendor_019,1732184.93,1732184.93,1698979.5,7167532.91,146,0,0,0,0,,0,1.9,0,0.00995003227117751,0.01,Low,1.15
MPLAD-1563,BIPLAB KUMAR DEB TRIPURA,Tripura,WEST,147000000.0,Health Sub-Centre,Vendor_022,9119956.23,9119956.23,8942382.95,9119956.23,102,1,0,0,0,,0,1.9,1,0.9239478837275183,0.924,High,2.17
MPLAD-1564,BIPLAB KUMAR DEB TRIPURA,Tripura,WEST,147000000.0,Community Hall,Vendor_004,2224692.49,2224692.49,2219838.48,11344648.72,126,0,0,0,0,,0,0.2,1,0.0008512201247162223,0.4,Medium,0.79
MPLAD-1565,BIPLAB KUMAR DEB TRIPURA,Tripura,WEST,147000000.0,School Building,Vendor_009,4647310.5,4647310.5,4583321.36,15991959.22,98,0,0,0,0,,0,1.4,0,0.00039978959730865333,0.0,Low,0.93
MPLAD-1566,BIPLAB KUMAR DEB TRIPURA,Tripura,WEST,147000000.0,Health Sub-Centre,Vendor_013,3376478.61,3376478.61,3437745.84,19368437.83,219,0,0,0,0,,0,1.8,0,0.00020404025301726426,0.0,Low,0.8
MPLAD-1567,BISHNU PADA RAY ANDAMAN AND,Andaman And Nicobar Islands,NICOBAR,147000000.0,Road Construction,Vendor_022,7222784.37,7222784.37,7225136.6,7222784.37,108,1,0,0,0,,0,0.0,1,0.915829407355983,0.916,High,2.06
MPLAD-1568,BISHNU PADA RAY ANDAMAN AND,Andaman And Nicobar Islands,NICOBAR,147000000.0,Solar Street Lighting,Vendor_002,1164942.4,1164942.4,1166392.03,8387726.77,250,0,0,0,0,,0,0.1,0,0.005511980994347051,0.006,Low,0.78
MPLAD-1569,BISHNU PADA RAY ANDAMAN AND,Andaman And Nicobar Islands,NICOBAR,147000000.0,Sports Infrastructure,Vendor_014,4181891.09,4181891.09,4253202.08,12569617.86,208,0,1,0,0,DUPGRP-1569,0,1.7,0,0.029435108544782047,0.75,High,1.39
MPLAD-1570,BISHNU PADA RAY ANDAMAN AND,Andaman And Nicobar Islands,NICOBAR,147000000.0,Sports Infrastructure,Vendor_004,4221758.92,4221758.92,4201853.07,16791376.78,213,0,1,0,0,DUPGRP-1569,0,0.5,1,0.03201466292304011,1.0,High,1.41
MPLAD-1571,BISHNU PADA RAY ANDAMAN AND,Andaman And Nicobar Islands,NICOBAR,147000000.0,Road Construction,Vendor_016,3586836.21,3586836.21,3567108.9,20378212.99,192,0,0,0,0,,0,0.5,0,0.0009876415607965859,0.001,Low,1.02
MPLAD-1572,BRIJENDRA SINGH OLA,Rajasthan,JHUNJHUNU,147000000.0,Community Hall,Vendor_022,4069192.42,4069192.42,4020255.58,4069192.42,171,0,0,0,0,,0,1.2,1,0.026277761000110852,0.4,Medium,1.45
MPLAD-1573,BRIJENDRA SINGH OLA,Rajasthan,JHUNJHUNU,147000000.0,Community Hall,Vendor_011,5161042.45,5161042.45,6196024.22,9230234.87,248,1,1,0,1,DUPGRP-1573,0,20.1,0,0.19252253599652194,1.0,High,1.84
MPLAD-1574,BRIJENDRA SINGH OLA,Rajasthan,JHUNJHUNU,147000000.0,Community Hall,Vendor_011,5179824.65,5179824.65,5094825.7,14410059.52,233,0,1,0,0,DUPGRP-1573,0,1.6,0,0.20616420370271155,0.75,High,1.85
MPLAD-1575,BRIJENDRA SINGH OLA,Rajasthan,JHUNJHUNU,147000000.0,Health Sub-Centre,Vendor_017,2332494.45,2332494.45,2375956.5,16742553.97,145,0,0,0,0,,0,1.9,1,1.1554464462057095e-05,0.4,Medium,0.56
MPLAD-1576,BRIJENDRA SINGH OLA,Rajasthan,JHUNJHUNU,147000000.0,Drinking Water Supply,Vendor_018,3002706.21,3002706.21,2978860.29,19745260.18,187,0,0,0,0,,0,0.8,0,0.020639357512674584,0.021,Low,1.36
MPLAD-1577,BRIJENDRA SINGH OLA,Rajasthan,JHUNJHUNU,147000000.0,Health Sub-Centre,Vendor_020,5923760.96,5923760.96,5942471.83,25669021.14,140,0,0,0,0,,0,0.3,0,0.024382569186683186,0.024,Low,1.41
MPLAD-1578,BRIJMOHAN AGRAWAL,Chhattisgarh,RAIPUR,153766451.11,Road Construction,Vendor_017,1691752.02,1691752.02,1681069.12,1691752.02,179,0,0,0,0,,0,0.6,1,1.2002591158691302e-05,0.4,Medium,0.48
MPLAD-1579,BRIJMOHAN AGRAWAL,Chhattisgarh,RAIPUR,153766451.11,Community Hall,Vendor_012,2408702.56,2408702.56,2438744.55,4100454.58,207,0,0,0,0,,0,1.2,0,0.00040367127761696276,0.0,Low,0.86
MPLAD-1580,BRIJMOHAN AGRAWAL,Chhattisgarh,RAIPUR,153766451.11,Sports Infrastructure,Vendor_022,3506604.03,3506604.03,3540495.68,7607058.61,207,0,0,0,0,,0,1.0,1,0.00506140283912389,0.4,Medium,1.17
MPLAD-1581,BRIJMOHAN AGRAWAL,Chhattisgarh,RAIPUR,153766451.11,Health Sub-Centre,Vendor_008,3719609.9,3719609.9,3698331.12,11326668.51,177,0,1,0,0,DUPGRP-1581,0,0.6,0,0.00020371901912200505,0.75,High,0.89
MPLAD-1582,BRIJMOHAN AGRAWAL,Chhattisgarh,RAIPUR,153766451.11,Health Sub-Centre,Vendor_008,3759705.55,3759705.55,3717465.42,15086374.06,170,0,1,0,0,DUPGRP-1581,0,1.1,0,0.00020734591718943755,0.75,High,0.9
MPLAD-1583,BRIJMOHAN AGRAWAL,Chhattisgarh,RAIPUR,153766451.11,Drinking Water Supply,Vendor_020,3007577.43,3007577.43,2995039.16,18093951.49,129,0,0,0,0,,0,0.4,0,0.029747327059677177,0.03,Low,1.37
MPLAD-1584,BRIJMOHAN AGRAWAL,Chhattisgarh,RAIPUR,153766451.11,Drinking Water Supply,Vendor_024,2959675.66,2959675.66,2979414.51,21053627.15,176,0,0,0,0,,0,0.7,0,0.01845647618204104,0.018,Low,1.35
MPLAD-1585,BUNTY VIVEK SAHU,Madhya Pradesh,CHHINDWARA,147000000.0,Community Hall,Vendor_017,1555358.54,1555358.54,1569550.66,1555358.54,109,0,0,0,0,,0,0.9,1,0.0003737509892080952,0.4,Medium,0.56
MPLAD-1586,BUNTY VIVEK SAHU,Madhya Pradesh,CHHINDWARA,147000000.0,School Building,Vendor_012,6175229.48,6175229.48,6068630.38,7730588.03,206,0,0,0,0,,0,1.7,0,0.0064325215898421865,0.006,Low,1.24
MPLAD-1587,BUNTY VIVEK SAHU,Madhya Pradesh,CHHINDWARA,147000000.0,Community Hall,Vendor_007,7067203.6,7067203.6,7090926.59,14797791.63,147,1,0,0,0,,0,0.3,0,0.979729659824213,0.98,High,2.52
MPLAD-1588,BUNTY VIVEK SAHU,Madhya Pradesh,CHHINDWARA,147000000.0,Community Hall,Vendor_003,2887273.16,2887273.16,2911134.06,17685064.79,171,0,0,0,0,,0,0.8,0,0.0015001382485696764,0.002,Low,1.03
MPLAD-1589,BUNTY VIVEK SAHU,Madhya Pradesh,CHHINDWARA,147000000.0,Health Sub-Centre,Vendor_025,8678343.11,8678343.11,8802594.39,26363407.9,136,1,0,0,0,,0,1.4,0,0.9015627658913679,0.902,High,2.07
MPLAD-1590,BUNTY VIVEK SAHU,Madhya Pradesh,CHHINDWARA,147000000.0,Health Sub-Centre,Vendor_017,4264100.83,4264100.83,4313886.99,30627508.73,226,0,0,0,0,,0,1.2,1,0.0015163299819327567,0.4,Medium,1.02
MPLAD-1591,BUNTY VIVEK SAHU,Madhya Pradesh,CHHINDWARA,147000000.0,Sports Infrastructure,Vendor_022,5015275.11,5015275.11,5031862.86,35642783.84,257,0,0,0,0,,0,0.3,1,0.14720253950340428,0.4,Medium,1.67
MPLAD-1592,C R Patil,Gujarat,NAVSARI,158532494.36,Drinking Water Supply,Vendor_025,1532549.54,1532549.54,1531923.39,1532549.54,215,0,0,0,0,,0,0.0,0,0.0004119871146384748,0.0,Low,0.7
MPLAD-1593,C R Patil,Gujarat,NAVSARI,158532494.36,Drinking Water Supply,Vendor_010,1070164.54,1070164.54,1076941.14,2602714.08,185,0,0,0,0,,0,0.6,0,9.79598951345113e-05,0.0,Low,0.49
MPLAD-1594,C R Patil,Gujarat,NAVSARI,158532494.36,Solar Street Lighting,Vendor_023,1324187.42,1324187.42,1315070.86,3926901.5,197,0,1,0,0,DUPGRP-1594,0,0.7,0,0.004575183286037659,0.75,High,0.88
MPLAD-1595,C R Patil,Gujarat,NAVSARI,158532494.36,Solar Street Lighting,Vendor_023,1349308.04,1349308.04,1339376.98,5276209.54,193,0,1,0,0,DUPGRP-1594,0,0.7,0,0.004704346885274746,0.75,High,0.9
MPLAD-1596,C R Patil,Gujarat,NAVSARI,158532494.36,Drinking Water Supply,Vendor_010,2223401.18,2223401.18,2208928.34,7499610.72,163,0,0,0,0,,0,0.7,0,0.0023625679578284705,0.002,Low,1.01
MPLAD-1597,C R Patil,Gujarat,NAVSARI,158532494.36,Solar Street Lighting,Vendor_004,1450015.11,1450015.11,1470064.03,8949625.83,84,0,0,0,0,,0,1.4,1,0.006827115779176416,0.4,Medium,0.97
MPLAD-1598,C.M.RAMESH,Andhra Pradesh,ANAKAPALLE,202531656.11,School Building,Vendor_023,4375163.56,4375163.56,5089128.94,4375163.56,247,0,0,0,1,,0,16.3,0,0.00022695695806075643,0.643,Medium,0.88
MPLAD-1599,C.M.RAMESH,Andhra Pradesh,ANAKAPALLE,202531656.11,Solar Street Lighting,Vendor_015,1689855.26,1689855.26,1658756.69,6065018.82,285,0,0,1,0,,0,1.8,0,0.02444250050899301,0.024,Low,1.13
MPLAD-1600,C.M.RAMESH,Andhra Pradesh,ANAKAPALLE,202531656.11,School Building,Vendor_012,6935320.72,6935320.72,6908756.12,13000339.54,102,0,0,0,0,,0,0.4,0,0.041843599678910215,0.042,Low,1.39
MPLAD-1601,C.M.RAMESH,Andhra Pradesh,ANAKAPALLE,202531656.11,Road Construction,Vendor_005,5418245.73,5418245.73,5353544.06,18418585.27,228,0,0,0,0,,0,1.2,0,0.11671669768459608,0.117,Low,1.55
MPLAD-1602,CAPTAIN BRIJESH CHOWTA DAKSHINA,Karnataka,KANNADA,147000000.0,Solar Street Lighting,Vendor_016,1413918.44,1413918.44,1416543.08,1413918.44,128,0,0,0,0,,0,0.2,0,0.004065492956769828,0.004,Low,0.94
MPLAD-1603,CAPTAIN BRIJESH CHOWTA DAKSHINA,Karnataka,KANNADA,147000000.0,Health Sub-Centre,Vendor_002,4308146.63,4308146.63,5992292.9,5722065.07,88,0,0,0,1,,0,39.1,0,0.001038949212182673,0.85,High,1.03
MPLAD-1604,CAPTAIN BRIJESH CHOWTA DAKSHINA,Karnataka,KANNADA,147000000.0,Health Sub-Centre,Vendor_017,5586734.48,5586734.48,5565821.44,11308799.55,160,0,0,0,0,,0,0.4,1,0.012692926060637745,0.4,Medium,1.33
MPLAD-1605,CAPTAIN BRIJESH CHOWTA DAKSHINA,Karnataka,KANNADA,147000000.0,Health Sub-Centre,Vendor_015,4996976.93,4996976.93,5078692.79,16305776.48,128,0,0,0,0,,0,1.6,0,0.0029255733855505597,0.003,Low,1.19
MPLAD-1606,CAPTAIN BRIJESH CHOWTA DAKSHINA,Karnataka,KANNADA,147000000.0,Community Hall,Vendor_011,1977146.82,1977146.82,2012277.46,18282923.3,145,0,0,0,0,,0,1.8,0,0.00031375228573037717,0.0,Low,0.71
MPLAD-1607,CAPTAIN VIRIATO FERNANDES SOUTH,Goa,GOA,147000000.0,Health Sub-Centre,Vendor_004,3695148.98,3695148.98,3740757.54,3695148.98,161,0,0,0,0,,0,1.2,1,0.00016915003607390888,0.4,Medium,0.88
MPLAD-1608,CAPTAIN VIRIATO FERNANDES SOUTH,Goa,GOA,147000000.0,Drinking Water Supply,Vendor_004,5888934.0,5888934.0,5862545.16,9584082.98,166,1,0,0,0,,0,0.4,1,0.9908483660329122,0.991,High,2.68
MPLAD-1609,CAPTAIN VIRIATO FERNANDES SOUTH,Goa,GOA,147000000.0,School Building,Vendor_004,5250555.5,5250555.5,5190731.85,14834638.48,205,0,0,0,0,,0,1.1,1,0.0007639050665259407,0.4,Medium,1.05
MPLAD-1610,CAPTAIN VIRIATO FERNANDES SOUTH,Goa,GOA,147000000.0,Road Construction,Vendor_019,4279237.62,4279237.62,4357043.38,19113876.1,228,0,1,0,0,DUPGRP-1610,0,1.8,0,0.007677777750443037,0.75,High,1.22
MPLAD-1611,CAPTAIN VIRIATO FERNANDES SOUTH,Goa,GOA,147000000.0,Road Construction,Vendor_019,4422513.89,4422513.89,4506827.82,23536389.99,216,0,1,0,0,DUPGRP-1610,0,1.9,0,0.00986551437639992,0.75,High,1.26
MPLAD-1612,CAPTAIN VIRIATO FERNANDES SOUTH,Goa,GOA,147000000.0,Community Hall,Vendor_025,4102309.6,4102309.6,4144348.79,27638699.59,259,0,0,0,0,,0,1.0,0,0.023805647558664534,0.024,Low,1.47
MPLAD-1613,CAPTAIN VIRIATO FERNANDES SOUTH,Goa,GOA,147000000.0,Community Hall,Vendor_020,2457285.01,2457285.01,2454759.77,30095984.61,147,0,0,0,0,,0,0.1,0,0.0008489574805859432,0.001,Low,0.88
MPLAD-1614,CAPTAIN VIRIATO FERNANDES SOUTH,Goa,GOA,147000000.0,Sports Infrastructure,Vendor_017,3223087.56,3223087.56,3212687.9,33319072.17,243,0,0,0,0,,0,0.3,1,0.0027146593737088125,0.4,Medium,1.07
MPLAD-1615,CHAMALA KIRAN KUMAR REDDY,Telangana,BHONGIR,147000000.0,School Building,Vendor_015,4635408.2,4635408.2,4724228.53,4635408.2,180,0,0,0,0,,0,1.9,0,0.00016383123663726675,0.0,Low,0.93
MPLAD-1616,CHAMALA KIRAN KUMAR REDDY,Telangana,BHONGIR,147000000.0,School Building,Vendor_013,4839986.48,4839986.48,4831640.03,9475394.68,248,0,0,0,0,,0,0.2,0,0.0005697670086644308,0.001,Low,0.97
MPLAD-1617,CHAMALA KIRAN KUMAR REDDY,Telangana,BHONGIR,147000000.0,Solar Street Lighting,Vendor_012,1117095.01,1117095.01,1131682.69,10592489.69,177,0,0,0,0,,0,1.3,0,0.0020611186154636365,0.002,Low,0.74
MPLAD-1618,CHANDAN CHAUHAN,Uttar Pradesh,BIJNOR,147000000.0,Community Hall,Vendor_013,6171545.78,6171545.78,6199950.84,6171545.78,208,1,0,0,0,,0,0.5,0,0.7651790286463741,0.765,High,2.2
MPLAD-1619,CHANDAN CHAUHAN,Uttar Pradesh,BIJNOR,147000000.0,Solar Street Lighting,Vendor_012,1993188.25,1993188.25,2479452.67,8164734.03,137,0,0,0,1,,0,24.4,0,0.020303503682315545,0.724,High,1.33
MPLAD-1620,CHANDAN CHAUHAN,Uttar Pradesh,BIJNOR,147000000.0,Drinking Water Supply,Vendor_010,2192569.15,2192569.15,2179579.04,10357303.18,198,0,0,0,0,,0,0.6,0,0.002058190598912561,0.002,Low,1.0
MPLAD-1621,CHANDAN CHAUHAN,Uttar Pradesh,BIJNOR,147000000.0,School Building,Vendor_017,6917935.83,6917935.83,6909003.56,17275239.01,219,0,1,0,0,DUPGRP-1621,0,0.1,1,0.03580836869736197,1.0,High,1.38
MPLAD-1622,CHANDAN CHAUHAN,Uttar Pradesh,BIJNOR,147000000.0,School Building,Vendor_017,6976542.82,6976542.82,7055657.24,24251781.84,222,0,1,0,0,DUPGRP-1621,0,1.1,1,0.040842044952528966,1.0,High,1.4
MPLAD-1623,CHANDAN CHAUHAN,Uttar Pradesh,BIJNOR,147000000.0,Road Construction,Vendor_012,9179857.64,9179857.64,9322117.73,33431639.48,298,1,0,1,0,,0,1.5,0,0.9842866623141318,0.984,High,2.62
MPLAD-1624,CHANDAN CHAUHAN,Uttar Pradesh,BIJNOR,147000000.0,Road Construction,Vendor_020,4314612.64,4314612.64,4276418.71,37746252.13,178,0,1,0,0,DUPGRP-1624,0,0.9,0,0.006118050875437055,0.75,High,1.23
MPLAD-1625,CHANDAN CHAUHAN,Uttar Pradesh,BIJNOR,147000000.0,Road Construction,Vendor_020,4473001.0,4473001.0,4441569.91,42219253.12,180,0,1,0,0,DUPGRP-1624,0,0.7,0,0.00932152739888752,0.75,High,1.28
MPLAD-1626,CHANDAN CHAUHAN,Uttar Pradesh,BIJNOR,147000000.0,Road Construction,Vendor_013,3632642.38,3632642.38,3597593.54,45851895.5,142,0,0,0,0,,0,1.0,0,0.0011848096774193025,0.001,Low,1.04
MPLAD-1627,Chandra Prakash Joshi,Rajasthan,CHITTORGARH,147000000.0,Community Hall,Vendor_017,6016283.33,6016283.33,6121601.93,6016283.33,205,1,0,0,0,,0,1.8,1,0.700527977958629,0.701,High,2.15
MPLAD-1628,Chandra Prakash Joshi,Rajasthan,CHITTORGARH,147000000.0,Sports Infrastructure,Vendor_017,3589781.48,3589781.48,3617481.51,9606064.81,188,0,0,0,0,,0,0.8,1,0.006514160096746664,0.4,Medium,1.2
MPLAD-1629,Chandra Prakash Joshi,Rajasthan,CHITTORGARH,147000000.0,Road Construction,Vendor_004,4036946.65,4036946.65,4036677.47,13643011.46,161,0,0,0,0,,0,0.0,1,0.0029684260224795552,0.4,Medium,1.15
MPLAD-1630,Chandra Prakash Joshi,Rajasthan,CHITTORGARH,147000000.0,Health Sub-Centre,Vendor_012,6629463.19,6629463.19,6722765.18,20272474.65,205,0,0,0,0,,0,1.4,0,0.19127039871877657,0.191,Low,1.58
MPLAD-1631,Chandra Prakash Joshi,Rajasthan,CHITTORGARH,147000000.0,School Building,Vendor_024,2655448.54,2655448.54,2656921.41,22927923.19,109,0,0,0,0,,0,0.1,0,8.417577207713613e-06,0.0,Low,0.53
MPLAD-1632,Chandra Prakash Joshi,Rajasthan,CHITTORGARH,147000000.0,School Building,Vendor_015,4115161.52,4115161.52,4063377.79,27043084.71,221,0,0,0,0,,0,1.3,0,8.130707135739323e-05,0.0,Low,0.82
MPLAD-1633,CHANDRA SHEKHAR,Uttar Pradesh,NAGINA(SC),147000000.0,Solar Street Lighting,Vendor_004,1535940.47,1535940.47,1532875.34,1535940.47,208,0,0,0,0,,0,0.2,1,0.009540658604249871,0.4,Medium,1.02
MPLAD-1634,CHANDRA SHEKHAR,Uttar Pradesh,NAGINA(SC),147000000.0,Sports Infrastructure,Vendor_009,2242873.15,2242873.15,2284746.18,3778813.62,165,0,0,0,0,,0,1.9,0,0.0002209993235758522,0.0,Low,0.75
MPLAD-1635,CHANDRA SHEKHAR,Uttar Pradesh,NAGINA(SC),147000000.0,School Building,Vendor_012,7937982.15,7937982.15,7834160.93,11716795.77,188,0,0,0,0,,0,1.3,0,0.2704295829642674,0.27,Low,1.59
MPLAD-1636,CHANDRA SHEKHAR,Uttar Pradesh,NAGINA(SC),147000000.0,Sports Infrastructure,Vendor_012,2867863.41,2867863.41,2892086.54,14584659.18,148,0,0,0,0,,0,0.8,0,0.0012305518402507285,0.001,Low,0.96
MPLAD-1637,CHANDRA SHEKHAR,Uttar Pradesh,NAGINA(SC),147000000.0,Drinking Water Supply,Vendor_017,2145501.26,2145501.26,2161058.9,16730160.44,201,0,0,0,0,,0,0.7,1,0.0018382954989303716,0.4,Medium,0.98
MPLAD-1638,CHANDRA SHEKHAR,Uttar Pradesh,NAGINA(SC),147000000.0,Sports Infrastructure,Vendor_013,2920472.73,2920472.73,2886708.55,19650633.18,36,0,1,0,0,DUPGRP-1638,0,1.2,0,0.012316864956541069,0.75,High,0.97
MPLAD-1639,CHANDRA SHEKHAR,Uttar Pradesh,NAGINA(SC),147000000.0,Sports Infrastructure,Vendor_013,3000288.55,3000288.55,2990374.59,22650921.73,38,0,1,0,0,DUPGRP-1638,0,0.3,0,0.013589460848866846,0.75,High,1.0
MPLAD-1640,CHANDUBHAI CHHAGANBHAI SHIHORA,Gujarat,SURENDRANAGAR,147000000.0,School Building,Vendor_004,4150233.51,4150233.51,5515000.56,4150233.51,112,0,0,0,1,,0,32.9,1,0.00010974855044195079,1.0,High,0.83
MPLAD-1641,CHANDUBHAI CHHAGANBHAI SHIHORA,Gujarat,SURENDRANAGAR,147000000.0,Community Hall,Vendor_024,4284805.32,4284805.32,4348492.24,8435038.82,136,0,0,0,0,,0,1.5,0,0.07337278146196737,0.073,Low,1.53
MPLAD-1642,CHANDUBHAI CHHAGANBHAI SHIHORA,Gujarat,SURENDRANAGAR,147000000.0,School Building,Vendor_004,3294231.84,3294231.84,3230007.02,11729270.66,126,0,0,0,0,,0,1.9,1,1.590652723183264e-05,0.4,Medium,0.66
MPLAD-1643,CHANDUBHAI CHHAGANBHAI SHIHORA,Gujarat,SURENDRANAGAR,147000000.0,Solar Street Lighting,Vendor_017,1301802.24,1301802.24,1311871.81,13031072.9,169,0,0,0,0,,0,0.8,1,0.0032752002919123014,0.4,Medium,0.87
MPLAD-1644,CHANDUBHAI CHHAGANBHAI SHIHORA,Gujarat,SURENDRANAGAR,147000000.0,Drinking Water Supply,Vendor_022,3112250.73,3112250.73,3084198.88,16143323.63,329,0,0,1,0,,0,0.9,1,0.27429922066987916,0.4,Medium,1.41
MPLAD-1645,CHARANJIT SINGH CHANNI,Punjab,JALANDHAR(SC),147000000.0,Health Sub-Centre,Vendor_003,3153761.63,3153761.63,3810420.97,3153761.63,212,0,0,0,1,,0,20.8,0,0.0001116350799090772,0.688,High,0.75
MPLAD-1646,CHARANJIT SINGH CHANNI,Punjab,JALANDHAR(SC),147000000.0,Sports Infrastructure,Vendor_007,2550218.4,2550218.4,2587727.22,5703980.02,189,0,0,0,0,,0,1.5,0,0.00043811514093222074,0.0,Low,0.85
MPLAD-1647,CHARANJIT SINGH CHANNI,Punjab,JALANDHAR(SC),147000000.0,Health Sub-Centre,Vendor_015,2257349.8,2257349.8,2287537.32,7961329.82,234,0,0,0,0,,0,1.3,0,3.785939448373578e-05,0.0,Low,0.54
MPLAD-1648,CHARANJIT SINGH CHANNI,Punjab,JALANDHAR(SC),147000000.0,Health Sub-Centre,Vendor_022,5250343.51,5250343.51,6608889.05,13211673.34,142,0,0,0,1,,0,25.9,1,0.005245152998441395,1.0,High,1.25
MPLAD-1649,CHARANJIT SINGH CHANNI,Punjab,JALANDHAR(SC),147000000.0,Sports Infrastructure,Vendor_016,2529696.86,2529696.86,2493827.32,15741370.19,82,0,0,0,0,,0,1.4,0,0.0018678453971483495,0.002,Low,0.84
MPLAD-1650,Delkar Kalaben Mohanbhai,Dadra and Nagar Haveli and Daman and Diu,DADRA AND NAGAR HAVELI,50000000.0,Drinking Water Supply,Vendor_013,1424397.2,1424397.2,1432550.69,1424397.2,175,0,0,0,0,,0,0.6,0,0.0002476900496176139,0.0,Low,0.65
MPLAD-1651,Delkar Kalaben Mohanbhai,Dadra and Nagar Haveli and Daman and Diu,DADRA AND NAGAR HAVELI,50000000.0,Solar Street Lighting,Vendor_002,3096878.78,3096878.78,3091171.37,4521275.97,142,1,0,0,0,,0,0.2,0,0.35915893386982317,0.359,Medium,2.06
MPLAD-1652,Delkar Kalaben Mohanbhai,Dadra and Nagar Haveli and Daman and Diu,DADRA AND NAGAR HAVELI,50000000.0,Sports Infrastructure,Vendor_020,2761728.96,2761728.96,2816764.69,7283004.93,105,0,0,0,0,,0,2.0,0,0.0018587617378345075,0.002,Low,0.92
MPLAD-1653,Delkar Kalaben Mohanbhai,Dadra and Nagar Haveli and Daman and Diu,DADRA AND NAGAR HAVELI,50000000.0,School Building,Vendor_022,5730957.86,5730957.86,5792365.38,13013962.79,244,0,0,0,0,,0,1.1,1,0.0032710210195749513,0.4,Medium,1.15
MPLAD-1654,Delkar Kalaben Mohanbhai,Dadra and Nagar Haveli and Daman and Diu,DADRA AND NAGAR HAVELI,50000000.0,School Building,Vendor_010,4827163.65,4827163.65,6066410.88,17841126.44,156,0,0,0,1,,0,25.7,0,0.0002590384236951377,0.737,High,0.97
MPLAD-1655,Delkar Kalaben Mohanbhai,Dadra and Nagar Haveli and Daman and Diu,DADRA AND NAGAR HAVELI,50000000.0,Community Hall,Vendor_003,3407255.69,3407255.69,3387532.31,21248382.13,170,0,0,0,0,,0,0.6,0,0.005273044476159649,0.005,Low,1.22
MPLAD-1656,CHHATRA PAL SINGH GANGWAR,Uttar Pradesh,BAREILLY,147000000.0,Health Sub-Centre,Vendor_022,2911322.5,2911322.5,2854483.94,2911322.5,235,0,0,0,0,,0,2.0,1,0.00012331723082132469,0.4,Medium,0.69
MPLAD-1657,CHHATRA PAL SINGH GANGWAR,Uttar Pradesh,BAREILLY,147000000.0,School Building,Vendor_017,4810802.36,4810802.36,4811002.53,7722124.86,238,0,0,0,0,,0,0.0,1,0.0004492786336855359,0.4,Medium,0.96
MPLAD-1658,CHHATRA PAL SINGH GANGWAR,Uttar Pradesh,BAREILLY,147000000.0,Solar Street Lighting,Vendor_022,1655429.1,1655429.1,1623974.89,9377553.96,85,0,0,0,0,,0,1.9,1,0.010891538037009523,0.4,Medium,1.1
MPLAD-1659,CHHATRA PAL SINGH GANGWAR,Uttar Pradesh,BAREILLY,147000000.0,Community Hall,Vendor_010,4262355.14,4262355.14,4208920.57,13639909.1,258,0,0,0,0,,0,1.3,0,0.03295525269219449,0.033,Low,1.52
MPLAD-1660,CHHATRA PAL SINGH GANGWAR,Uttar Pradesh,BAREILLY,147000000.0,Community Hall,Vendor_017,3316888.44,3316888.44,4289375.49,16956797.54,172,0,0,0,1,,0,29.3,1,0.004125660139725352,1.0,High,1.18
MPLAD-1661,CHHATRA PAL SINGH GANGWAR,Uttar Pradesh,BAREILLY,147000000.0,Solar Street Lighting,Vendor_019,609771.42,609771.42,618025.28,17566568.97,200,0,0,0,0,,0,1.4,0,0.0006481290090389949,0.001,Low,0.41
MPLAD-1662,CHHATRA PAL SINGH GANGWAR,Uttar Pradesh,BAREILLY,147000000.0,Sports Infrastructure,Vendor_002,3320301.93,3320301.93,3367928.36,20886870.9,219,0,0,0,0,,0,1.4,0,0.003171993483463603,0.003,Low,1.11
MPLAD-1663,CHHATRAPATI SHAHU SHAHAJI,Maharashtra,KOLHAPUR,147000000.0,Sports Infrastructure,Vendor_018,3323185.48,3323185.48,3264194.14,3323185.48,257,0,0,0,0,,0,1.8,0,0.003624115367363808,0.004,Low,1.11
MPLAD-1664,CHHATRAPATI SHAHU SHAHAJI,Maharashtra,KOLHAPUR,147000000.0,Health Sub-Centre,Vendor_021,4072406.97,4072406.97,5273556.12,7395592.45,193,0,1,0,1,DUPGRP-1664,0,29.5,0,0.0005490041075940881,1.0,High,0.97
MPLAD-1665,CHHATRAPATI SHAHU SHAHAJI,Maharashtra,KOLHAPUR,147000000.0,Health Sub-Centre,Vendor_011,3963756.31,3963756.31,3921801.26,11359348.76,201,0,1,0,0,DUPGRP-1664,0,1.1,0,0.0004922378303431256,0.75,High,0.94
MPLAD-1666,CHHATRAPATI SHAHU SHAHAJI,Maharashtra,KOLHAPUR,147000000.0,Community Hall,Vendor_004,5852804.69,5852804.69,5770072.85,17212153.46,179,1,0,0,0,,0,1.4,1,0.6803775620610502,0.68,High,2.09
MPLAD-1667,CHHOTELAL,Uttar Pradesh,ROBERTSGANJ(SC),147000000.0,School Building,Vendor_019,5707793.51,5707793.51,5805514.18,5707793.51,127,0,0,0,0,,0,1.7,0,0.002402602647206693,0.002,Low,1.14
MPLAD-1668,CHHOTELAL,Uttar Pradesh,ROBERTSGANJ(SC),147000000.0,Health Sub-Centre,Vendor_007,2860073.19,2860073.19,2833266.93,8567866.7,117,0,0,0,0,,0,0.9,0,4.017251509840737e-05,0.0,Low,0.68
MPLAD-1669,CHHOTELAL,Uttar Pradesh,ROBERTSGANJ(SC),147000000.0,Drinking Water Supply,Vendor_013,1139850.16,1139850.16,1125638.62,9707716.85,212,0,0,0,0,,0,1.2,0,0.0001452130731830972,0.0,Low,0.52
MPLAD-1670,CHINTAMANI MAHARAJ,Chhattisgarh,SARGUJA(ST),147000000.0,Solar Street Lighting,Vendor_022,1766851.6,1766851.6,1776988.31,1766851.6,341,0,0,1,0,,0,0.6,1,0.023511758209218896,0.4,Medium,1.18
MPLAD-1671,CHINTAMANI MAHARAJ,Chhattisgarh,SARGUJA(ST),147000000.0,Community Hall,Vendor_016,2030868.61,2030868.61,2033896.69,3797720.21,185,0,0,0,0,,0,0.1,0,0.00018842672657000788,0.0,Low,0.73
MPLAD-1672,CHINTAMANI MAHARAJ,Chhattisgarh,SARGUJA(ST),147000000.0,Health Sub-Centre,Vendor_017,4749742.5,4749742.5,4786178.28,8547462.71,30,0,0,0,0,,0,0.8,1,0.008025031459151608,0.4,Medium,1.13
MPLAD-1673,CHINTAMANI MAHARAJ,Chhattisgarh,SARGUJA(ST),147000000.0,Solar Street Lighting,Vendor_002,967969.75,967969.75,978838.08,9515432.46,223,0,0,0,0,,0,1.1,0,0.002335165577794427,0.002,Low,0.65
MPLAD-1674,CHINTAMANI MAHARAJ,Chhattisgarh,SARGUJA(ST),147000000.0,Health Sub-Centre,Vendor_004,3404790.44,3404790.44,3464194.03,12920222.9,30,0,0,0,0,,0,1.7,1,0.0012328050309276398,0.4,Medium,0.81
MPLAD-1675,CHINTAMANI MAHARAJ,Chhattisgarh,SARGUJA(ST),147000000.0,Drinking Water Supply,Vendor_018,1816811.16,1816811.16,1799162.83,14737034.06,317,0,0,1,0,,0,1.0,0,0.02416952125985156,0.024,Low,0.83
MPLAD-1676,CHINTAMANI MAHARAJ,Chhattisgarh,SARGUJA(ST),147000000.0,Drinking Water Supply,Vendor_016,5999882.82,5999882.82,6115033.42,20736916.87,94,1,0,0,0,,0,1.9,0,0.9855927716528388,0.986,High,2.73
MPLAD-1677,CHINTAMANI MAHARAJ,Chhattisgarh,SARGUJA(ST),147000000.0,Drinking Water Supply,Vendor_006,2004575.25,2004575.25,2512587.75,22741492.12,206,0,0,0,1,,0,25.3,0,0.0012969431484027068,0.733,High,0.91
MPLAD-1678,CHIRAG PASWAN,Bihar,HAJIPUR(SC),147000000.0,Community Hall,Vendor_013,2888018.48,2888018.48,2849172.2,2888018.48,170,0,0,0,0,,0,1.3,0,0.0015232271159221404,0.002,Low,1.03
MPLAD-1679,CHIRAG PASWAN,Bihar,HAJIPUR(SC),147000000.0,Solar Street Lighting,Vendor_009,1827268.42,1827268.42,1862453.09,4715286.91,140,0,0,0,0,,0,1.9,0,0.012798202572553307,0.013,Low,1.22
MPLAD-1680,CHIRAG PASWAN,Bihar,HAJIPUR(SC),147000000.0,Solar Street Lighting,Vendor_017,1767584.15,1767584.15,2057744.39,6482871.06,196,0,0,0,1,,0,16.4,1,0.016452152134326728,1.0,High,1.18
MPLAD-1681,CN Annadurai,Tamil Nadu,TIRUVANNAMALAI,148579509.11,Sports Infrastructure,Vendor_024,4227937.35,4227937.35,4204466.56,4227937.35,179,0,0,0,0,,0,0.6,0,0.0377184411188869,0.038,Low,1.41
MPLAD-1682,CN Annadurai,Tamil Nadu,TIRUVANNAMALAI,148579509.11,Health Sub-Centre,Vendor_004,4492222.97,4492222.97,4480016.22,8720160.32,118,0,0,0,0,,0,0.3,1,0.0010162706502359485,0.4,Medium,1.07
MPLAD-1683,CN Annadurai,Tamil Nadu,TIRUVANNAMALAI,148579509.11,School Building,Vendor_004,3533993.66,3533993.66,4078822.0,12254153.98,230,0,0,0,1,,0,15.4,1,3.191658042312829e-05,1.0,High,0.71
MPLAD-1684,CN Annadurai,Tamil Nadu,TIRUVANNAMALAI,148579509.11,Solar Street Lighting,Vendor_002,492408.17,492408.17,501463.47,12746562.15,140,0,0,0,0,,0,1.8,0,0.00034334097384025445,0.0,Low,0.33
MPLAD-1685,CN Annadurai,Tamil Nadu,TIRUVANNAMALAI,148579509.11,Community Hall,Vendor_008,1696536.47,1696536.47,1692145.34,14443098.62,257,0,1,0,0,DUPGRP-1685,0,0.3,0,0.00020302845737379306,0.75,High,0.61
MPLAD-1686,CN Annadurai,Tamil Nadu,TIRUVANNAMALAI,148579509.11,Community Hall,Vendor_008,1699950.43,1699950.43,1694693.27,16143049.04,270,0,1,0,0,DUPGRP-1685,0,0.3,0,0.00029427440821150016,0.75,High,0.61
MPLAD-1687,CN Annadurai,Tamil Nadu,TIRUVANNAMALAI,148579509.11,Road Construction,Vendor_012,3064351.07,3064351.07,3057018.73,19207400.11,215,0,0,0,0,,0,0.2,0,0.0003517388501936058,0.0,Low,0.88
MPLAD-1688,D M Kathir Anand,Tamil Nadu,VELLORE,160196941.11,Health Sub-Centre,Vendor_001,6157126.97,6157126.97,6084289.75,6157126.97,216,0,1,0,0,DUPGRP-1688,0,1.2,0,0.0830378022052953,0.75,High,1.47
MPLAD-1689,D M Kathir Anand,Tamil Nadu,VELLORE,160196941.11,Health Sub-Centre,Vendor_001,6219586.16,6219586.16,6221424.61,12376713.13,207,0,1,0,0,DUPGRP-1688,0,0.0,0,0.08644368630878763,0.75,High,1.48
MPLAD-1690,D M Kathir Anand,Tamil Nadu,VELLORE,160196941.11,Road Construction,Vendor_017,4347666.08,4347666.08,4346338.66,16724379.21,155,0,0,0,0,,0,0.0,1,0.0068203928333396445,0.4,Medium,1.24
MPLAD-1691,D M Kathir Anand,Tamil Nadu,VELLORE,160196941.11,Drinking Water Supply,Vendor_007,4276313.01,4276313.01,4299761.9,21000692.22,132,1,0,0,0,,0,0.5,0,0.5251333706513448,0.525,Medium,1.94
MPLAD-1692,D M Kathir Anand,Tamil Nadu,VELLORE,160196941.11,School Building,Vendor_021,3800555.26,3800555.26,3732267.28,24801247.49,165,0,0,0,0,,0,1.8,0,2.6988453140509114e-05,0.0,Low,0.76
MPLAD-1693,D M Kathir Anand,Tamil Nadu,VELLORE,160196941.11,Community Hall,Vendor_010,2977884.37,2977884.37,2997706.04,27779131.86,204,0,0,0,0,,0,0.7,0,0.0014520934355339683,0.001,Low,1.06
MPLAD-1694,D M Kathir Anand,Tamil Nadu,VELLORE,160196941.11,Road Construction,Vendor_025,1374563.4,1374563.4,1389783.74,29153695.26,141,0,0,0,0,,0,1.1,0,8.18736070720866e-06,0.0,Low,0.39
MPLAD-1695,D M Kathir Anand,Tamil Nadu,VELLORE,160196941.11,School Building,Vendor_022,9686162.42,9686162.42,9878333.43,38839857.69,168,1,0,0,0,,0,2.0,1,0.9312875982166682,0.931,High,1.94
MPLAD-1696,D Ravikumar,Tamil Nadu,VILUPPURAM(SC),197598306.11,Solar Street Lighting,Vendor_016,1296446.52,1296446.52,1320592.05,1296446.52,187,0,0,0,0,,0,1.9,0,0.0037887211328194266,0.004,Low,0.86
MPLAD-1697,D Ravikumar,Tamil Nadu,VILUPPURAM(SC),197598306.11,School Building,Vendor_025,4558852.29,4558852.29,5381275.24,5855298.8,196,0,0,0,1,,0,18.0,0,0.00015093955234647753,0.66,Medium,0.91
MPLAD-1698,D Ravikumar,Tamil Nadu,VILUPPURAM(SC),197598306.11,Solar Street Lighting,Vendor_010,2142692.64,2142692.64,2144426.67,7997991.44,142,0,0,0,0,,0,0.1,0,0.0316384789612555,0.032,Low,1.43
MPLAD-1699,D Ravikumar,Tamil Nadu,VILUPPURAM(SC),197598306.11,Community Hall,Vendor_005,3241071.67,3241071.67,3299703.96,11239063.11,212,0,0,0,0,,0,1.8,0,0.002671924617917161,0.003,Low,1.16
MPLAD-1700,Daggubati Purandeshwari,Andhra Pradesh,RAJAHMUNDRY,147000000.0,School Building,Vendor_022,8582557.99,8582557.99,8499402.78,8582557.99,251,0,0,0,0,,0,1.0,1,0.5005858917009967,0.501,Medium,1.72
MPLAD-1701,Daggubati Purandeshwari,Andhra Pradesh,RAJAHMUNDRY,147000000.0,Road Construction,Vendor_021,7846687.7,7846687.7,7846363.77,16429245.69,146,1,0,0,0,,0,0.0,0,0.980730814541428,0.981,High,2.24
MPLAD-1702,Daggubati Purandeshwari,Andhra Pradesh,RAJAHMUNDRY,147000000.0,Solar Street Lighting,Vendor_003,1669162.59,1669162.59,1647288.98,18098408.29,151,0,0,0,0,,0,1.3,0,0.008476966304056094,0.008,Low,1.11
MPLAD-1703,Daggubati Purandeshwari,Andhra Pradesh,RAJAHMUNDRY,147000000.0,Health Sub-Centre,Vendor_002,3222035.99,3222035.99,3190227.91,21320444.28,191,0,0,0,0,,0,1.0,0,8.592689261555155e-05,0.0,Low,0.77
MPLAD-1704,Daggubati Purandeshwari,Andhra Pradesh,RAJAHMUNDRY,147000000.0,Sports Infrastructure,Vendor_001,7216225.78,7216225.78,7229767.9,28536670.06,190,1,0,0,0,,0,0.2,0,0.9900444204045677,0.99,High,2.41
MPLAD-1705,DAGGUMALLA PRASADA RAO,Andhra Pradesh,CHITTOOR,147000000.0,Drinking Water Supply,Vendor_022,2097857.54,2097857.54,2108190.57,2097857.54,184,0,0,0,0,,0,0.5,1,0.0015184852186410098,0.4,Medium,0.95
MPLAD-1706,DAGGUMALLA PRASADA RAO,Andhra Pradesh,CHITTOOR,147000000.0,School Building,Vendor_010,4113668.96,4113668.96,4052260.4,6211526.5,197,0,0,0,0,,0,1.5,0,5.847877138306916e-05,0.0,Low,0.82
MPLAD-1707,DAGGUMALLA PRASADA RAO,Andhra Pradesh,CHITTOOR,147000000.0,Sports Infrastructure,Vendor_015,1991257.95,1991257.95,2016317.94,8202784.45,172,0,0,0,0,,0,1.3,0,0.00011662713099145299,0.0,Low,0.66
MPLAD-1708,DAGGUMALLA PRASADA RAO,Andhra Pradesh,CHITTOOR,147000000.0,Road Construction,Vendor_021,1849924.54,1849924.54,1847845.41,10052708.99,99,0,0,0,0,,0,0.1,0,6.0995678637945205e-05,0.0,Low,0.53
MPLAD-1709,DAGGUMALLA PRASADA RAO,Andhra Pradesh,CHITTOOR,147000000.0,Sports Infrastructure,Vendor_022,3080306.46,3080306.46,3048066.39,13133015.45,140,0,0,0,0,,0,1.0,1,0.0023319254073083094,0.4,Medium,1.03
MPLAD-1710,DAGGUMALLA PRASADA RAO,Andhra Pradesh,CHITTOOR,147000000.0,School Building,Vendor_011,8875710.27,8875710.27,8758145.91,22008725.72,254,0,0,0,0,,0,1.3,0,0.6189612613445268,0.619,Medium,1.78
MPLAD-1711,DAMODAR AGARWAL,Rajasthan,BHILWARA,147000000.0,Solar Street Lighting,Vendor_012,1474065.57,1474065.57,1484228.48,1474065.57,171,0,0,0,0,,0,0.7,0,0.005468765145837635,0.005,Low,0.98
MPLAD-1712,DAMODAR AGARWAL,Rajasthan,BHILWARA,147000000.0,School Building,Vendor_002,3709273.89,3709273.89,4881435.07,5183339.46,131,0,0,0,1,,0,31.6,0,3.16399537648796e-05,0.796,High,0.74
MPLAD-1713,DAMODAR AGARWAL,Rajasthan,BHILWARA,147000000.0,Solar Street Lighting,Vendor_002,1162313.38,1162313.38,1160575.04,6345652.84,249,0,0,0,0,,0,0.1,0,0.0054155602632412056,0.005,Low,0.77
MPLAD-1714,DAMODAR AGARWAL,Rajasthan,BHILWARA,147000000.0,Road Construction,Vendor_010,3090108.04,3090108.04,3092482.11,9435760.88,232,0,0,0,0,,0,0.1,0,0.00048993411927931,0.0,Low,0.88
MPLAD-1715,DAMODAR AGARWAL,Rajasthan,BHILWARA,147000000.0,Community Hall,Vendor_018,6103616.6,6103616.6,6102040.32,15539377.48,194,1,0,0,0,,0,0.0,0,0.7655261974343934,0.766,High,2.18
MPLAD-1716,DAMODAR AGARWAL,Rajasthan,BHILWARA,147000000.0,School Building,Vendor_022,6303158.75,6303158.75,6388166.17,21842536.23,108,0,1,0,0,DUPGRP-1716,0,1.3,1,0.010711056536042578,1.0,High,1.26
MPLAD-1717,DAMODAR AGARWAL,Rajasthan,BHILWARA,147000000.0,School Building,Vendor_022,6487359.52,6487359.52,6435478.05,28329895.75,122,0,1,0,0,DUPGRP-1716,0,0.8,1,0.014408252450020986,1.0,High,1.3
MPLAD-1718,DAMODAR AGARWAL,Rajasthan,BHILWARA,147000000.0,Community Hall,Vendor_012,1833904.79,1833904.79,2155907.38,30163800.54,215,0,0,0,1,,0,17.6,0,0.0001260522416772398,0.656,Medium,0.65
MPLAD-1719,DAROGA PRASAD SAROJ LALGANJ,Uttar Pradesh,(SC),147000000.0,Solar Street Lighting,Vendor_008,2083185.27,2083185.27,2106780.26,2083185.27,211,0,0,0,0,,0,1.1,0,0.04762780326373415,0.048,Low,1.39
MPLAD-1720,DAROGA PRASAD SAROJ LALGANJ,Uttar Pradesh,(SC),147000000.0,Sports Infrastructure,Vendor_012,6524028.92,6524028.92,6406680.67,8607214.19,157,1,0,0,0,,0,1.8,0,0.9589850973626836,0.959,High,2.17
MPLAD-1721,DAROGA PRASAD SAROJ LALGANJ,Uttar Pradesh,(SC),147000000.0,Solar Street Lighting,Vendor_016,983827.58,983827.58,970242.34,9591041.77,217,0,0,0,0,,0,1.4,0,0.002248765018430454,0.002,Low,0.66
MPLAD-1722,DAROGA PRASAD SAROJ LALGANJ,Uttar Pradesh,(SC),147000000.0,Community Hall,Vendor_025,6654074.73,6654074.73,6535878.76,16245116.5,199,1,1,0,0,DUPGRP-1722,0,1.8,0,0.9169590525240482,0.917,High,2.38
MPLAD-1723,DAROGA PRASAD SAROJ LALGANJ,Uttar Pradesh,(SC),147000000.0,Community Hall,Vendor_025,6463598.58,6463598.58,6406548.14,22708715.08,202,0,1,0,0,DUPGRP-1722,0,0.9,0,0.8731907852933326,0.873,High,2.31
MPLAD-1724,DAROGA PRASAD SAROJ LALGANJ,Uttar Pradesh,(SC),147000000.0,Road Construction,Vendor_013,7192232.44,7192232.44,7256403.59,29900947.52,261,0,0,0,0,,0,0.9,0,0.8649609201918123,0.865,High,2.05
MPLAD-1725,DAROGA PRASAD SAROJ LALGANJ,Uttar Pradesh,(SC),147000000.0,Health Sub-Centre,Vendor_004,3314205.69,3314205.69,3274304.16,33215153.21,238,0,0,0,0,,0,1.2,1,0.00028534599655672234,0.4,Medium,0.79
MPLAD-1726,DARSHAN SINGH CHOUDHARY,Madhya Pradesh,HOSHANGABAD,147000000.0,Solar Street Lighting,Vendor_022,1816227.11,1816227.11,1846742.63,1816227.11,151,0,0,0,0,,0,1.7,1,0.012954095726210793,0.4,Medium,1.21
MPLAD-1727,DARSHAN SINGH CHOUDHARY,Madhya Pradesh,HOSHANGABAD,147000000.0,Solar Street Lighting,Vendor_022,507201.84,507201.84,505192.72,2323428.95,169,0,0,0,0,,0,0.4,1,0.0003645812408603921,0.4,Medium,0.34
MPLAD-1728,DARSHAN SINGH CHOUDHARY,Madhya Pradesh,HOSHANGABAD,147000000.0,School Building,Vendor_025,4551492.56,4551492.56,4526296.83,6874921.51,149,0,0,0,0,,0,0.6,0,0.00014636790980098867,0.0,Low,0.91
MPLAD-1729,DARSHAN SINGH CHOUDHARY,Madhya Pradesh,HOSHANGABAD,147000000.0,Community Hall,Vendor_010,2356997.03,2356997.03,2346648.73,9231918.54,172,0,0,0,0,,0,0.4,0,0.0004388645961560871,0.0,Low,0.84
MPLAD-1730,DARSHAN SINGH CHOUDHARY,Madhya Pradesh,HOSHANGABAD,147000000.0,Sports Infrastructure,Vendor_019,3000417.96,3000417.96,3018507.41,12232336.5,169,0,0,0,0,,0,0.6,0,0.0014680920611185506,0.001,Low,1.0
MPLAD-1731,DEEPENDER SINGH HOODA,Haryana,ROHTAK,147000000.0,Sports Infrastructure,Vendor_016,4663732.83,4663732.83,4572426.58,4663732.83,198,0,0,0,0,,0,2.0,0,0.10526925089048267,0.105,Low,1.55
MPLAD-1732,DEEPENDER SINGH HOODA,Haryana,ROHTAK,147000000.0,Solar Street Lighting,Vendor_022,2654719.29,2654719.29,2605577.43,7318452.12,171,1,0,0,0,,0,1.9,1,0.1630953799656059,0.4,Medium,1.77
MPLAD-1733,DEEPENDER SINGH HOODA,Haryana,ROHTAK,147000000.0,Community Hall,Vendor_003,2386211.85,2386211.85,2382588.56,9704663.97,212,0,0,0,0,,0,0.2,0,0.0003904286790466211,0.0,Low,0.85
MPLAD-1734,DEEPENDER SINGH HOODA,Haryana,ROHTAK,147000000.0,Drinking Water Supply,Vendor_002,4531704.0,4531704.0,4452965.84,14236367.97,232,1,0,0,0,,0,1.7,0,0.6944201130299082,0.694,High,2.06
MPLAD-1735,DEEPENDER SINGH HOODA,Haryana,ROHTAK,147000000.0,Road Construction,Vendor_013,5178236.33,5178236.33,5232543.09,19414604.3,275,0,0,1,0,,0,1.0,0,0.07888567831664746,0.079,Low,1.48
MPLAD-1736,Devendra Alias Bhole Singh,Uttar Pradesh,AKBARPUR,147000000.0,Community Hall,Vendor_002,3752902.61,3752902.61,3789620.55,3752902.61,191,0,0,0,0,,0,1.0,0,0.0098230522513221,0.01,Low,1.34
MPLAD-1737,Devendra Alias Bhole Singh,Uttar Pradesh,AKBARPUR,147000000.0,Drinking Water Supply,Vendor_023,2840612.34,2840612.34,2826037.38,6593514.95,156,0,0,0,0,,0,0.5,0,0.014531957750792128,0.015,Low,1.29
MPLAD-1738,Devendra Alias Bhole Singh,Uttar Pradesh,AKBARPUR,147000000.0,Solar Street Lighting,Vendor_022,1136525.52,1136525.52,1114409.35,7730040.47,30,0,0,0,0,,0,1.9,1,0.012320096970087065,0.4,Medium,0.76
MPLAD-1739,Devendra Alias Bhole Singh,Uttar Pradesh,AKBARPUR,147000000.0,Drinking Water Supply,Vendor_016,1791441.11,1791441.11,1780132.56,9521481.58,248,0,0,0,0,,0,0.6,0,0.0017143280495655927,0.002,Low,0.81
MPLAD-1740,Devendra Alias Bhole Singh,Uttar Pradesh,AKBARPUR,147000000.0,Road Construction,Vendor_025,5729514.51,5729514.51,5632507.74,15250996.09,238,0,1,0,0,DUPGRP-1740,0,1.7,0,0.2232429055451978,0.75,High,1.64
MPLAD-1741,Devendra Alias Bhole Singh,Uttar Pradesh,AKBARPUR,147000000.0,Road Construction,Vendor_025,5695732.25,5695732.25,5798425.1,20946728.34,231,0,1,0,0,DUPGRP-1740,0,1.8,0,0.20895424736137128,0.75,High,1.63
MPLAD-1742,DEVESH CHANDRA THAKUR,Bihar,SITAMARHI,163809205.11,School Building,Vendor_007,5468976.49,5468976.49,5450258.16,5468976.49,286,0,0,1,0,,0,0.3,0,0.0035850461963624195,0.004,Low,1.09
MPLAD-1743,DEVESH CHANDRA THAKUR,Bihar,SITAMARHI,163809205.11,Solar Street Lighting,Vendor_011,1009448.14,1009448.14,1022581.01,6478424.63,130,0,0,0,0,,0,1.3,0,0.00137065565217107,0.001,Low,0.67
MPLAD-1744,DEVESH CHANDRA THAKUR,Bihar,SITAMARHI,163809205.11,Sports Infrastructure,Vendor_022,3057117.84,3057117.84,3950736.48,9535542.47,197,0,0,0,1,,0,29.2,1,0.0015824725927784478,1.0,High,1.02
MPLAD-1745,DEVESH CHANDRA THAKUR,Bihar,SITAMARHI,163809205.11,Drinking Water Supply,Vendor_023,2670565.13,2670565.13,3382087.52,12206107.6,175,0,0,0,1,,0,26.6,0,0.007970146597480545,0.746,High,1.21
MPLAD-1746,DEVESH CHANDRA THAKUR,Bihar,SITAMARHI,163809205.11,Road Construction,Vendor_008,1863972.49,1863972.49,1888592.05,14070080.09,223,0,0,0,0,,0,1.3,0,3.08536467212861e-05,0.0,Low,0.53
MPLAD-1747,DEVESH SHAKYA,Uttar Pradesh,ETAH,147000000.0,Health Sub-Centre,Vendor_005,5150300.81,5150300.81,5189478.34,5150300.81,212,0,0,0,0,,0,0.8,0,0.00851200716493792,0.009,Low,1.23
MPLAD-1748,DEVESH SHAKYA,Uttar Pradesh,ETAH,147000000.0,School Building,Vendor_005,8277642.34,8277642.34,8253402.22,13427943.16,138,0,0,0,0,,0,0.3,0,0.43197913583739717,0.432,Medium,1.66
MPLAD-1749,DEVESH SHAKYA,Uttar Pradesh,ETAH,147000000.0,Road Construction,Vendor_016,2341880.4,2341880.4,2381106.64,15769823.55,201,0,0,0,0,,0,1.7,0,5.6731386326860845e-05,0.0,Low,0.67
MPLAD-1750,DEVESH SHAKYA,Uttar Pradesh,ETAH,147000000.0,Health Sub-Centre,Vendor_022,3911874.65,3911874.65,3837328.71,19681698.2,197,0,0,0,0,,0,1.9,1,0.0004105290198142138,0.4,Medium,0.93
MPLAD-1751,DEVESH SHAKYA,Uttar Pradesh,ETAH,147000000.0,Solar Street Lighting,Vendor_010,1969990.41,1969990.41,1991654.67,21651688.61,156,0,0,0,0,,0,1.1,0,0.020851732506299528,0.021,Low,1.31
MPLAD-1752,DEVESH SHAKYA,Uttar Pradesh,ETAH,147000000.0,Sports Infrastructure,Vendor_017,3306438.83,3306438.83,3253920.03,24958127.44,180,0,0,0,0,,0,1.6,1,0.0031366238952044386,0.4,Medium,1.1
MPLAD-1753,Devusinh Jesingbhai Chauhan,Gujarat,KHEDA,147000000.0,Drinking Water Supply,Vendor_010,2169999.34,2169999.34,2171318.03,2169999.34,270,0,0,0,0,,0,0.1,0,0.008623304093944182,0.009,Low,0.99
MPLAD-1754,Devusinh Jesingbhai Chauhan,Gujarat,KHEDA,147000000.0,Community Hall,Vendor_022,1797887.79,1797887.79,1763442.92,3967887.13,271,0,0,1,0,,0,1.9,1,0.00035645283798922597,0.4,Medium,0.64
MPLAD-1755,Devusinh Jesingbhai Chauhan,Gujarat,KHEDA,147000000.0,School Building,Vendor_001,4399280.76,4399280.76,5665930.44,8367167.89,159,0,0,0,1,,0,28.8,0,9.850826644724074e-05,0.768,High,0.88
MPLAD-1756,Devusinh Jesingbhai Chauhan,Gujarat,KHEDA,147000000.0,Drinking Water Supply,Vendor_006,6865910.08,6865910.08,6998256.58,15233077.98,178,1,1,0,0,DUPGRP-1756,0,1.9,0,0.9992617457934442,0.999,High,3.12
MPLAD-1757,Devusinh Jesingbhai Chauhan,Gujarat,KHEDA,147000000.0,Drinking Water Supply,Vendor_010,6970879.34,6970879.34,7057727.0,22203957.31,165,0,1,0,0,DUPGRP-1756,0,1.2,0,0.99941537155904,0.999,High,3.17
MPLAD-1758,Devusinh Jesingbhai Chauhan,Gujarat,KHEDA,147000000.0,Drinking Water Supply,Vendor_010,1150500.78,1150500.78,1164143.5,23354458.09,132,0,0,0,0,,0,1.2,0,0.000220761409413635,0.0,Low,0.52
MPLAD-1759,Devusinh Jesingbhai Chauhan,Gujarat,KHEDA,147000000.0,Road Construction,Vendor_021,3538999.84,3538999.84,3557384.57,26893457.93,228,0,0,0,0,,0,0.5,0,0.001292082827177416,0.001,Low,1.01
MPLAD-1760,Devusinh Jesingbhai Chauhan,Gujarat,KHEDA,147000000.0,Health Sub-Centre,Vendor_017,5038549.21,5038549.21,4951039.33,31932007.14,179,0,0,0,0,,0,1.7,1,0.004195289551129046,0.4,Medium,1.2
MPLAD-1761,Dhairyasheel Sambhajirao Mane,Maharashtra,HATKANANGLE,147000000.0,Sports Infrastructure,Vendor_007,2742379.51,2742379.51,3479019.11,2742379.51,175,0,0,0,1,,0,26.9,0,0.0007314547828150427,0.749,High,0.91
MPLAD-1762,Dhairyasheel Sambhajirao Mane,Maharashtra,HATKANANGLE,147000000.0,School Building,Vendor_019,9084716.34,9084716.34,8922039.18,11827095.85,236,1,0,0,0,,0,1.8,0,0.7456168639774232,0.746,High,1.82
MPLAD-1763,Dhairyasheel Sambhajirao Mane,Maharashtra,HATKANANGLE,147000000.0,Road Construction,Vendor_002,3548736.9,3548736.9,3554000.88,15375832.75,265,0,0,0,0,,0,0.1,0,0.00242151015474084,0.002,Low,1.01
MPLAD-1764,Dhairyasheel Sambhajirao Mane,Maharashtra,HATKANANGLE,147000000.0,Drinking Water Supply,Vendor_004,2705696.76,2705696.76,2731180.47,18081529.51,142,0,0,0,0,,0,0.9,1,0.011271313786880502,0.4,Medium,1.23
MPLAD-1765,Dhairyasheel Sambhajirao Mane,Maharashtra,HATKANANGLE,147000000.0,Sports Infrastructure,Vendor_007,3191631.96,3191631.96,3238608.53,21273161.47,251,0,0,0,0,,0,1.5,0,0.002629538500684902,0.003,Low,1.06
MPLAD-1766,Dhairyasheel Sambhajirao Mane,Maharashtra,HATKANANGLE,147000000.0,School Building,Vendor_005,8413738.14,8413738.14,8420139.88,29686899.62,128,0,0,0,0,,0,0.1,0,0.49493347373370133,0.495,Medium,1.68
MPLAD-1767,Dhairyasheel Sambhajirao Mane,Maharashtra,HATKANANGLE,147000000.0,Road Construction,Vendor_001,7864822.98,7864822.98,7859699.46,37551722.59,355,1,0,1,0,,0,0.1,0,0.694446296655842,0.694,High,2.25
MPLAD-1768,Dhairyasheel Sambhajirao Mane,Maharashtra,HATKANANGLE,147000000.0,Road Construction,Vendor_004,8653520.46,8653520.46,8785542.14,46205243.05,238,1,0,0,0,,0,1.5,1,0.9936210076374558,0.994,High,2.47
MPLAD-1769,DHANORKAR PRATIBHA SURESH ALIAS BALUBHAU,Maharashtra,CHANDRAPUR,147000000.0,Solar Street Lighting,Vendor_021,2336849.22,2336849.22,2326236.43,2336849.22,125,0,0,0,0,,0,0.5,0,0.05098340281474233,0.051,Low,1.56
MPLAD-1770,DHANORKAR PRATIBHA SURESH ALIAS BALUBHAU,Maharashtra,CHANDRAPUR,147000000.0,Road Construction,Vendor_014,1163313.17,1163313.17,1182858.61,3500162.39,302,0,0,1,0,,0,1.7,0,0.00012921273994888292,0.0,Low,0.33
MPLAD-1771,DHANORKAR PRATIBHA SURESH ALIAS BALUBHAU,Maharashtra,CHANDRAPUR,147000000.0,Community Hall,Vendor_022,2805167.3,2805167.3,3695214.74,6305329.7,228,0,0,0,1,,0,31.7,1,0.0010786374192344739,1.0,High,1.0
MPLAD-1772,DHARMENDRA PRADHAN,Odisha,SAMBALPUR,147000000.0,Road Construction,Vendor_017,3226366.36,3226366.36,3196982.61,3226366.36,266,0,0,0,0,,0,0.9,1,0.0012738661563188236,0.4,Medium,0.92
MPLAD-1773,DHARMENDRA PRADHAN,Odisha,SAMBALPUR,147000000.0,Solar Street Lighting,Vendor_023,3451349.0,3451349.0,3493746.34,6677715.36,192,1,0,0,0,,0,1.2,0,0.739548278454886,0.74,High,2.3
MPLAD-1774,DHARMENDRA PRADHAN,Odisha,SAMBALPUR,147000000.0,Road Construction,Vendor_023,4404120.43,4404120.43,4450644.78,11081835.79,145,0,0,0,0,,0,1.1,0,0.008319856387992909,0.008,Low,1.26
MPLAD-1775,DHARMENDRA PRADHAN,Odisha,SAMBALPUR,147000000.0,Health Sub-Centre,Vendor_015,9701257.39,9701257.39,9788750.38,20783093.18,300,1,0,1,0,,0,0.9,0,0.9523085943240757,0.952,High,2.31
MPLAD-1776,DHARMENDRA PRADHAN,Odisha,SAMBALPUR,147000000.0,Solar Street Lighting,Vendor_012,2967828.95,2967828.95,3669465.96,23750922.13,115,0,0,0,1,,0,23.6,0,0.23577042949977758,0.716,High,1.98
MPLAD-1777,DHARMENDRA PRADHAN,Odisha,SAMBALPUR,147000000.0,Drinking Water Supply,Vendor_024,1355175.36,1355175.36,1377230.38,25106097.49,164,0,0,0,0,,0,1.6,0,0.0002230328457387253,0.0,Low,0.62
MPLAD-1778,DHARMENDRA PRADHAN,Odisha,SAMBALPUR,147000000.0,Sports Infrastructure,Vendor_006,4694098.08,4694098.08,4650474.59,29800195.57,126,0,0,0,0,,0,0.9,0,0.16736904909690806,0.167,Low,1.56
MPLAD-1779,DHARMENDRA PRADHAN,Odisha,SAMBALPUR,147000000.0,Sports Infrastructure,Vendor_015,2163299.53,2163299.53,2147777.41,31963495.1,216,0,0,0,0,,0,0.7,0,0.0001945368608806244,0.0,Low,0.72
MPLAD-1780,DHARMENDRA YADAV,Uttar Pradesh,AZAMGARH,147000000.0,Community Hall,Vendor_002,2064085.84,2064085.84,2089544.92,2064085.84,111,0,0,0,0,,0,1.2,0,0.0009341301302756734,0.001,Low,0.74
MPLAD-1781,DHARMENDRA YADAV,Uttar Pradesh,AZAMGARH,147000000.0,Health Sub-Centre,Vendor_018,4554147.82,4554147.82,4513915.41,6618233.66,205,0,0,0,0,,0,0.9,0,0.001965940809267141,0.002,Low,1.08
MPLAD-1782,DHARMENDRA YADAV,Uttar Pradesh,AZAMGARH,147000000.0,Solar Street Lighting,Vendor_002,2469805.95,2469805.95,2485161.82,9088039.61,257,0,0,0,0,,0,0.6,0,0.15671378309463024,0.157,Low,1.65
MPLAD-1783,DHARMENDRA YADAV,Uttar Pradesh,AZAMGARH,147000000.0,Road Construction,Vendor_010,3515889.65,3515889.65,3522005.11,12603929.26,157,0,0,0,0,,0,0.2,0,0.0007922393247445413,0.001,Low,1.0
MPLAD-1784,DHAVAL LAXMANBHAI PATEL,Gujarat,VALSAD(ST),147000000.0,Drinking Water Supply,Vendor_019,2741766.82,2741766.82,2753835.34,2741766.82,115,0,0,0,0,,0,0.4,0,0.017145510482844503,0.017,Low,1.25
MPLAD-1785,DHAVAL LAXMANBHAI PATEL,Gujarat,VALSAD(ST),147000000.0,Drinking Water Supply,Vendor_002,3458987.37,3458987.37,3500285.5,6200754.19,207,0,0,0,0,,0,1.2,0,0.0800666960833356,0.08,Low,1.57
MPLAD-1786,DHAVAL LAXMANBHAI PATEL,Gujarat,VALSAD(ST),147000000.0,Community Hall,Vendor_022,3426690.58,3426690.58,3376037.43,9627444.77,196,0,0,0,0,,0,1.5,1,0.004307871494553167,0.4,Medium,1.22
MPLAD-1787,DHAVAL LAXMANBHAI PATEL,Gujarat,VALSAD(ST),147000000.0,Sports Infrastructure,Vendor_001,2870965.88,2870965.88,2915621.47,12498410.65,128,0,0,0,0,,0,1.6,0,0.0016077130953624107,0.002,Low,0.96
MPLAD-1788,DHAVAL LAXMANBHAI PATEL,Gujarat,VALSAD(ST),147000000.0,Solar Street Lighting,Vendor_004,1097452.41,1097452.41,1096315.54,13595863.06,191,0,0,0,0,,0,0.1,1,0.002238796979656893,0.4,Medium,0.73
MPLAD-1789,DHAVAL LAXMANBHAI PATEL,Gujarat,VALSAD(ST),147000000.0,Community Hall,Vendor_025,2625665.16,2625665.16,2666471.49,16221528.22,212,0,0,0,0,,0,1.6,0,0.0006590220577954444,0.001,Low,0.94
MPLAD-1790,Dileshwar Kamait,Bihar,SUPAUL,150450930.89,Road Construction,Vendor_010,4190115.64,4190115.64,4118728.62,4190115.64,251,0,0,0,0,,0,1.7,0,0.007976430281496086,0.008,Low,1.2
MPLAD-1791,Dileshwar Kamait,Bihar,SUPAUL,150450930.89,Sports Infrastructure,Vendor_024,2419309.59,2419309.59,3054126.35,6609425.22,200,0,0,0,1,,0,26.2,0,0.00032353384878636875,0.742,High,0.81
MPLAD-1792,Dileshwar Kamait,Bihar,SUPAUL,150450930.89,Road Construction,Vendor_006,3414389.96,3414389.96,4756691.22,10023815.18,231,0,1,0,1,DUPGRP-1792,0,39.3,0,0.0010098075619658202,1.0,High,0.98
MPLAD-1793,Dileshwar Kamait,Bihar,SUPAUL,150450930.89,Road Construction,Vendor_006,3426416.8,3426416.8,3389725.31,13450231.99,219,0,1,0,0,DUPGRP-1792,0,1.1,0,0.0008732041091117055,0.75,High,0.98
MPLAD-1794,Dileshwar Kamait,Bihar,SUPAUL,150450930.89,Sports Infrastructure,Vendor_022,3098307.71,3098307.71,3127654.21,16548539.69,69,0,0,0,0,,0,0.9,1,0.00851027264792721,0.4,Medium,1.03
MPLAD-1795,Dilip Saikia,Assam,Darrang-Udalguri,147000000.0,Sports Infrastructure,Vendor_004,2841429.91,2841429.91,2830067.56,2841429.91,150,0,0,0,0,,0,0.4,1,0.0011260269023343683,0.4,Medium,0.95
MPLAD-1796,Dilip Saikia,Assam,Darrang-Udalguri,147000000.0,Sports Infrastructure,Vendor_022,3407956.91,3407956.91,3354322.65,6249386.82,201,0,0,0,0,,0,1.6,1,0.00392751931603084,0.4,Medium,1.14
MPLAD-1797,Dilip Saikia,Assam,Darrang-Udalguri,147000000.0,Health Sub-Centre,Vendor_022,3382968.58,3382968.58,3364731.39,9632355.4,162,0,0,0,0,,0,0.5,1,8.777040185985065e-05,0.4,Medium,0.81
MPLAD-1798,Dilip Saikia,Assam,Darrang-Udalguri,147000000.0,Health Sub-Centre,Vendor_018,5035453.75,5035453.75,4945233.0,14667809.15,228,0,0,0,0,,0,1.8,0,0.008427360017911877,0.008,Low,1.2
MPLAD-1799,Dilip Saikia,Assam,Darrang-Udalguri,147000000.0,Road Construction,Vendor_025,3547206.95,3547206.95,3591111.09,18215016.1,263,0,1,0,0,DUPGRP-1799,0,1.2,0,0.002329400270133559,0.75,High,1.01
MPLAD-1800,Dilip Saikia,Assam,Darrang-Udalguri,147000000.0,Road Construction,Vendor_010,3632383.24,3632383.24,3668372.96,21847399.34,277,0,1,1,0,DUPGRP-1799,0,1.0,0,0.0035493221579814254,0.75,High,1.04
MPLAD-1801,Dilip Saikia,Assam,Darrang-Udalguri,147000000.0,Drinking Water Supply,Vendor_016,1730867.88,1730867.88,1723087.6,23578267.22,142,0,0,0,0,,0,0.4,0,0.0007891277826503765,0.001,Low,0.79
MPLAD-1802,Dilip Saikia,Assam,Darrang-Udalguri,147000000.0,Community Hall,Vendor_021,4015914.18,4015914.18,4051125.66,27594181.4,89,0,0,0,0,,0,0.9,0,0.08448398362797516,0.084,Low,1.43
MPLAD-1803,Dinesh Chandra Yadav,Bihar,MADHEPURA,150070866.11,Drinking Water Supply,Vendor_006,2958734.35,2958734.35,3570274.13,2958734.35,151,0,0,0,1,,0,20.7,0,0.02119755697446154,0.687,High,1.34
MPLAD-1804,Dinesh Chandra Yadav,Bihar,MADHEPURA,150070866.11,Sports Infrastructure,Vendor_007,4092102.96,4092102.96,5635854.52,7050837.31,91,0,0,0,1,,0,37.7,0,0.055271513737173046,0.85,High,1.36
MPLAD-1805,Dinesh Chandra Yadav,Bihar,MADHEPURA,150070866.11,School Building,Vendor_002,3943868.55,3943868.55,4016116.96,10994705.86,142,0,0,0,0,,0,1.8,0,4.306075283037827e-05,0.0,Low,0.79
MPLAD-1806,Dinesh Chandra Yadav,Bihar,MADHEPURA,150070866.11,School Building,Vendor_016,3704877.04,3704877.04,3659100.42,14699582.9,253,0,0,0,0,,0,1.2,0,7.79142098429695e-05,0.0,Low,0.74
MPLAD-1807,DINESHBHAI MAKWANA AHMEDABAD,Gujarat,WEST(SC),160434965.11,Community Hall,Vendor_012,7202749.33,7202749.33,7101737.8,7202749.33,186,1,1,0,0,DUPGRP-1807,0,1.4,0,0.9777074925607655,0.978,High,2.57
MPLAD-1808,DINESHBHAI MAKWANA AHMEDABAD,Gujarat,WEST(SC),160434965.11,Community Hall,Vendor_012,7208502.93,7208502.93,7201885.01,14411252.26,173,0,1,0,0,DUPGRP-1807,0,0.1,0,0.98108104612502,0.981,High,2.57
MPLAD-1809,DINESHBHAI MAKWANA AHMEDABAD,Gujarat,WEST(SC),160434965.11,Community Hall,Vendor_017,3667516.24,3667516.24,3627865.44,18078768.5,178,0,0,0,0,,0,1.1,1,0.009015759678044227,0.4,Medium,1.31
MPLAD-1810,DINESHBHAI MAKWANA AHMEDABAD,Gujarat,WEST(SC),160434965.11,School Building,Vendor_004,6970828.43,6970828.43,7068835.26,25049596.93,218,0,0,0,0,,0,1.4,1,0.04006162608311172,0.4,Medium,1.39
MPLAD-1811,DINESHBHAI MAKWANA AHMEDABAD,Gujarat,WEST(SC),160434965.11,Solar Street Lighting,Vendor_004,1604239.1,1604239.1,1611640.92,26653836.03,215,0,0,0,0,,0,0.5,1,0.012533658726281365,0.4,Medium,1.07
MPLAD-1812,DR BYREDDY SHABARI,Andhra Pradesh,NANDYAL,150675889.11,Community Hall,Vendor_009,3066091.66,3066091.66,3039329.79,3066091.66,163,0,0,0,0,,0,0.9,0,0.0025723307735516805,0.003,Low,1.1
MPLAD-1813,DR BYREDDY SHABARI,Andhra Pradesh,NANDYAL,150675889.11,Drinking Water Supply,Vendor_013,2076501.17,2076501.17,2683532.36,5142592.83,128,0,0,0,1,,0,29.2,0,0.002458107287007978,0.772,High,0.94
MPLAD-1814,DR BYREDDY SHABARI,Andhra Pradesh,NANDYAL,150675889.11,Drinking Water Supply,Vendor_020,2965787.05,2965787.05,3625947.67,8108379.88,145,0,0,0,1,,0,22.3,0,0.022754065388647767,0.703,High,1.35
MPLAD-1815,DR BYREDDY SHABARI,Andhra Pradesh,NANDYAL,150675889.11,Solar Street Lighting,Vendor_004,1166242.49,1166242.49,1159703.36,9274622.37,225,0,0,0,0,,0,0.6,1,0.004115236348114417,0.4,Medium,0.78
MPLAD-1816,DR BYREDDY SHABARI,Andhra Pradesh,NANDYAL,150675889.11,School Building,Vendor_012,5124159.36,5124159.36,5082786.97,14398781.72,182,0,0,0,0,,0,0.8,0,0.0005013478574411565,0.001,Low,1.02
MPLAD-1817,DR BYREDDY SHABARI,Andhra Pradesh,NANDYAL,150675889.11,Solar Street Lighting,Vendor_014,1030956.24,1030956.24,1032878.56,15429737.96,167,0,1,0,0,DUPGRP-1817,0,0.2,0,0.001499816313683689,0.75,High,0.69
MPLAD-1818,DR BYREDDY SHABARI,Andhra Pradesh,NANDYAL,150675889.11,Solar Street Lighting,Vendor_025,1025681.62,1025681.62,1036809.98,16455419.58,171,0,1,0,0,DUPGRP-1817,0,1.1,0,0.0015183071260844352,0.75,High,0.68
MPLAD-1819,DR BYREDDY SHABARI,Andhra Pradesh,NANDYAL,150675889.11,Road Construction,Vendor_025,5665141.34,5665141.34,5649153.84,22120560.93,184,0,0,0,0,,0,0.3,0,0.18712336136269664,0.187,Low,1.62
MPLAD-1820,DR BYREDDY SHABARI,Andhra Pradesh,NANDYAL,150675889.11,Road Construction,Vendor_003,4690393.79,4690393.79,6482719.61,26810954.72,158,0,0,0,1,,0,38.2,0,0.016615313208394485,0.85,High,1.34
MPLAD-1821,DR C N MANJUNATH BANGALORE,Karnataka,RURAL,147000000.0,Sports Infrastructure,Vendor_022,2747924.03,2747924.03,2733492.26,2747924.03,220,0,0,0,0,,0,0.5,1,0.0007821617975846608,0.4,Medium,0.92
MPLAD-1822,DR C N MANJUNATH BANGALORE,Karnataka,RURAL,147000000.0,School Building,Vendor_020,5921169.45,5921169.45,5806416.77,8669093.48,44,0,1,0,0,DUPGRP-1822,0,1.9,0,0.012328899907690307,0.75,High,1.18
MPLAD-1823,DR C N MANJUNATH BANGALORE,Karnataka,RURAL,147000000.0,School Building,Vendor_020,5763317.83,5763317.83,5764300.7,14432411.32,51,0,1,0,0,DUPGRP-1822,0,0.0,0,0.008464414522737301,0.75,High,1.15
MPLAD-1824,DR C N MANJUNATH BANGALORE,Karnataka,RURAL,147000000.0,Health Sub-Centre,Vendor_019,8932950.12,8932950.12,8970040.83,23365361.44,200,1,0,0,0,,0,0.4,0,0.9639040003819822,0.964,High,2.13
MPLAD-1825,DR C N MANJUNATH BANGALORE,Karnataka,RURAL,147000000.0,Health Sub-Centre,Vendor_004,10182595.08,10182595.08,10217532.9,33547956.52,266,1,1,0,0,DUPGRP-1825,0,0.3,1,0.9884258806042215,1.0,High,2.42
MPLAD-1826,DR C N MANJUNATH BANGALORE,Karnataka,RURAL,147000000.0,Health Sub-Centre,Vendor_004,10253276.88,10253276.88,10424285.59,43801233.4,262,0,1,0,0,DUPGRP-1825,0,1.7,1,0.9902249203336048,1.0,High,2.44
MPLAD-1827,Dr Chandra Sekhar Pemmasani,Andhra Pradesh,GUNTUR,159774113.11,Community Hall,Vendor_009,2426657.76,2426657.76,2468653.32,2426657.76,218,0,0,0,0,,0,1.7,0,0.0004401065836209208,0.0,Low,0.87
MPLAD-1828,Dr Chandra Sekhar Pemmasani,Andhra Pradesh,GUNTUR,159774113.11,Road Construction,Vendor_005,4267407.82,4267407.82,4340785.12,6694065.58,217,0,0,0,0,,0,1.7,0,0.006736242708252882,0.007,Low,1.22
MPLAD-1829,Dr Chandra Sekhar Pemmasani,Andhra Pradesh,GUNTUR,159774113.11,Sports Infrastructure,Vendor_025,3994863.92,3994863.92,3998096.64,10688929.5,174,0,0,0,0,,0,0.1,0,0.020657576123119827,0.021,Low,1.33
MPLAD-1830,Dr Chandra Sekhar Pemmasani,Andhra Pradesh,GUNTUR,159774113.11,Community Hall,Vendor_002,2095309.74,2095309.74,2068734.76,12784239.24,305,0,0,1,0,,0,1.3,0,0.0016387313762401276,0.002,Low,0.75
MPLAD-1831,Dr Chandra Sekhar Pemmasani,Andhra Pradesh,GUNTUR,159774113.11,Road Construction,Vendor_001,8473043.13,8473043.13,8553806.66,21257282.38,144,1,1,0,0,DUPGRP-1831,0,1.0,0,0.9947207113850328,0.995,High,2.42
MPLAD-1832,Dr Chandra Sekhar Pemmasani,Andhra Pradesh,GUNTUR,159774113.11,Road Construction,Vendor_015,8361611.94,8361611.94,8356322.21,29618894.31,141,0,1,0,0,DUPGRP-1831,0,0.1,0,0.9932877497279938,0.993,High,2.39
MPLAD-1833,Dr Chandra Sekhar Pemmasani,Andhra Pradesh,GUNTUR,159774113.11,Community Hall,Vendor_022,6763727.64,6763727.64,9339395.28,36382621.95,330,1,0,1,1,,0,38.1,1,0.6945397445240706,1.0,High,2.42
MPLAD-1834,Dr Chandra Sekhar Pemmasani,Andhra Pradesh,GUNTUR,159774113.11,Community Hall,Vendor_015,2730018.76,2730018.76,2772579.64,39112640.71,168,0,0,0,0,,0,1.6,0,0.0010836373435921917,0.001,Low,0.98
MPLAD-1835,Dr Chandra Sekhar Pemmasani,Andhra Pradesh,GUNTUR,159774113.11,Community Hall,Vendor_017,2902054.95,2902054.95,2905310.76,42014695.67,207,0,0,0,0,,0,0.1,1,0.0012176386746255814,0.4,Medium,1.04
MPLAD-1836,DR DHARAMVIRA GANDHI,Punjab,PATIALA,147000000.0,Sports Infrastructure,Vendor_005,2756101.84,2756101.84,2789657.31,2756101.84,169,0,0,0,0,,0,1.2,0,0.0007791473837326777,0.001,Low,0.92
MPLAD-1837,DR DHARAMVIRA GANDHI,Punjab,PATIALA,147000000.0,Road Construction,Vendor_022,6910903.34,6910903.34,6886030.67,9667005.18,200,1,0,0,0,,0,0.4,1,0.8489288718109476,0.849,High,1.97
MPLAD-1838,DR DHARAMVIRA GANDHI,Punjab,PATIALA,147000000.0,Solar Street Lighting,Vendor_018,1480904.62,1480904.62,1491052.04,11147909.8,133,0,0,0,0,,0,0.7,0,0.004828209604441857,0.005,Low,0.99
MPLAD-1839,DR DHARAMVIRA GANDHI,Punjab,PATIALA,147000000.0,Sports Infrastructure,Vendor_020,3861207.06,3861207.06,5042697.33,15009116.85,224,0,0,0,1,,0,30.6,0,0.012403377851937456,0.786,High,1.29
MPLAD-1840,DR DHARAMVIRA GANDHI,Punjab,PATIALA,147000000.0,Sports Infrastructure,Vendor_001,2703584.56,2703584.56,2679850.09,17712701.41,92,0,0,0,0,,0,0.9,0,0.002152330655251824,0.002,Low,0.9
MPLAD-1841,DR DHARAMVIRA GANDHI,Punjab,PATIALA,147000000.0,Drinking Water Supply,Vendor_005,2259889.05,2259889.05,2221028.13,19972590.45,259,0,0,0,0,,0,1.7,0,0.007576222339181015,0.008,Low,1.03
MPLAD-1842,DR DHARAMVIRA GANDHI,Punjab,PATIALA,147000000.0,Drinking Water Supply,Vendor_006,3057757.37,3057757.37,3030351.1,23030347.83,240,0,1,0,0,DUPGRP-1842,0,0.9,0,0.03810308551527311,0.75,High,1.39
MPLAD-1843,DR DHARAMVIRA GANDHI,Punjab,PATIALA,147000000.0,Drinking Water Supply,Vendor_019,3156819.39,3156819.39,3195678.48,26187167.21,243,0,1,0,0,DUPGRP-1842,0,1.2,0,0.05194020847002413,0.75,High,1.43
MPLAD-1844,Dr Jayanta Kumar Roy,West Bengal,JALPAIGURI(SC),147000000.0,School Building,Vendor_017,11156027.32,11156027.32,10993036.54,11156027.32,198,1,0,0,0,,0,1.5,1,0.9916640161115089,0.992,High,2.23
MPLAD-1845,Dr Jayanta Kumar Roy,West Bengal,JALPAIGURI(SC),147000000.0,School Building,Vendor_003,2404605.9,2404605.9,2429366.14,13560633.23,260,0,0,0,0,,0,1.0,0,1.3246730526359186e-05,0.0,Low,0.48
MPLAD-1846,Dr Jayanta Kumar Roy,West Bengal,JALPAIGURI(SC),147000000.0,Road Construction,Vendor_008,3715546.73,3715546.73,3750370.32,17276179.95,260,0,0,0,0,,0,0.9,0,0.0031654534966749034,0.003,Low,1.06
MPLAD-1847,Dr Jayanta Kumar Roy,West Bengal,JALPAIGURI(SC),147000000.0,Sports Infrastructure,Vendor_023,1993072.64,1993072.64,2013825.44,19269252.59,182,0,0,0,0,,0,1.0,0,0.00011433537027555079,0.0,Low,0.66
MPLAD-1848,DR KALGE SHIVAJI BANDAPPA,Maharashtra,LATUR(SC),147000000.0,Drinking Water Supply,Vendor_022,1982851.73,1982851.73,2018231.8,1982851.73,191,0,0,0,0,,0,1.8,1,0.0011113021862896035,0.4,Medium,0.9
MPLAD-1849,DR KALGE SHIVAJI BANDAPPA,Maharashtra,LATUR(SC),147000000.0,Solar Street Lighting,Vendor_010,1748909.59,1748909.59,1780210.03,3731761.32,182,0,0,0,0,,0,1.8,0,0.01351063509700859,0.014,Low,1.17
MPLAD-1850,DR KALGE SHIVAJI BANDAPPA,Maharashtra,LATUR(SC),147000000.0,Drinking Water Supply,Vendor_017,2684815.31,2684815.31,2702202.34,6416576.63,159,0,0,0,0,,0,0.6,1,0.009075751004784296,0.4,Medium,1.22
MPLAD-1851,DR KALGE SHIVAJI BANDAPPA,Maharashtra,LATUR(SC),147000000.0,Sports Infrastructure,Vendor_022,4615994.06,4615994.06,4553752.49,11032570.69,229,0,0,0,0,,0,1.3,1,0.07828142672697778,0.4,Medium,1.54
MPLAD-1852,DR KALGE SHIVAJI BANDAPPA,Maharashtra,LATUR(SC),147000000.0,Community Hall,Vendor_017,2604082.91,2604082.91,3023262.84,13636653.6,203,0,0,0,1,,0,16.1,1,0.0006200276608705444,1.0,High,0.93
MPLAD-1853,DR KALGE SHIVAJI BANDAPPA,Maharashtra,LATUR(SC),147000000.0,Health Sub-Centre,Vendor_022,3202812.31,3202812.31,3836560.48,16839465.91,143,0,0,0,1,,0,19.8,1,5.95353887899763e-05,1.0,High,0.76
MPLAD-1854,Dr Mohammad Jawed,Bihar,KISHANGANJ,148669229.11,Community Hall,Vendor_007,1568733.3,1568733.3,1832175.29,1568733.3,113,0,0,0,1,,0,16.8,0,0.00033721391920495184,0.648,Medium,0.56
MPLAD-1855,Dr Mohammad Jawed,Bihar,KISHANGANJ,148669229.11,Road Construction,Vendor_013,3755383.82,3755383.82,3773792.62,5324117.12,159,0,0,0,0,,0,0.5,0,0.0014433375359082397,0.001,Low,1.07
MPLAD-1856,Dr Mohammad Jawed,Bihar,KISHANGANJ,148669229.11,Sports Infrastructure,Vendor_006,3075891.04,3075891.04,3075002.89,8400008.16,217,0,0,0,0,,0,0.0,0,0.00171644540639069,0.002,Low,1.03
MPLAD-1857,Dr Mohammad Jawed,Bihar,KISHANGANJ,148669229.11,Drinking Water Supply,Vendor_024,2163796.56,2163796.56,2145873.85,10563804.72,106,0,0,0,0,,0,0.8,0,0.00450842915154003,0.005,Low,0.98
MPLAD-1858,DR RAJKUMAR SANGWAN,Uttar Pradesh,BAGHPAT,147000000.0,Road Construction,Vendor_017,3352685.86,3352685.86,4665987.85,3352685.86,167,0,0,0,1,,0,39.2,1,0.0005107620680513291,1.0,High,0.96
MPLAD-1859,DR RAJKUMAR SANGWAN,Uttar Pradesh,BAGHPAT,147000000.0,Sports Infrastructure,Vendor_012,2064220.28,2064220.28,2062763.46,5416906.14,195,0,0,0,0,,0,0.1,0,0.00013716295896282245,0.0,Low,0.69
MPLAD-1860,DR RAJKUMAR SANGWAN,Uttar Pradesh,BAGHPAT,147000000.0,Health Sub-Centre,Vendor_012,4967022.65,4967022.65,4910447.03,10383928.79,225,0,0,0,0,,0,1.1,0,0.006910144788672192,0.007,Low,1.18
MPLAD-1861,DR RAJKUMAR SANGWAN,Uttar Pradesh,BAGHPAT,147000000.0,Road Construction,Vendor_011,5047475.87,5047475.87,5038380.47,15431404.66,182,0,0,0,0,,0,0.2,0,0.04207910460754016,0.042,Low,1.44
MPLAD-1862,DR RAJKUMAR SANGWAN,Uttar Pradesh,BAGHPAT,147000000.0,Solar Street Lighting,Vendor_004,1651038.42,1651038.42,1668239.91,17082443.08,268,0,0,0,0,,0,1.0,1,0.021503079001235423,0.4,Medium,1.1
MPLAD-1863,DR RAJKUMAR SANGWAN,Uttar Pradesh,BAGHPAT,147000000.0,Drinking Water Supply,Vendor_012,2990417.34,2990417.34,3032235.36,20072860.42,242,0,0,0,0,,0,1.4,0,0.03301578444824238,0.033,Low,1.36
MPLAD-1864,DR RAJKUMAR SANGWAN,Uttar Pradesh,BAGHPAT,147000000.0,Road Construction,Vendor_022,3652626.73,3652626.73,3672097.99,23725487.14,172,0,0,0,0,,0,0.5,1,0.0010871141333991378,0.4,Medium,1.04
MPLAD-1865,DR RANI SRI KUMAR,Tamil Nadu,TENKASI(SC),153060922.82,Solar Street Lighting,Vendor_004,282343.83,282343.83,285482.87,282343.83,221,0,0,0,0,,0,1.1,1,0.0003769691170138728,0.4,Medium,0.19
MPLAD-1866,DR RANI SRI KUMAR,Tamil Nadu,TENKASI(SC),153060922.82,Health Sub-Centre,Vendor_001,2750731.16,2750731.16,2775135.69,3033074.99,251,0,0,0,0,,0,0.9,0,0.00014568545784524167,0.0,Low,0.65
MPLAD-1867,DR RANI SRI KUMAR,Tamil Nadu,TENKASI(SC),153060922.82,Sports Infrastructure,Vendor_022,6760589.43,6760589.43,6630348.3,9793664.42,261,1,0,0,0,,0,1.9,1,0.8810840061693487,0.881,High,2.25
MPLAD-1868,DR RANI SRI KUMAR,Tamil Nadu,TENKASI(SC),153060922.82,School Building,Vendor_005,5276463.6,5276463.6,5279243.24,15070128.02,154,0,0,0,0,,0,0.1,0,0.0007321067904100603,0.001,Low,1.06
MPLAD-1869,DR RANI SRI KUMAR,Tamil Nadu,TENKASI(SC),153060922.82,School Building,Vendor_012,5537516.77,5537516.77,5494288.29,20607644.79,108,0,0,0,0,,0,0.8,0,0.0020723242125955344,0.002,Low,1.11
MPLAD-1870,Dr Shashi Tharoor,Kerala,THIRUVANANTHAPURAM,147000000.0,Drinking Water Supply,Vendor_015,1455854.02,1455854.02,1449470.19,1455854.02,143,0,0,0,0,,0,0.4,0,0.00038136470966113495,0.0,Low,0.66
MPLAD-1871,Dr Shashi Tharoor,Kerala,THIRUVANANTHAPURAM,147000000.0,Health Sub-Centre,Vendor_017,5888306.62,5888306.62,5837955.55,7344160.64,335,0,0,1,0,,0,0.9,1,0.07829473518528372,0.4,Medium,1.4
MPLAD-1872,Dr Shashi Tharoor,Kerala,THIRUVANANTHAPURAM,147000000.0,School Building,Vendor_019,6926084.37,6926084.37,6865024.41,14270245.01,163,0,0,0,0,,0,0.9,0,0.03454835458728221,0.035,Low,1.39
MPLAD-1873,Dr Shashi Tharoor,Kerala,THIRUVANANTHAPURAM,147000000.0,Health Sub-Centre,Vendor_016,3850784.68,3850784.68,3859629.89,18121029.69,270,0,0,0,0,,0,0.2,0,0.0017055303969612837,0.002,Low,0.92
MPLAD-1874,Dr Shashi Tharoor,Kerala,THIRUVANANTHAPURAM,147000000.0,Sports Infrastructure,Vendor_006,2570954.05,2570954.05,2609141.32,20691983.74,208,0,0,0,0,,0,1.5,0,0.0004810474290686042,0.0,Low,0.86
MPLAD-1875,Dr Shashi Tharoor,Kerala,THIRUVANANTHAPURAM,147000000.0,Sports Infrastructure,Vendor_001,3346113.79,3346113.79,3391168.57,24038097.53,244,0,1,0,0,DUPGRP-1875,0,1.3,0,0.003624474332053912,0.75,High,1.12
MPLAD-1876,Dr Shashi Tharoor,Kerala,THIRUVANANTHAPURAM,147000000.0,Sports Infrastructure,Vendor_001,3386478.18,3386478.18,3358223.45,27424575.71,229,0,1,0,0,DUPGRP-1875,0,0.8,0,0.0038167312137472402,0.75,High,1.13
MPLAD-1877,Dr Sukanta Majumdar,West Bengal,BALURGHAT,157085364.9,Solar Street Lighting,Vendor_024,1527513.54,1527513.54,2089467.39,1527513.54,160,0,0,0,1,,0,36.8,0,0.005908802644454068,0.848,High,1.02
MPLAD-1878,Dr Sukanta Majumdar,West Bengal,BALURGHAT,157085364.9,School Building,Vendor_013,11039840.16,11039840.16,11004908.57,12567353.7,176,1,0,0,0,,0,0.3,0,0.9914266375262153,0.991,High,2.21
MPLAD-1879,Dr Sukanta Majumdar,West Bengal,BALURGHAT,157085364.9,Health Sub-Centre,Vendor_024,4757847.5,4757847.5,4758536.43,17325201.2,227,0,0,0,0,,0,0.0,0,0.004510506290695236,0.005,Low,1.13
MPLAD-1880,Dr Sukanta Majumdar,West Bengal,BALURGHAT,157085364.9,Road Construction,Vendor_004,4107034.29,4107034.29,4061896.33,21432235.5,299,0,0,1,0,,0,1.1,1,0.012200959541182074,0.4,Medium,1.17
MPLAD-1881,Dr Sukanta Majumdar,West Bengal,BALURGHAT,157085364.9,Road Construction,Vendor_021,4694790.81,4694790.81,4781475.81,26127026.31,83,0,0,0,0,,0,1.8,0,0.038273918190916245,0.038,Low,1.34
MPLAD-1882,Dr Sukanta Majumdar,West Bengal,BALURGHAT,157085364.9,Drinking Water Supply,Vendor_003,1746694.46,1746694.46,1762146.37,27873720.77,230,0,0,0,0,,0,0.9,0,0.0009559621681302723,0.001,Low,0.79
MPLAD-1883,Dr Sukanta Majumdar,West Bengal,BALURGHAT,157085364.9,Drinking Water Supply,Vendor_024,1528414.73,1528414.73,1523982.67,29402135.5,259,0,0,0,0,,0,0.3,0,0.0013107819013153455,0.001,Low,0.69
MPLAD-1884,DR. HEMANG JOSHI,Gujarat,VADODARA,147000000.0,School Building,Vendor_017,4781811.42,4781811.42,4742106.15,4781811.42,110,0,0,0,0,,0,0.8,1,0.0004088184172242738,0.4,Medium,0.96
MPLAD-1885,DR. HEMANG JOSHI,Gujarat,VADODARA,147000000.0,Road Construction,Vendor_004,7863916.87,7863916.87,7967608.53,12645728.3,181,1,0,0,0,,0,1.3,1,0.9822264244804272,0.982,High,2.25
MPLAD-1886,DR. HEMANG JOSHI,Gujarat,VADODARA,147000000.0,School Building,Vendor_005,11033294.75,11033294.75,10895878.26,23679023.04,346,1,0,1,0,,0,1.2,0,0.694365006182691,0.694,High,2.21
MPLAD-1887,DR. HEMANG JOSHI,Gujarat,VADODARA,147000000.0,Health Sub-Centre,Vendor_007,5834535.06,5834535.06,5834606.28,29513558.1,197,0,1,0,0,DUPGRP-1887,0,0.0,0,0.03322120207466472,0.75,High,1.39
MPLAD-1888,DR. HEMANG JOSHI,Gujarat,VADODARA,147000000.0,Health Sub-Centre,Vendor_025,6018486.07,6018486.07,6074615.19,35532044.17,187,0,1,0,0,DUPGRP-1887,0,0.9,0,0.044966869752021764,0.75,High,1.43
MPLAD-1889,DR. HEMANG JOSHI,Gujarat,VADODARA,147000000.0,Drinking Water Supply,Vendor_017,1268160.48,1268160.48,1290101.49,36800204.65,188,0,0,0,0,,0,1.7,1,0.0001625671493309159,0.4,Medium,0.58
MPLAD-1890,DR. HEMANG JOSHI,Gujarat,VADODARA,147000000.0,School Building,Vendor_004,6520168.64,6520168.64,6517359.73,43320373.29,252,0,0,0,0,,0,0.0,1,0.017598986262242437,0.4,Medium,1.3
MPLAD-1891,DR. HEMANG JOSHI,Gujarat,VADODARA,147000000.0,Health Sub-Centre,Vendor_023,4415136.21,4415136.21,6015812.88,47735509.5,284,0,1,1,1,DUPGRP-1891,0,36.3,0,0.006137251976584955,1.0,High,1.05
MPLAD-1892,DR. HEMANG JOSHI,Gujarat,VADODARA,147000000.0,Health Sub-Centre,Vendor_022,4590887.8,4590887.8,4567805.92,52326397.31,297,0,1,1,0,DUPGRP-1891,0,0.5,1,0.010033451766691714,1.0,High,1.09
MPLAD-1893,DR. HEMANT VISHNU SAVARA,Maharashtra,PALGHAR(ST),147000000.0,Road Construction,Vendor_015,2414876.72,2414876.72,2431322.42,2414876.72,147,0,0,0,0,,0,0.7,0,6.246057130388789e-05,0.0,Low,0.69
MPLAD-1894,DR. HEMANT VISHNU SAVARA,Maharashtra,PALGHAR(ST),147000000.0,Sports Infrastructure,Vendor_025,1885918.64,1885918.64,1883872.75,4300795.36,142,0,0,0,0,,0,0.1,0,0.00012064391972062055,0.0,Low,0.63
MPLAD-1895,DR. HEMANT VISHNU SAVARA,Maharashtra,PALGHAR(ST),147000000.0,Community Hall,Vendor_022,2231975.49,2231975.49,2266766.4,6532770.86,196,0,0,0,0,,0,1.6,1,0.00027552607896631,0.4,Medium,0.8
MPLAD-1896,DR. HEMANT VISHNU SAVARA,Maharashtra,PALGHAR(ST),147000000.0,Road Construction,Vendor_014,3727010.89,3727010.89,3751959.67,10259781.74,122,0,1,0,0,DUPGRP-1896,0,0.7,0,0.0019468164463442156,0.75,High,1.06
MPLAD-1897,DR. HEMANT VISHNU SAVARA,Maharashtra,PALGHAR(ST),147000000.0,Road Construction,Vendor_014,3591003.87,3591003.87,3537677.06,13850785.61,119,0,1,0,0,DUPGRP-1896,0,1.5,0,0.0014769988605786983,0.75,High,1.03
MPLAD-1898,DR. KIRSAN NAMDEO,Maharashtra,GADCHIROLI-CHIMUR(ST),147000000.0,Solar Street Lighting,Vendor_022,905749.58,905749.58,899213.31,905749.58,144,0,0,0,0,,0,0.7,1,0.000996884633927353,0.4,Medium,0.6
MPLAD-1899,DR. KIRSAN NAMDEO,Maharashtra,GADCHIROLI-CHIMUR(ST),147000000.0,Drinking Water Supply,Vendor_021,3245231.67,3245231.67,3242245.0,4150981.25,197,0,0,0,0,,0,0.1,0,0.04231196448469168,0.042,Low,1.48
MPLAD-1900,DR. KIRSAN NAMDEO,Maharashtra,GADCHIROLI-CHIMUR(ST),147000000.0,School Building,Vendor_006,6115306.77,6115306.77,6150237.9,10266288.02,209,0,0,0,0,,0,0.6,0,0.005688823894450119,0.006,Low,1.22
MPLAD-1901,DR. KIRSAN NAMDEO,Maharashtra,GADCHIROLI-CHIMUR(ST),147000000.0,Drinking Water Supply,Vendor_008,3366948.51,3366948.51,3369322.86,13633236.53,151,0,0,0,0,,0,0.1,0,0.06690456119408583,0.067,Low,1.53
MPLAD-1902,DR. KIRSAN NAMDEO,Maharashtra,GADCHIROLI-CHIMUR(ST),147000000.0,Drinking Water Supply,Vendor_003,717117.19,717117.19,720413.14,14350353.72,192,0,0,0,0,,0,0.5,0,4.226581799351668e-05,0.0,Low,0.33
MPLAD-1903,DR. LATA WANKHEDE,Madhya Pradesh,SAGAR,147000000.0,Health Sub-Centre,Vendor_010,3196692.96,3196692.96,3150855.09,3196692.96,148,0,0,0,0,,0,1.4,0,5.816537329378161e-05,0.0,Low,0.76
MPLAD-1904,DR. LATA WANKHEDE,Madhya Pradesh,SAGAR,147000000.0,School Building,Vendor_004,5277455.86,5277455.86,5322053.71,8474148.82,207,0,0,0,0,,0,0.8,1,0.0008256157327528016,0.4,Medium,1.06
MPLAD-1905,DR. LATA WANKHEDE,Madhya Pradesh,SAGAR,147000000.0,Health Sub-Centre,Vendor_022,2462460.95,2462460.95,3127029.44,10936609.77,260,0,1,0,1,DUPGRP-1905,0,27.0,1,0.00011882338928454084,1.0,High,0.59
MPLAD-1906,DR. LATA WANKHEDE,Madhya Pradesh,SAGAR,147000000.0,Health Sub-Centre,Vendor_022,2367085.61,2367085.61,2354469.24,13303695.38,257,0,1,0,0,DUPGRP-1905,0,0.5,1,9.269189601285606e-05,1.0,High,0.56
MPLAD-1907,DR. LATA WANKHEDE,Madhya Pradesh,SAGAR,147000000.0,Community Hall,Vendor_002,2238375.25,2238375.25,2281846.66,15542070.63,186,0,0,0,0,,0,1.9,0,0.00029307238840624284,0.0,Low,0.8
MPLAD-1908,DR. LATA WANKHEDE,Madhya Pradesh,SAGAR,147000000.0,Drinking Water Supply,Vendor_017,2796938.91,2796938.91,2801681.02,18339009.54,187,0,1,0,0,DUPGRP-1908,0,0.2,1,0.011322620667978045,1.0,High,1.27
MPLAD-1909,DR. LATA WANKHEDE,Madhya Pradesh,SAGAR,147000000.0,Drinking Water Supply,Vendor_017,2803082.43,2803082.43,2790206.49,21142091.98,179,0,1,0,0,DUPGRP-1908,0,0.5,1,0.011600575791554692,1.0,High,1.27
MPLAD-1910,DR. M.P ABDUSSAMAD SAMADANI,Kerala,PONNANI,170434031.11,Sports Infrastructure,Vendor_024,2412143.7,2412143.7,2400313.35,2412143.7,193,0,0,0,0,,0,0.5,0,0.00031283741119896805,0.0,Low,0.8
MPLAD-1911,DR. M.P ABDUSSAMAD SAMADANI,Kerala,PONNANI,170434031.11,Drinking Water Supply,Vendor_009,1504923.14,1504923.14,1528358.93,3917066.83,243,0,0,0,0,,0,1.6,0,0.0007316374982781575,0.001,Low,0.68
MPLAD-1912,DR. M.P ABDUSSAMAD SAMADANI,Kerala,PONNANI,170434031.11,Solar Street Lighting,Vendor_020,1076893.36,1076893.36,1260220.91,4993960.19,232,0,0,0,1,,0,17.0,0,0.003528403568452617,0.65,Medium,0.72
MPLAD-1913,DR. M.P ABDUSSAMAD SAMADANI,Kerala,PONNANI,170434031.11,Health Sub-Centre,Vendor_023,5435334.35,5435334.35,5467518.41,10429294.54,256,0,0,0,0,,0,0.6,0,0.028668284793378705,0.029,Low,1.29
MPLAD-1914,DR. MANSUKH MANDAVIYA,Gujarat,PORBANDAR,147000000.0,Solar Street Lighting,Vendor_022,1098900.3,1098900.3,1109871.69,1098900.3,111,0,0,0,0,,0,1.0,1,0.0020134342114180893,0.4,Medium,0.73
MPLAD-1915,DR. MANSUKH MANDAVIYA,Gujarat,PORBANDAR,147000000.0,Health Sub-Centre,Vendor_022,3570464.14,3570464.14,3547889.45,4669364.44,177,0,0,0,0,,0,0.6,1,0.00014771091468606737,0.4,Medium,0.85
MPLAD-1916,DR. MANSUKH MANDAVIYA,Gujarat,PORBANDAR,147000000.0,Solar Street Lighting,Vendor_010,1017198.13,1017198.13,1026439.62,5686562.56,275,0,0,1,0,,0,0.9,0,0.004941169618602836,0.005,Low,0.68
MPLAD-1917,DR. MANSUKH MANDAVIYA,Gujarat,PORBANDAR,147000000.0,School Building,Vendor_024,5645250.84,5645250.84,5683760.6,11331813.41,230,0,0,0,0,,0,0.7,0,0.002338646603233352,0.002,Low,1.13
MPLAD-1918,DR. MANSUKH MANDAVIYA,Gujarat,PORBANDAR,147000000.0,Sports Infrastructure,Vendor_003,6916068.14,6916068.14,6892612.64,18247881.55,146,1,0,0,0,,0,0.3,0,0.9845508373733536,0.985,High,2.31
MPLAD-1919,DR. MANSUKH MANDAVIYA,Gujarat,PORBANDAR,147000000.0,School Building,Vendor_001,8776378.79,8776378.79,8625554.3,27024260.34,157,1,0,0,0,,0,1.7,0,0.6942263298985656,0.694,High,1.76
MPLAD-1920,DR. MANSUKH MANDAVIYA,Gujarat,PORBANDAR,147000000.0,Sports Infrastructure,Vendor_012,1685362.6,1685362.6,1674303.0,28709622.94,73,0,0,0,0,,0,0.7,0,0.00044620786676875725,0.0,Low,0.56
MPLAD-1921,DR. MANSUKH MANDAVIYA,Gujarat,PORBANDAR,147000000.0,Road Construction,Vendor_004,2318146.58,2318146.58,2314035.19,31027769.52,165,0,0,0,0,,0,0.2,1,4.4520409411225564e-05,0.4,Medium,0.66
MPLAD-1922,DR. PRABHA MALLIKARJUN,Karnataka,DAVANAGERE,147000000.0,Solar Street Lighting,Vendor_003,1982077.94,1982077.94,1996367.75,1982077.94,161,0,0,0,0,,0,0.7,0,0.02238074940802298,0.022,Low,1.32
MPLAD-1923,DR. PRABHA MALLIKARJUN,Karnataka,DAVANAGERE,147000000.0,Health Sub-Centre,Vendor_017,4170034.28,4170034.28,4128347.69,6152112.22,256,0,0,0,0,,0,1.0,1,0.002304405424214384,0.4,Medium,0.99
MPLAD-1924,DR. PRABHA MALLIKARJUN,Karnataka,DAVANAGERE,147000000.0,Community Hall,Vendor_009,358648.69,358648.69,357348.79,6510760.91,171,0,0,0,0,,0,0.4,0,9.514977094544086e-06,0.0,Low,0.13
MPLAD-1925,DR. PRABHA MALLIKARJUN,Karnataka,DAVANAGERE,147000000.0,Sports Infrastructure,Vendor_022,2447738.75,2447738.75,2430974.12,8958499.66,114,0,0,0,0,,0,0.7,1,0.0007383255633776641,0.4,Medium,0.82
MPLAD-1926,DR. PRABHA MALLIKARJUN,Karnataka,DAVANAGERE,147000000.0,Road Construction,Vendor_020,5965825.54,5965825.54,6024689.38,14924325.2,214,0,0,0,0,,0,1.0,0,0.3408312458261246,0.341,Medium,1.7
MPLAD-1927,DR. PRABHA MALLIKARJUN,Karnataka,DAVANAGERE,147000000.0,Drinking Water Supply,Vendor_016,1796928.6,1796928.6,1820326.82,16721253.8,213,0,0,0,0,,0,1.3,0,0.000801984680702795,0.001,Low,0.82
MPLAD-1928,DR. PRABHA MALLIKARJUN,Karnataka,DAVANAGERE,147000000.0,School Building,Vendor_009,4305404.08,4305404.08,4290841.32,21026657.88,30,0,0,0,0,,0,0.3,0,0.00163145421324798,0.002,Low,0.86
MPLAD-1929,DR. PRADEEP KUMAR PANIGRAHY,Odisha,BERHAMPUR,147000000.0,Drinking Water Supply,Vendor_004,2760066.46,2760066.46,2792753.21,2760066.46,225,0,0,0,0,,0,1.2,1,0.013400069937045626,0.4,Medium,1.25
MPLAD-1930,DR. PRADEEP KUMAR PANIGRAHY,Odisha,BERHAMPUR,147000000.0,Sports Infrastructure,Vendor_007,7179866.84,7179866.84,8696254.49,9939933.3,242,1,0,0,1,,0,21.1,0,0.9685690579802388,0.969,High,2.39
MPLAD-1931,DR. PRADEEP KUMAR PANIGRAHY,Odisha,BERHAMPUR,147000000.0,Health Sub-Centre,Vendor_022,7033405.43,7033405.43,9741964.65,16973338.73,155,0,0,0,1,,0,38.5,1,0.2657481853707449,1.0,High,1.67
MPLAD-1932,DR. PRADEEP KUMAR PANIGRAHY,Odisha,BERHAMPUR,147000000.0,Community Hall,Vendor_004,3041460.87,3041460.87,3099543.4,20014799.6,130,0,0,0,0,,0,1.9,1,0.004633017559364607,0.4,Medium,1.09
MPLAD-1933,DR. PRADEEP KUMAR PANIGRAHY,Odisha,BERHAMPUR,147000000.0,Sports Infrastructure,Vendor_016,3027255.63,3027255.63,3907623.83,23042055.24,116,0,0,0,1,,0,29.1,0,0.0028798274944744663,0.771,High,1.01
MPLAD-1934,DR. PRASHANT YADAORAO PADOLE,Maharashtra,BHANDARA-GONDIYA,159680283.39,Road Construction,Vendor_015,4252749.44,4252749.44,4301183.74,4252749.44,246,0,0,0,0,,0,1.1,0,0.008697720770839029,0.009,Low,1.22
MPLAD-1935,DR. PRASHANT YADAORAO PADOLE,Maharashtra,BHANDARA-GONDIYA,159680283.39,Solar Street Lighting,Vendor_022,1983589.06,1983589.06,1964645.4,6236338.5,209,0,0,0,0,,0,1.0,1,0.03516198394404214,0.4,Medium,1.32
MPLAD-1936,DR. PRASHANT YADAORAO PADOLE,Maharashtra,BHANDARA-GONDIYA,159680283.39,Sports Infrastructure,Vendor_017,2596712.21,2596712.21,2569083.74,8833050.71,185,0,0,0,0,,0,1.1,1,0.000493106186999581,0.4,Medium,0.87
MPLAD-1937,DR. PRASHANT YADAORAO PADOLE,Maharashtra,BHANDARA-GONDIYA,159680283.39,Solar Street Lighting,Vendor_010,895400.64,895400.64,906314.72,9728451.36,183,0,0,0,0,,0,1.2,0,0.0011680379414446033,0.001,Low,0.6
MPLAD-1938,DR. PRASHANT YADAORAO PADOLE,Maharashtra,BHANDARA-GONDIYA,159680283.39,Health Sub-Centre,Vendor_003,2847741.68,2847741.68,2865940.3,12576193.03,221,0,0,0,0,,0,0.6,0,7.607172324837978e-05,0.0,Low,0.68
MPLAD-1939,DR. PRASHANT YADAORAO PADOLE,Maharashtra,BHANDARA-GONDIYA,159680283.39,Sports Infrastructure,Vendor_017,2246108.47,2246108.47,2224505.44,14822301.5,125,0,0,0,0,,0,1.0,1,0.0003706445468952044,0.4,Medium,0.75
MPLAD-1940,DR. PRASHANT YADAORAO PADOLE,Maharashtra,BHANDARA-GONDIYA,159680283.39,Sports Infrastructure,Vendor_017,3306698.37,3306698.37,3294085.97,18128999.88,146,0,0,0,0,,0,0.4,1,0.0039531368996483865,0.4,Medium,1.1
MPLAD-1941,DR. PRASHANT YADAORAO PADOLE,Maharashtra,BHANDARA-GONDIYA,159680283.39,Community Hall,Vendor_004,3575066.08,3575066.08,3560597.29,21704065.96,115,0,1,0,0,DUPGRP-1941,0,0.4,1,0.021392498577917397,1.0,High,1.28
MPLAD-1942,DR. PRASHANT YADAORAO PADOLE,Maharashtra,BHANDARA-GONDIYA,159680283.39,Community Hall,Vendor_004,3581394.38,3581394.38,3577557.01,25285460.34,107,0,1,0,0,DUPGRP-1941,0,0.1,1,0.025432375404229927,1.0,High,1.28
MPLAD-1943,DR. RAJ KUMAR CHABBEWAL,Punjab,HOSHIARPUR(SC),147000000.0,Drinking Water Supply,Vendor_009,1672013.16,1672013.16,1665731.89,1672013.16,133,0,0,0,0,,0,0.4,0,0.0007890167779530563,0.001,Low,0.76
MPLAD-1944,DR. RAJ KUMAR CHABBEWAL,Punjab,HOSHIARPUR(SC),147000000.0,Health Sub-Centre,Vendor_019,10039385.8,10039385.8,9882482.02,11711398.96,211,1,1,0,0,DUPGRP-1944,0,1.6,0,0.993536188103391,0.994,High,2.39
MPLAD-1945,DR. RAJ KUMAR CHABBEWAL,Punjab,HOSHIARPUR(SC),147000000.0,Health Sub-Centre,Vendor_019,10275820.75,10275820.75,10180893.63,21987219.71,213,0,1,0,0,DUPGRP-1944,0,0.9,0,0.9952264516130769,0.995,High,2.45
MPLAD-1946,DR. RAJ KUMAR CHABBEWAL,Punjab,HOSHIARPUR(SC),147000000.0,Solar Street Lighting,Vendor_003,1283978.09,1283978.09,1294814.25,23271197.8,288,0,0,1,0,,0,0.8,0,0.009900277755226403,0.01,Low,0.86
MPLAD-1947,DR. RAJ KUMAR CHABBEWAL,Punjab,HOSHIARPUR(SC),147000000.0,Solar Street Lighting,Vendor_004,1986682.98,1986682.98,1972996.42,25257880.78,217,0,0,0,0,,0,0.7,1,0.03813518112184844,0.4,Medium,1.32
MPLAD-1948,DR. RAJ KUMAR CHABBEWAL,Punjab,HOSHIARPUR(SC),147000000.0,Sports Infrastructure,Vendor_023,2986667.15,2986667.15,2976494.19,28244547.93,159,0,0,0,0,,0,0.3,0,0.0015137846939096695,0.002,Low,1.0
MPLAD-1949,DR. RAJ KUMAR CHABBEWAL,Punjab,HOSHIARPUR(SC),147000000.0,Drinking Water Supply,Vendor_010,3863590.77,3863590.77,3861436.05,32108138.7,123,1,0,0,0,,0,0.1,0,0.26094594823014094,0.261,Low,1.76
MPLAD-1950,DR. RAJ KUMAR CHABBEWAL,Punjab,HOSHIARPUR(SC),147000000.0,Sports Infrastructure,Vendor_019,3727613.68,3727613.68,3761859.78,35835752.39,230,0,0,0,0,,0,0.9,0,0.008845540376195954,0.009,Low,1.24
MPLAD-1951,DR. RAJ KUMAR CHABBEWAL,Punjab,HOSHIARPUR(SC),147000000.0,Drinking Water Supply,Vendor_011,1680537.82,1680537.82,1708330.2,37516290.21,100,0,0,0,0,,0,1.7,0,0.0015979487685500115,0.002,Low,0.76
MPLAD-1952,DR. RAJESH MISHRA,Madhya Pradesh,SIDHI,262724510.35,Health Sub-Centre,Vendor_025,3798478.85,3798478.85,5129058.93,3798478.85,151,0,0,0,1,,0,35.0,0,0.00020391900292482572,0.83,High,0.9
MPLAD-1953,DR. RAJESH MISHRA,Madhya Pradesh,SIDHI,262724510.35,Sports Infrastructure,Vendor_016,1659377.14,1659377.14,1627388.35,5457855.99,160,0,0,0,0,,0,1.9,0,5.855142949992796e-05,0.0,Low,0.55
MPLAD-1954,DR. RAJESH MISHRA,Madhya Pradesh,SIDHI,262724510.35,Solar Street Lighting,Vendor_025,1986455.54,1986455.54,2025337.67,7444311.53,124,0,0,0,0,,0,2.0,0,0.01956138352809656,0.02,Low,1.32
MPLAD-1955,DR. RAJESH MISHRA,Madhya Pradesh,SIDHI,262724510.35,Health Sub-Centre,Vendor_017,7561773.77,7561773.77,7420315.15,15006085.3,235,1,1,0,0,DUPGRP-1955,0,1.9,1,0.6733255762302784,1.0,High,1.8
MPLAD-1956,DR. RAJESH MISHRA,Madhya Pradesh,SIDHI,262724510.35,Health Sub-Centre,Vendor_017,7573983.28,7573983.28,7716648.25,22580068.58,225,0,1,0,0,DUPGRP-1955,0,1.9,1,0.6751264038582578,1.0,High,1.8
MPLAD-1957,DR. S P SINGH,Uttar Pradesh,PRATAPGARH,147000000.0,Community Hall,Vendor_010,2662931.82,2662931.82,2653930.41,2662931.82,141,0,0,0,0,,0,0.3,0,0.0015336558588725463,0.002,Low,0.95
MPLAD-1958,DR. S P SINGH,Uttar Pradesh,PRATAPGARH,147000000.0,Health Sub-Centre,Vendor_024,4841570.85,4841570.85,4815604.42,7504502.67,171,0,1,0,0,DUPGRP-1958,0,0.5,0,0.0024309593885895485,0.75,High,1.15
MPLAD-1959,DR. S P SINGH,Uttar Pradesh,PRATAPGARH,147000000.0,Health Sub-Centre,Vendor_024,4741486.85,4741486.85,4666219.87,12245989.51,159,0,1,0,0,DUPGRP-1958,0,1.6,0,0.001747751907369251,0.75,High,1.13
MPLAD-1960,DR. S P SINGH,Uttar Pradesh,PRATAPGARH,147000000.0,School Building,Vendor_021,3778402.72,3778402.72,3777104.05,16024392.23,270,0,0,0,0,,0,0.0,0,0.0001442968077216445,0.0,Low,0.76
MPLAD-1961,DR. S P SINGH,Uttar Pradesh,PRATAPGARH,147000000.0,Road Construction,Vendor_003,1722103.07,1722103.07,1730324.27,17746495.3,99,0,1,0,0,DUPGRP-1961,0,0.5,0,4.833351650516294e-05,0.75,High,0.49
MPLAD-1962,DR. S P SINGH,Uttar Pradesh,PRATAPGARH,147000000.0,Road Construction,Vendor_003,1742887.67,1742887.67,1728836.56,19489382.98,102,0,1,0,0,DUPGRP-1961,0,0.8,0,4.5097688502536124e-05,0.75,High,0.5
MPLAD-1963,DR. S P SINGH,Uttar Pradesh,PRATAPGARH,147000000.0,Community Hall,Vendor_010,2438195.85,2438195.85,2403989.71,21927578.82,223,0,1,0,0,DUPGRP-1963,0,1.4,0,0.00046881061352936637,0.75,High,0.87
MPLAD-1964,DR. S P SINGH,Uttar Pradesh,PRATAPGARH,147000000.0,Community Hall,Vendor_010,2387675.7,2387675.7,2352833.12,24315254.52,235,0,1,0,0,DUPGRP-1963,0,1.5,0,0.0004833533889281674,0.75,High,0.85
MPLAD-1965,DR. S P SINGH,Uttar Pradesh,PRATAPGARH,147000000.0,Drinking Water Supply,Vendor_024,1784180.17,1784180.17,1797282.65,26099434.69,105,0,0,0,0,,0,0.7,0,0.0018281188478190566,0.002,Low,0.81
MPLAD-1966,DR. S P SINGH,Uttar Pradesh,PRATAPGARH,147000000.0,School Building,Vendor_001,4747549.37,4747549.37,5822173.19,30846984.05,215,0,0,0,1,,0,22.6,0,0.00027814698045855793,0.706,High,0.95
MPLAD-1967,DR. SHARMILA SARKAR BARDHAMAN,West Bengal,PURBA(SC),147000000.0,Community Hall,Vendor_015,2090173.14,2090173.14,2109687.15,2090173.14,262,0,0,0,0,,0,0.9,0,0.00046274843876545986,0.0,Low,0.75
MPLAD-1968,DR. SHARMILA SARKAR BARDHAMAN,West Bengal,PURBA(SC),147000000.0,Drinking Water Supply,Vendor_025,1801018.96,1801018.96,1774061.48,3891192.1,139,0,0,0,0,,0,1.5,0,0.000994831075900996,0.001,Low,0.82
MPLAD-1969,DR. SHARMILA SARKAR BARDHAMAN,West Bengal,PURBA(SC),147000000.0,Solar Street Lighting,Vendor_021,494683.26,494683.26,500475.08,4385875.36,198,0,0,0,0,,0,1.2,0,0.0004647641390791117,0.0,Low,0.33
MPLAD-1970,DR. SHARMILA SARKAR BARDHAMAN,West Bengal,PURBA(SC),147000000.0,Community Hall,Vendor_003,7282366.12,7282366.12,7308836.62,11668241.48,232,1,0,0,0,,0,0.4,0,0.963377105994579,0.963,High,2.6
MPLAD-1971,DR.K.SUDHAKAR,Karnataka,CHIKBALLAPUR,147000000.0,Community Hall,Vendor_016,3367923.11,3367923.11,3432725.92,3367923.11,233,0,0,0,0,,0,1.9,0,0.0038963123893043052,0.004,Low,1.2
MPLAD-1972,DR.K.SUDHAKAR,Karnataka,CHIKBALLAPUR,147000000.0,Road Construction,Vendor_012,3485862.37,3485862.37,3499339.81,6853785.47,91,0,0,0,0,,0,0.4,0,0.0022070830163428866,0.002,Low,1.0
MPLAD-1973,DR.K.SUDHAKAR,Karnataka,CHIKBALLAPUR,147000000.0,Community Hall,Vendor_022,4196120.74,4196120.74,4260858.81,11049906.21,232,0,0,0,0,,0,1.5,1,0.02539978026450814,0.4,Medium,1.5
MPLAD-1974,DR.K.SUDHAKAR,Karnataka,CHIKBALLAPUR,147000000.0,Community Hall,Vendor_004,366986.76,366986.76,360016.06,11416892.97,200,0,0,0,0,,0,1.9,1,8.454009527529623e-06,0.4,Medium,0.13
MPLAD-1975,DR.K.SUDHAKAR,Karnataka,CHIKBALLAPUR,147000000.0,School Building,Vendor_004,6679531.67,6679531.67,6665413.94,18096424.64,196,0,0,0,0,,0,0.2,1,0.01997208419651835,0.4,Medium,1.34
MPLAD-1976,DR.MALLU RAVI,Telangana,NAGARKURNOOL(SC),147000000.0,Drinking Water Supply,Vendor_008,2237151.78,2237151.78,2211001.32,2237151.78,125,0,0,0,0,,0,1.2,0,0.003938087801487694,0.004,Low,1.02
MPLAD-1977,DR.MALLU RAVI,Telangana,NAGARKURNOOL(SC),147000000.0,Health Sub-Centre,Vendor_017,5341989.64,5341989.64,5307319.7,7579141.43,119,0,0,0,0,,0,0.6,1,0.0064398356865215155,0.4,Medium,1.27
MPLAD-1978,DR.MALLU RAVI,Telangana,NAGARKURNOOL(SC),147000000.0,Sports Infrastructure,Vendor_003,3048912.58,3048912.58,3024359.34,10628054.01,180,0,0,0,0,,0,0.8,0,0.0015892849222731266,0.002,Low,1.02
MPLAD-1979,DR.MALLU RAVI,Telangana,NAGARKURNOOL(SC),147000000.0,Sports Infrastructure,Vendor_021,7156849.4,7156849.4,7272245.73,17784903.41,58,1,0,0,0,,0,1.6,0,0.9768435943247011,0.977,High,2.39
MPLAD-1980,DR.MALLU RAVI,Telangana,NAGARKURNOOL(SC),147000000.0,Community Hall,Vendor_004,1873986.93,1873986.93,1872965.39,19658890.34,168,0,0,0,0,,0,0.1,1,0.000162784274779296,0.4,Medium,0.67
MPLAD-1981,DR.MALLU RAVI,Telangana,NAGARKURNOOL(SC),147000000.0,Drinking Water Supply,Vendor_017,1248477.9,1248477.9,1261111.81,20907368.24,196,0,0,0,0,,0,1.0,1,0.000159977511026004,0.4,Medium,0.57
MPLAD-1982,DULU MAHATO,Jharkhand,DHANBAD,147000000.0,Community Hall,Vendor_010,2672156.7,2672156.7,2639803.72,2672156.7,126,0,0,0,0,,0,1.2,0,0.002228395385037806,0.002,Low,0.95
MPLAD-1983,DULU MAHATO,Jharkhand,DHANBAD,147000000.0,Solar Street Lighting,Vendor_024,1463207.91,1463207.91,1447604.04,4135364.6,238,0,0,0,0,,0,1.1,0,0.010721724117271887,0.011,Low,0.98
MPLAD-1984,DULU MAHATO,Jharkhand,DHANBAD,147000000.0,Solar Street Lighting,Vendor_007,1989883.61,1989883.61,1962529.19,6125248.21,259,0,0,0,0,,0,1.4,0,0.04880603573719318,0.049,Low,1.33
MPLAD-1985,DULU MAHATO,Jharkhand,DHANBAD,147000000.0,Community Hall,Vendor_011,3529923.22,3529923.22,3540583.73,9655171.43,317,0,0,1,0,,0,0.3,0,0.019000965087942804,0.019,Low,1.26
MPLAD-1986,DULU MAHATO,Jharkhand,DHANBAD,147000000.0,School Building,Vendor_022,5738359.2,5738359.2,5700082.45,15393530.63,120,0,0,0,0,,0,0.7,1,0.002762193279037493,0.4,Medium,1.15
MPLAD-1987,DULU MAHATO,Jharkhand,DHANBAD,147000000.0,Road Construction,Vendor_005,1264022.72,1264022.72,1285841.53,16657553.35,241,0,0,0,0,,0,1.7,0,1.6705487143597088e-05,0.0,Low,0.36
MPLAD-1988,DULU MAHATO,Jharkhand,DHANBAD,147000000.0,Health Sub-Centre,Vendor_018,5555290.66,5555290.66,5528616.36,22212844.0,152,0,0,0,0,,0,0.5,0,0.011146307094248884,0.011,Low,1.32
MPLAD-1989,DULU MAHATO,Jharkhand,DHANBAD,147000000.0,Road Construction,Vendor_005,3098925.47,3098925.47,3115089.18,25311769.47,222,0,0,0,0,,0,0.5,0,0.0004230729439708471,0.0,Low,0.89
MPLAD-1990,DURAI VAIKO,Tamil Nadu,TIRUCHIRAPPALLI,147000000.0,Sports Infrastructure,Vendor_004,2292788.92,2292788.92,3045255.74,2292788.92,231,0,0,0,1,,0,32.8,1,0.000299271283639516,1.0,High,0.76
MPLAD-1991,DURAI VAIKO,Tamil Nadu,TIRUCHIRAPPALLI,147000000.0,Health Sub-Centre,Vendor_015,8831260.78,8831260.78,11805885.13,11124049.7,84,1,1,0,1,DUPGRP-1991,0,33.7,0,0.8529516677047034,1.0,High,2.1
MPLAD-1992,DURAI VAIKO,Tamil Nadu,TIRUCHIRAPPALLI,147000000.0,Health Sub-Centre,Vendor_015,8515487.31,8515487.31,8406373.02,19639537.01,78,0,1,0,0,DUPGRP-1991,0,1.3,0,0.7628732015794094,0.763,High,2.03
MPLAD-1993,DURAI VAIKO,Tamil Nadu,TIRUCHIRAPPALLI,147000000.0,Solar Street Lighting,Vendor_019,1095610.96,1095610.96,1115112.17,20735147.97,123,0,0,0,0,,0,1.8,0,0.0017915822566988361,0.002,Low,0.73
MPLAD-1994,DURAI VAIKO,Tamil Nadu,TIRUCHIRAPPALLI,147000000.0,Sports Infrastructure,Vendor_008,3466445.8,3466445.8,3508534.25,24201593.77,172,0,0,0,0,,0,1.2,0,0.004987984434812446,0.005,Low,1.16
MPLAD-1995,Durga Das Uikey,Madhya Pradesh,BETUL(ST),151569502.91,Health Sub-Centre,Vendor_004,5323522.9,5323522.9,6196247.4,5323522.9,30,0,0,0,1,,0,16.4,1,0.018589539419874523,1.0,High,1.27
MPLAD-1996,Durga Das Uikey,Madhya Pradesh,BETUL(ST),151569502.91,Community Hall,Vendor_021,3147174.97,3147174.97,3133571.77,8470697.87,222,0,0,0,0,,0,0.4,0,0.002214651408715038,0.002,Low,1.12
MPLAD-1997,Durga Das Uikey,Madhya Pradesh,BETUL(ST),151569502.91,Health Sub-Centre,Vendor_014,5416873.02,5416873.02,5327261.61,13887570.89,226,0,0,0,0,,0,1.7,0,0.01891077032366348,0.019,Low,1.29
MPLAD-1998,Durga Das Uikey,Madhya Pradesh,BETUL(ST),151569502.91,Health Sub-Centre,Vendor_004,5129726.71,5129726.71,5055714.33,19017297.6,176,0,0,0,0,,0,1.4,1,0.005027801320942833,0.4,Medium,1.22
MPLAD-1999,Durga Das Uikey,Madhya Pradesh,BETUL(ST),151569502.91,Road Construction,Vendor_006,1393474.52,1393474.52,1810187.04,20410772.12,138,0,0,0,1,,0,29.9,0,8.933907932837471e-06,0.779,High,0.4
MPLAD-2000,Dushyant Singh,Rajasthan,JHALAWAR-BARAN,147000000.0,Health Sub-Centre,Vendor_004,4037143.58,4037143.58,4105500.41,4037143.58,240,0,0,0,0,,0,1.7,1,0.0012584135612597356,0.4,Medium,0.96
MPLAD-2001,Dushyant Singh,Rajasthan,JHALAWAR-BARAN,147000000.0,Community Hall,Vendor_007,2763643.46,2763643.46,2710858.35,6800787.04,104,0,0,0,0,,0,1.9,0,0.004733465169243175,0.005,Low,0.99
MPLAD-2002,Dushyant Singh,Rajasthan,JHALAWAR-BARAN,147000000.0,Road Construction,Vendor_022,5398976.76,5398976.76,5461032.35,12199763.8,95,0,0,0,0,,0,1.1,1,0.14431164046107245,0.4,Medium,1.54
MPLAD-2003,Dushyant Singh,Rajasthan,JHALAWAR-BARAN,147000000.0,Road Construction,Vendor_001,2831966.87,2831966.87,2851699.12,15031730.67,129,0,0,0,0,,0,0.7,0,0.00020807515355970112,0.0,Low,0.81
MPLAD-2004,Dushyant Singh,Rajasthan,JHALAWAR-BARAN,147000000.0,Solar Street Lighting,Vendor_023,647648.69,647648.69,637174.66,15679379.35,238,0,0,0,0,,0,1.6,0,0.0012506997612720748,0.001,Low,0.43
MPLAD-2005,Dushyant Singh,Rajasthan,JHALAWAR-BARAN,147000000.0,Sports Infrastructure,Vendor_016,2429525.98,2429525.98,3154560.78,18108905.33,168,0,0,0,1,,0,29.8,0,0.0003433794384190989,0.778,High,0.81
MPLAD-2006,Dushyant Singh,Rajasthan,JHALAWAR-BARAN,147000000.0,School Building,Vendor_020,3673788.06,3673788.06,3679964.92,21782693.39,288,0,0,1,0,,0,0.2,0,0.00021690408070821439,0.0,Low,0.73
MPLAD-2007,Dushyant Singh,Rajasthan,JHALAWAR-BARAN,147000000.0,Drinking Water Supply,Vendor_004,1391679.96,1391679.96,1379472.68,23174373.35,142,0,0,0,0,,0,0.9,1,0.00032963225697998103,0.4,Medium,0.63
MPLAD-2008,E. TUKARAM,Karnataka,BELLARY(ST),147000000.0,Health Sub-Centre,Vendor_018,5744041.87,5744041.87,5832503.63,5744041.87,103,0,0,0,0,,0,1.5,0,0.016246996795402587,0.016,Low,1.37
MPLAD-2009,E. TUKARAM,Karnataka,BELLARY(ST),147000000.0,Sports Infrastructure,Vendor_015,4070579.47,4070579.47,4012782.57,9814621.33,174,0,0,0,0,,0,1.4,0,0.025355773951996088,0.025,Low,1.36
MPLAD-2010,E. TUKARAM,Karnataka,BELLARY(ST),147000000.0,Solar Street Lighting,Vendor_009,1620057.25,1620057.25,1613752.74,11434678.58,204,0,0,0,0,,0,0.4,0,0.011644639594929541,0.012,Low,1.08
MPLAD-2011,E. TUKARAM,Karnataka,BELLARY(ST),147000000.0,Sports Infrastructure,Vendor_022,3718652.63,3718652.63,3681446.39,15153331.21,205,0,0,0,0,,0,1.0,1,0.00882469416239238,0.4,Medium,1.24
MPLAD-2012,E.T. MOHAMMED BASHEER,Kerala,MALAPPURAM,163895872.11,Drinking Water Supply,Vendor_017,2859282.32,2859282.32,2914309.91,2859282.32,170,0,0,0,0,,0,1.9,1,0.014075828113645938,0.4,Medium,1.3
MPLAD-2013,E.T. MOHAMMED BASHEER,Kerala,MALAPPURAM,163895872.11,Drinking Water Supply,Vendor_025,5801545.34,5801545.34,5751294.94,8660827.65,180,1,1,0,0,DUPGRP-2013,0,0.9,0,0.9883544270005222,0.988,High,2.64
MPLAD-2014,E.T. MOHAMMED BASHEER,Kerala,MALAPPURAM,163895872.11,Drinking Water Supply,Vendor_025,5888223.08,5888223.08,5981162.29,14549050.73,186,0,1,0,0,DUPGRP-2013,0,1.6,0,0.9907117095994951,0.991,High,2.68
MPLAD-2015,E.T. MOHAMMED BASHEER,Kerala,MALAPPURAM,163895872.11,Solar Street Lighting,Vendor_015,1945028.87,1945028.87,1933992.37,16494079.6,143,0,0,0,0,,0,0.6,0,0.018083206455433175,0.018,Low,1.3
MPLAD-2016,EATALA RAJENDER,Telangana,MALKAJGIRI,327477390.86,Health Sub-Centre,Vendor_001,3939037.15,3939037.15,3893933.07,3939037.15,358,0,0,1,0,,0,1.1,0,0.009156386758051234,0.009,Low,0.94
MPLAD-2017,EATALA RAJENDER,Telangana,MALKAJGIRI,327477390.86,School Building,Vendor_004,4999160.4,4999160.4,4939877.46,8938197.55,214,0,0,0,0,,0,1.2,1,0.0004754802549530187,0.4,Medium,1.0
MPLAD-2018,EATALA RAJENDER,Telangana,MALKAJGIRI,327477390.86,Drinking Water Supply,Vendor_008,628371.17,628371.17,616132.42,9566568.72,91,0,1,0,0,DUPGRP-2018,0,1.9,0,0.0002155846854715638,0.75,High,0.29
MPLAD-2019,EATALA RAJENDER,Telangana,MALKAJGIRI,327477390.86,Drinking Water Supply,Vendor_008,611867.67,611867.67,619472.71,10178436.39,93,0,1,0,0,DUPGRP-2018,0,1.2,0,0.0001958337058971316,0.75,High,0.28
MPLAD-2020,EATALA RAJENDER,Telangana,MALKAJGIRI,327477390.86,Community Hall,Vendor_010,5464782.72,5464782.72,5387926.39,15643219.11,228,0,1,0,0,DUPGRP-2020,0,1.4,0,0.3412085426335426,0.75,High,1.95
MPLAD-2021,EATALA RAJENDER,Telangana,MALKAJGIRI,327477390.86,Community Hall,Vendor_013,5420557.95,5420557.95,5526196.91,21063777.06,225,0,1,0,0,DUPGRP-2020,0,1.9,0,0.32250877473291084,0.75,High,1.94
MPLAD-2022,EATALA RAJENDER,Telangana,MALKAJGIRI,327477390.86,Sports Infrastructure,Vendor_007,2227933.89,2227933.89,2221519.16,23291710.94,283,0,0,1,0,,0,0.3,0,0.0005436561298076082,0.001,Low,0.74
MPLAD-2023,EATALA RAJENDER,Telangana,MALKAJGIRI,327477390.86,Road Construction,Vendor_012,3514324.14,3514324.14,3502470.92,26806035.08,161,0,0,0,0,,0,0.3,0,0.0007766306902311829,0.001,Low,1.0
MPLAD-2024,EATALA RAJENDER,Telangana,MALKAJGIRI,327477390.86,Road Construction,Vendor_005,2883666.44,2883666.44,2925600.31,29689701.51,237,0,0,0,0,,0,1.5,0,0.0003412381643827783,0.0,Low,0.82
MPLAD-2025,ESWARASAMY K,Tamil Nadu,POLLACHI,162315106.11,Solar Street Lighting,Vendor_003,1550096.4,1550096.4,1571501.72,1550096.4,316,0,0,1,0,,0,1.4,0,0.01778614478166426,0.018,Low,1.03
MPLAD-2026,ESWARASAMY K,Tamil Nadu,POLLACHI,162315106.11,Road Construction,Vendor_002,8230161.35,8230161.35,8193465.09,9780257.75,164,1,0,0,0,,0,0.4,0,0.9919309593499636,0.992,High,2.35
MPLAD-2027,ESWARASAMY K,Tamil Nadu,POLLACHI,162315106.11,Community Hall,Vendor_011,4157257.28,4157257.28,4197721.18,13937515.03,247,0,0,0,0,,0,1.0,0,0.02463790125972388,0.025,Low,1.48
MPLAD-2028,ESWARASAMY K,Tamil Nadu,POLLACHI,162315106.11,Community Hall,Vendor_004,2757252.3,2757252.3,2719789.01,16694767.33,192,0,1,0,0,DUPGRP-2028,0,1.4,1,0.0009072575588267212,1.0,High,0.98
MPLAD-2029,ESWARASAMY K,Tamil Nadu,POLLACHI,162315106.11,Community Hall,Vendor_004,2709200.14,2709200.14,2710993.25,19403967.47,205,0,1,0,0,DUPGRP-2028,0,0.1,1,0.0007851217539756106,1.0,High,0.97
MPLAD-2030,ESWARASAMY K,Tamil Nadu,POLLACHI,162315106.11,Road Construction,Vendor_014,3776836.78,3776836.78,3755877.81,23180804.25,129,0,0,0,0,,0,0.6,0,0.0019790964623042293,0.002,Low,1.08
MPLAD-2031,ESWARASAMY K,Tamil Nadu,POLLACHI,162315106.11,School Building,Vendor_004,3383141.21,3383141.21,3349743.85,26563945.46,141,0,0,0,0,,0,1.0,1,1.4406331820589827e-05,0.4,Medium,0.68
MPLAD-2032,ESWARASAMY K,Tamil Nadu,POLLACHI,162315106.11,Community Hall,Vendor_017,3314913.15,3314913.15,3360849.25,29878858.61,215,0,0,0,0,,0,1.4,1,0.00318406512697069,0.4,Medium,1.18
MPLAD-2033,ESWARASAMY K,Tamil Nadu,POLLACHI,162315106.11,School Building,Vendor_009,5888800.58,5888800.58,5952773.89,35767659.19,172,0,0,0,0,,0,1.1,0,0.0029850959136003656,0.003,Low,1.18
MPLAD-2034,Faggan Singh Kulaste,Madhya Pradesh,MANDLA(ST),151861648.41,Solar Street Lighting,Vendor_021,2034396.16,2034396.16,2008756.75,2034396.16,102,0,0,0,0,,0,1.3,0,0.023621086886552272,0.024,Low,1.36
MPLAD-2035,Faggan Singh Kulaste,Madhya Pradesh,MANDLA(ST),151861648.41,School Building,Vendor_002,5648529.07,5648529.07,5644825.67,7682925.23,136,0,0,0,0,,0,0.1,0,0.0019407198996957763,0.002,Low,1.13
MPLAD-2036,Faggan Singh Kulaste,Madhya Pradesh,MANDLA(ST),151861648.41,Drinking Water Supply,Vendor_014,1574116.86,1574116.86,1560390.52,9257042.09,231,0,0,0,0,,0,0.9,0,0.0006298022005908434,0.001,Low,0.72
MPLAD-2037,Faggan Singh Kulaste,Madhya Pradesh,MANDLA(ST),151861648.41,Solar Street Lighting,Vendor_001,1285182.51,1285182.51,1263922.8,10542224.6,101,0,0,0,0,,0,1.7,0,0.003603463678345432,0.004,Low,0.86
MPLAD-2038,G. KUMAR NAIK,Karnataka,RAICHUR(ST),147000000.0,Sports Infrastructure,Vendor_022,2361696.76,2361696.76,2342976.5,2361696.76,165,0,0,0,0,,0,0.8,1,0.00029562304065700967,0.4,Medium,0.79
MPLAD-2039,G. KUMAR NAIK,Karnataka,RAICHUR(ST),147000000.0,School Building,Vendor_022,6827993.99,6827993.99,9183584.42,9189690.75,187,0,0,0,1,,0,34.5,1,0.02772959921675323,1.0,High,1.37
MPLAD-2040,G. KUMAR NAIK,Karnataka,RAICHUR(ST),147000000.0,Health Sub-Centre,Vendor_004,12706976.79,12706976.79,12575804.05,21896667.54,185,1,0,0,0,,0,1.0,1,0.9994281625846692,0.999,High,3.03
MPLAD-2041,G. KUMAR NAIK,Karnataka,RAICHUR(ST),147000000.0,Road Construction,Vendor_021,7465157.11,7465157.11,9565813.83,29361824.65,166,1,0,0,1,,0,28.1,0,0.9569689627266109,0.957,High,2.13
MPLAD-2042,G. KUMAR NAIK,Karnataka,RAICHUR(ST),147000000.0,Health Sub-Centre,Vendor_019,8996856.28,8996856.28,8854620.5,38358680.93,297,1,0,1,0,,0,1.6,0,0.9071366522236655,0.907,High,2.14
MPLAD-2043,G. KUMAR NAIK,Karnataka,RAICHUR(ST),147000000.0,Solar Street Lighting,Vendor_017,1649847.78,1649847.78,1630104.3,40008528.71,195,0,0,0,0,,0,1.2,1,0.011527720449645923,0.4,Medium,1.1
MPLAD-2044,GAIKWAD VARSHA EKNATH MUMBAI,Maharashtra,NORTH-CENTRAL,147000000.0,Health Sub-Centre,Vendor_022,5994257.42,5994257.42,5901347.42,5994257.42,232,0,0,0,0,,0,1.5,1,0.06943437264542336,0.4,Medium,1.43
MPLAD-2045,GAIKWAD VARSHA EKNATH MUMBAI,Maharashtra,NORTH-CENTRAL,147000000.0,School Building,Vendor_004,1876920.5,1876920.5,1846864.54,7871177.92,220,0,1,0,0,DUPGRP-2045,0,1.6,1,1.7470949985690607e-06,1.0,High,0.38
MPLAD-2046,GAIKWAD VARSHA EKNATH MUMBAI,Maharashtra,NORTH-CENTRAL,147000000.0,School Building,Vendor_024,1842755.62,1842755.62,1806615.52,9713933.53,216,0,1,0,0,DUPGRP-2045,0,2.0,0,1.5084053174466739e-06,0.75,High,0.37
MPLAD-2047,GAIKWAD VARSHA EKNATH MUMBAI,Maharashtra,NORTH-CENTRAL,147000000.0,Road Construction,Vendor_004,1083692.92,1083692.92,1088318.97,10797626.45,198,0,0,0,0,,0,0.4,1,4.593649785204394e-06,0.4,Medium,0.31
MPLAD-2048,GAIKWAD VARSHA EKNATH MUMBAI,Maharashtra,NORTH-CENTRAL,147000000.0,School Building,Vendor_023,3960797.62,3960797.62,4019807.61,14758424.07,200,0,0,0,0,,0,1.5,0,4.3895977572737257e-05,0.0,Low,0.79
MPLAD-2049,GAIKWAD VARSHA EKNATH MUMBAI,Maharashtra,NORTH-CENTRAL,147000000.0,Drinking Water Supply,Vendor_013,4641163.7,4641163.7,4646189.33,19399587.77,193,1,0,0,0,,0,0.1,0,0.744930767577697,0.745,High,2.11
MPLAD-2050,GAIKWAD VARSHA EKNATH MUMBAI,Maharashtra,NORTH-CENTRAL,147000000.0,Sports Infrastructure,Vendor_017,3032356.55,3032356.55,2986684.84,22431944.33,310,0,0,1,0,,0,1.5,1,0.002928245986272195,0.4,Medium,1.01
MPLAD-2051,Gajendra Singh Patel,Madhya Pradesh,KHARGONE(ST),147000000.0,School Building,Vendor_020,4082597.63,4082597.63,5606972.82,4082597.63,149,0,0,0,1,,0,37.3,0,5.336387655047473e-05,0.85,High,0.82
MPLAD-2052,Gajendra Singh Patel,Madhya Pradesh,KHARGONE(ST),147000000.0,Road Construction,Vendor_008,757067.31,757067.31,748440.39,4839664.94,133,0,0,0,0,,0,1.1,0,3.3487526346641293e-06,0.0,Low,0.22
MPLAD-2053,Gajendra Singh Patel,Madhya Pradesh,KHARGONE(ST),147000000.0,Health Sub-Centre,Vendor_024,4799036.42,4799036.42,4851532.89,9638701.35,88,0,0,0,0,,0,1.1,0,0.0027019872795807664,0.003,Low,1.14
MPLAD-2054,Gajendra Singh Patel,Madhya Pradesh,KHARGONE(ST),147000000.0,Health Sub-Centre,Vendor_015,5458132.81,5458132.81,5447333.68,15096834.16,203,0,0,0,0,,0,0.2,0,0.01514870830410819,0.015,Low,1.3
MPLAD-2055,Gajendra Singh Patel,Madhya Pradesh,KHARGONE(ST),147000000.0,Drinking Water Supply,Vendor_022,2728917.56,2728917.56,3217697.76,17825751.73,215,0,0,0,1,,0,17.9,1,0.010839700801388723,1.0,High,1.24
MPLAD-2056,Gajendra Singh Patel,Madhya Pradesh,KHARGONE(ST),147000000.0,Health Sub-Centre,Vendor_022,2269973.82,2269973.82,2258399.45,20095725.55,139,0,0,0,0,,0,0.5,1,1.0789317014327281e-05,0.4,Medium,0.54
MPLAD-2057,Gajendra Singh Shekhawat,Rajasthan,JODHPUR,147000000.0,School Building,Vendor_014,4631140.6,4631140.6,4666009.99,4631140.6,270,0,0,0,0,,0,0.8,0,0.0006108158198975021,0.001,Low,0.93
MPLAD-2058,Gajendra Singh Shekhawat,Rajasthan,JODHPUR,147000000.0,Health Sub-Centre,Vendor_016,3186812.08,3186812.08,4423108.35,7817952.68,140,0,0,0,1,,0,38.8,0,5.837291393982192e-05,0.85,High,0.76
MPLAD-2059,Gajendra Singh Shekhawat,Rajasthan,JODHPUR,147000000.0,Health Sub-Centre,Vendor_002,4268977.11,4268977.11,4274464.06,12086929.79,231,0,0,0,0,,0,0.1,0,0.00169189259460011,0.002,Low,1.02
MPLAD-2060,Gajendra Singh Shekhawat,Rajasthan,JODHPUR,147000000.0,Road Construction,Vendor_025,6752953.16,6752953.16,6864905.68,18839882.95,176,0,0,0,0,,0,1.7,0,0.796275180052876,0.796,High,1.93
MPLAD-2061,Gajendra Singh Shekhawat,Rajasthan,JODHPUR,147000000.0,Solar Street Lighting,Vendor_023,3351322.76,3351322.76,3297871.2,22191205.71,162,1,0,0,0,,0,1.6,0,0.6036583022143162,0.604,Medium,2.23
MPLAD-2062,Gajendra Singh Shekhawat,Rajasthan,JODHPUR,147000000.0,School Building,Vendor_018,3531049.65,3531049.65,3494924.71,25722255.37,189,0,0,0,0,,0,1.0,0,1.6613960880172994e-05,0.0,Low,0.71
MPLAD-2063,Gajendra Singh Shekhawat,Rajasthan,JODHPUR,147000000.0,School Building,Vendor_013,7629792.2,7629792.2,7777701.64,33352047.57,158,0,0,0,0,,0,1.9,0,0.15628097556192674,0.156,Low,1.53
MPLAD-2064,GANAPATHY RAJKUMAR P,Tamil Nadu,COIMBATORE,147370490.11,Health Sub-Centre,Vendor_004,3812430.25,3812430.25,3877632.16,3812430.25,80,0,1,0,0,DUPGRP-2064,0,1.7,1,0.0004924531105327517,1.0,High,0.91
MPLAD-2065,GANAPATHY RAJKUMAR P,Tamil Nadu,COIMBATORE,147370490.11,Health Sub-Centre,Vendor_004,3753787.2,3753787.2,3726010.41,7566217.44,86,0,1,0,0,DUPGRP-2064,0,0.7,1,0.00038431428574178843,1.0,High,0.89
MPLAD-2066,GANAPATHY RAJKUMAR P,Tamil Nadu,COIMBATORE,147370490.11,Sports Infrastructure,Vendor_003,3520646.42,3520646.42,3570310.94,11086863.87,169,0,0,0,0,,0,1.4,0,0.005867764092970541,0.006,Low,1.17
MPLAD-2067,GANAPATHY RAJKUMAR P,Tamil Nadu,COIMBATORE,147370490.11,Sports Infrastructure,Vendor_015,50000.0,50000.0,50715.32,11136863.87,203,0,0,0,0,,0,1.4,0,2.880864515216457e-06,0.0,Low,0.02
MPLAD-2068,GANAPATHY RAJKUMAR P,Tamil Nadu,COIMBATORE,147370490.11,Road Construction,Vendor_016,4207567.08,4207567.08,4131008.86,15344430.95,30,0,0,0,0,,0,1.8,0,0.04983744342732172,0.05,Low,1.2
MPLAD-2069,GANAPATHY RAJKUMAR P,Tamil Nadu,COIMBATORE,147370490.11,Road Construction,Vendor_013,3037408.11,3037408.11,3025141.9,18381839.06,55,0,0,0,0,,0,0.4,0,0.00295000435061718,0.003,Low,0.87
MPLAD-2070,GANAPATHY RAJKUMAR P,Tamil Nadu,COIMBATORE,147370490.11,Health Sub-Centre,Vendor_017,4047651.63,4047651.63,4049792.03,22429490.69,153,0,1,0,0,DUPGRP-2070,0,0.1,1,0.0003527594560885419,1.0,High,0.96
MPLAD-2071,GANAPATHY RAJKUMAR P,Tamil Nadu,COIMBATORE,147370490.11,Health Sub-Centre,Vendor_017,4168144.09,4168144.09,4220546.16,26597634.78,164,0,1,0,0,DUPGRP-2070,0,1.3,1,0.0004882333190174148,1.0,High,0.99
MPLAD-2072,GANAPATHY RAJKUMAR P,Tamil Nadu,COIMBATORE,147370490.11,Solar Street Lighting,Vendor_006,2187305.63,2187305.63,2224973.6,28784940.42,201,0,0,0,0,,0,1.7,0,0.058644101960241446,0.059,Low,1.46
MPLAD-2073,GANAPATHY RAJKUMAR P,Tamil Nadu,COIMBATORE,147370490.11,Health Sub-Centre,Vendor_007,5148704.82,5148704.82,5054343.81,33933645.23,124,0,0,0,0,,0,1.8,0,0.004141069765817857,0.004,Low,1.23
MPLAD-2074,Ganesan Selvam,Tamil Nadu,KANCHEEPURAM(SC),186508749.11,Solar Street Lighting,Vendor_017,1861540.02,1861540.02,1895859.68,1861540.02,303,0,0,1,0,,0,1.8,1,0.03431095805720523,0.4,Medium,1.24
MPLAD-2075,Ganesan Selvam,Tamil Nadu,KANCHEEPURAM(SC),186508749.11,Solar Street Lighting,Vendor_017,2387745.42,2387745.42,2405854.85,4249285.44,91,0,0,0,0,,0,0.8,1,0.05997555523891723,0.4,Medium,1.59
MPLAD-2076,Ganesan Selvam,Tamil Nadu,KANCHEEPURAM(SC),186508749.11,Solar Street Lighting,Vendor_018,1640615.25,1640615.25,1642841.79,5889900.69,269,0,0,0,0,,0,0.1,0,0.02103881312464837,0.021,Low,1.09
MPLAD-2077,Ganesan Selvam,Tamil Nadu,KANCHEEPURAM(SC),186508749.11,Drinking Water Supply,Vendor_009,3591732.2,3591732.2,4879489.63,9481632.89,185,0,0,0,1,,0,35.9,0,0.11017223196580017,0.839,High,1.63
MPLAD-2078,Ganesan Selvam,Tamil Nadu,KANCHEEPURAM(SC),186508749.11,Sports Infrastructure,Vendor_011,1879152.85,1879152.85,1857389.38,11360785.74,179,0,0,0,0,,0,1.2,0,8.805182335328245e-05,0.0,Low,0.63
MPLAD-2079,Ganesh Singh,Madhya Pradesh,SATNA,147000000.0,Road Construction,Vendor_017,2352381.04,2352381.04,2382534.92,2352381.04,188,0,0,0,0,,0,1.3,1,5.092307823686734e-05,0.4,Medium,0.67
MPLAD-2080,Ganesh Singh,Madhya Pradesh,SATNA,147000000.0,Road Construction,Vendor_024,2439375.21,2439375.21,2851690.6,4791756.25,158,0,0,0,1,,0,16.9,0,6.009901887289931e-05,0.649,Medium,0.7
MPLAD-2081,Ganesh Singh,Madhya Pradesh,SATNA,147000000.0,Health Sub-Centre,Vendor_022,7126007.64,7126007.64,7099751.13,11917763.88,248,0,0,0,0,,0,0.4,1,0.46648365392902186,0.466,Medium,1.7
MPLAD-2082,GAURAV GOGOI,Assam,JORHAT,147000000.0,Drinking Water Supply,Vendor_004,3045379.93,3045379.93,3085793.11,3045379.93,238,0,0,0,0,,0,1.3,1,0.035671374080370556,0.4,Medium,1.38
MPLAD-2083,GAURAV GOGOI,Assam,JORHAT,147000000.0,Community Hall,Vendor_014,6807251.8,6807251.8,6810576.74,9852631.73,289,1,0,1,0,,0,0.0,0,0.8185337877274238,0.819,High,2.43
MPLAD-2084,GAURAV GOGOI,Assam,JORHAT,147000000.0,Road Construction,Vendor_005,10080360.38,10080360.38,10199786.83,19932992.11,180,1,0,0,0,,0,1.2,0,0.9996803332736509,1.0,High,2.88
MPLAD-2085,GAURAV GOGOI,Assam,JORHAT,147000000.0,School Building,Vendor_022,2503825.78,2503825.78,2463066.54,22436817.89,232,0,0,0,0,,0,1.6,1,5.975461198949526e-06,0.4,Medium,0.5
MPLAD-2086,GAURAV GOGOI,Assam,JORHAT,147000000.0,School Building,Vendor_011,6292586.96,6292586.96,6263376.49,28729404.85,146,0,0,0,0,,0,0.5,0,0.0081784224899897,0.008,Low,1.26
MPLAD-2087,GAURAV GOGOI,Assam,JORHAT,147000000.0,Road Construction,Vendor_022,3781611.68,3781611.68,3800541.84,32511016.53,158,0,0,0,0,,0,0.5,1,0.0015495696150138114,0.4,Medium,1.08
MPLAD-2088,GAURAV GOGOI,Assam,JORHAT,147000000.0,Community Hall,Vendor_021,2584577.52,2584577.52,2579199.03,35095594.06,177,0,0,0,0,,0,0.2,0,0.0006908719595938238,0.001,Low,0.92
MPLAD-2089,GAURAV GOGOI,Assam,JORHAT,147000000.0,Health Sub-Centre,Vendor_015,3386309.18,3386309.18,3422991.65,38481903.23,121,0,1,0,0,DUPGRP-2089,0,1.1,0,0.00010173628620031094,0.75,High,0.81
MPLAD-2090,GAURAV GOGOI,Assam,JORHAT,147000000.0,Health Sub-Centre,Vendor_015,3339502.58,3339502.58,3404892.7,41821405.81,124,0,1,0,0,DUPGRP-2089,0,2.0,0,8.963211499488141e-05,0.75,High,0.8
MPLAD-2091,GENIBEN NAGAJI THAKOR,Gujarat,BANASKANTHA,147000000.0,Community Hall,Vendor_019,4581357.76,4581357.76,4541066.39,4581357.76,184,0,0,0,0,,0,0.9,0,0.07763312828788577,0.078,Low,1.64
MPLAD-2092,GENIBEN NAGAJI THAKOR,Gujarat,BANASKANTHA,147000000.0,Drinking Water Supply,Vendor_005,2379141.5,2379141.5,2424488.12,6960499.26,63,0,0,0,0,,0,1.9,0,0.014840272578548173,0.015,Low,1.08
MPLAD-2093,GENIBEN NAGAJI THAKOR,Gujarat,BANASKANTHA,147000000.0,Road Construction,Vendor_025,7518876.06,7518876.06,7621410.62,14479375.32,133,1,0,0,0,,0,1.4,0,0.9586817746331872,0.959,High,2.15
MPLAD-2094,GENIBEN NAGAJI THAKOR,Gujarat,BANASKANTHA,147000000.0,Health Sub-Centre,Vendor_014,3726938.07,3726938.07,3737918.11,18206313.4,252,0,0,0,0,,0,0.3,0,0.000892821294105585,0.001,Low,0.89
MPLAD-2095,GENIBEN NAGAJI THAKOR,Gujarat,BANASKANTHA,147000000.0,Sports Infrastructure,Vendor_004,2931060.2,2931060.2,2930480.55,21137373.6,181,0,0,0,0,,0,0.0,1,0.001165770019226824,0.4,Medium,0.98
MPLAD-2096,GENIBEN NAGAJI THAKOR,Gujarat,BANASKANTHA,147000000.0,School Building,Vendor_004,4941914.55,4941914.55,4912235.72,26079288.15,275,0,0,1,0,,0,0.6,1,0.0011767303401212495,0.4,Medium,0.99
MPLAD-2097,GENIBEN NAGAJI THAKOR,Gujarat,BANASKANTHA,147000000.0,School Building,Vendor_008,5313431.68,5313431.68,5361335.37,31392719.83,229,0,0,0,0,,0,0.9,0,0.0011281234380025695,0.001,Low,1.06
MPLAD-2098,GENIBEN NAGAJI THAKOR,Gujarat,BANASKANTHA,147000000.0,Drinking Water Supply,Vendor_017,2436580.5,2436580.5,2405221.72,33829300.33,179,0,0,0,0,,0,1.3,1,0.004005787975832652,0.4,Medium,1.11
MPLAD-2099,Giridhari Yadav,Bihar,BANKA,147000000.0,Sports Infrastructure,Vendor_005,2663133.79,2663133.79,2628426.15,2663133.79,271,0,0,1,0,,0,1.3,0,0.0010262585938110877,0.001,Low,0.89
MPLAD-2100,Giridhari Yadav,Bihar,BANKA,147000000.0,Solar Street Lighting,Vendor_024,2490762.13,2490762.13,2465969.92,5153895.93,153,0,0,0,0,,0,1.0,0,0.09047632357101465,0.09,Low,1.66
MPLAD-2101,Giridhari Yadav,Bihar,BANKA,147000000.0,School Building,Vendor_017,5561661.84,5561661.84,5633343.02,10715557.77,234,0,0,0,0,,0,1.3,1,0.0020407577034528526,0.4,Medium,1.11
MPLAD-2102,Giridhari Yadav,Bihar,BANKA,147000000.0,Drinking Water Supply,Vendor_017,5265332.48,5265332.48,5183924.88,15980890.24,207,1,0,0,0,,0,1.5,1,0.9467569184734368,0.947,High,2.39
MPLAD-2103,Giridhari Yadav,Bihar,BANKA,147000000.0,Road Construction,Vendor_014,2756436.29,2756436.29,2769141.06,18737326.53,127,0,0,0,0,,0,0.5,0,0.00018201606819916933,0.0,Low,0.79
MPLAD-2104,Giridhari Yadav,Bihar,BANKA,147000000.0,Community Hall,Vendor_004,3534599.69,3534599.69,4222310.65,22271926.22,116,0,0,0,1,,0,19.5,1,0.019154539239818295,1.0,High,1.26
MPLAD-2105,Giridhari Yadav,Bihar,BANKA,147000000.0,Road Construction,Vendor_003,4256215.51,4256215.51,4228827.75,26528141.73,45,0,0,0,0,,0,0.6,0,0.0372205631915682,0.037,Low,1.22
MPLAD-2106,Giridhari Yadav,Bihar,BANKA,147000000.0,Health Sub-Centre,Vendor_004,3197976.38,3197976.38,3201368.72,29726118.11,266,0,1,0,0,DUPGRP-2106,0,0.1,1,0.0004850107287575548,1.0,High,0.76
MPLAD-2107,Giridhari Yadav,Bihar,BANKA,147000000.0,Health Sub-Centre,Vendor_004,3171301.89,3171301.89,3178899.46,32897420.0,253,0,1,0,0,DUPGRP-2106,0,0.2,1,0.0003245128007576589,1.0,High,0.76
MPLAD-2108,Giriraj Singh,Bihar,BEGUSARAI,147000000.0,Sports Infrastructure,Vendor_006,1576006.15,1576006.15,2088883.32,1576006.15,150,0,0,0,1,,0,32.5,0,5.393273848287896e-05,0.805,High,0.53
MPLAD-2109,Giriraj Singh,Bihar,BEGUSARAI,147000000.0,Community Hall,Vendor_016,2726460.38,2726460.38,2762899.57,4302466.53,120,0,1,0,0,DUPGRP-2109,0,1.3,0,0.0029136671554356418,0.75,High,0.97
MPLAD-2110,Giriraj Singh,Bihar,BEGUSARAI,147000000.0,Community Hall,Vendor_016,2619178.8,2619178.8,2627874.31,6921645.32,106,0,1,0,0,DUPGRP-2109,0,0.3,0,0.0033274132153438786,0.75,High,0.94
MPLAD-2111,Giriraj Singh,Bihar,BEGUSARAI,147000000.0,Road Construction,Vendor_007,4671853.37,4671853.37,4702062.17,11593498.69,303,0,1,1,0,DUPGRP-2111,0,0.6,0,0.03471124746895616,0.75,High,1.33
MPLAD-2112,Giriraj Singh,Bihar,BEGUSARAI,147000000.0,Road Construction,Vendor_007,4858539.27,4858539.27,4902376.55,16452037.96,309,0,1,1,0,DUPGRP-2111,0,0.9,0,0.04935727148687817,0.75,High,1.39
MPLAD-2113,GM Harish Balayogi,Andhra Pradesh,AMALAPURAM(SC),147000000.0,Solar Street Lighting,Vendor_017,391589.25,391589.25,384455.59,391589.25,129,0,0,0,0,,0,1.8,1,0.00028868720656702605,0.4,Medium,0.26
MPLAD-2114,GM Harish Balayogi,Andhra Pradesh,AMALAPURAM(SC),147000000.0,Road Construction,Vendor_024,3826720.52,3826720.52,3789410.75,4218309.77,192,0,0,0,0,,0,1.0,0,0.0018151960235483257,0.002,Low,1.09
MPLAD-2115,GM Harish Balayogi,Andhra Pradesh,AMALAPURAM(SC),147000000.0,Road Construction,Vendor_004,3765854.27,3765854.27,3798325.4,7984164.04,145,0,0,0,0,,0,0.9,1,0.0016122296787509744,0.4,Medium,1.08
MPLAD-2116,GM Harish Balayogi,Andhra Pradesh,AMALAPURAM(SC),147000000.0,Health Sub-Centre,Vendor_001,1280738.33,1280738.33,1302162.17,9264902.37,191,0,0,0,0,,0,1.7,0,2.827185056010154e-06,0.0,Low,0.3
MPLAD-2117,GM Harish Balayogi,Andhra Pradesh,AMALAPURAM(SC),147000000.0,Health Sub-Centre,Vendor_017,3731640.1,3731640.1,4993850.21,12996542.47,217,0,0,0,1,,0,33.8,1,0.00040635936957773806,1.0,High,0.89
MPLAD-2118,GM Harish Balayogi,Andhra Pradesh,AMALAPURAM(SC),147000000.0,Solar Street Lighting,Vendor_004,1367822.08,1367822.08,1385986.22,14364364.55,133,0,0,0,0,,0,1.3,1,0.00354186824441076,0.4,Medium,0.91
MPLAD-2119,GODAM NAGESH,Telangana,ADILABAD(ST),147000000.0,Health Sub-Centre,Vendor_014,7163241.76,7163241.76,7128276.07,7163241.76,138,0,0,0,0,,0,0.5,0,0.29320511354639095,0.293,Low,1.71
MPLAD-2120,GODAM NAGESH,Telangana,ADILABAD(ST),147000000.0,Solar Street Lighting,Vendor_017,1171766.18,1171766.18,1177567.46,8335007.94,187,0,0,0,0,,0,0.5,1,0.002649888215495263,0.4,Medium,0.78
MPLAD-2121,GODAM NAGESH,Telangana,ADILABAD(ST),147000000.0,School Building,Vendor_013,2984446.42,2984446.42,3036866.28,11319454.36,231,0,0,0,0,,0,1.8,0,1.2505566684955712e-05,0.0,Low,0.6
MPLAD-2122,GODAM NAGESH,Telangana,ADILABAD(ST),147000000.0,School Building,Vendor_025,4151830.8,4151830.8,4081793.48,15471285.16,49,0,0,0,0,,0,1.7,0,0.000698525407534056,0.001,Low,0.83
MPLAD-2123,GODAM NAGESH,Telangana,ADILABAD(ST),147000000.0,Solar Street Lighting,Vendor_014,1140522.91,1140522.91,1119253.94,16611808.08,137,0,1,0,0,DUPGRP-2123,0,1.9,0,0.0018952452034001993,0.75,High,0.76
MPLAD-2124,GODAM NAGESH,Telangana,ADILABAD(ST),147000000.0,Solar Street Lighting,Vendor_014,1149022.63,1149022.63,1142035.14,17760830.71,128,0,1,0,0,DUPGRP-2123,0,0.6,0,0.002000504717093591,0.75,High,0.77
MPLAD-2125,GODAM NAGESH,Telangana,ADILABAD(ST),147000000.0,Community Hall,Vendor_012,2695275.13,2695275.13,2653840.69,20456105.84,149,0,0,0,0,,0,1.5,0,0.0013930039656843342,0.001,Low,0.96
MPLAD-2126,GODAM NAGESH,Telangana,ADILABAD(ST),147000000.0,School Building,Vendor_020,5653989.16,5653989.16,5698563.21,26110095.0,168,0,0,0,0,,0,0.8,0,0.0017117625356062487,0.002,Low,1.13
MPLAD-2127,GODAM NAGESH,Telangana,ADILABAD(ST),147000000.0,Health Sub-Centre,Vendor_012,4568300.69,4568300.69,5755157.21,30678395.69,250,0,0,0,1,,0,26.0,0,0.004544663875895876,0.74,High,1.09
MPLAD-2128,GOPINATH K,Tamil Nadu,KRISHNAGIRI,147000000.0,Road Construction,Vendor_017,2458429.49,2458429.49,2479860.81,2458429.49,167,0,1,0,0,DUPGRP-2128,0,0.9,1,6.0653729763231645e-05,1.0,High,0.7
MPLAD-2129,GOPINATH K,Tamil Nadu,KRISHNAGIRI,147000000.0,Road Construction,Vendor_017,2506186.26,2506186.26,2551589.36,4964615.75,177,0,1,0,0,DUPGRP-2128,0,1.8,1,6.796466370857118e-05,1.0,High,0.72
MPLAD-2130,GOPINATH K,Tamil Nadu,KRISHNAGIRI,147000000.0,Solar Street Lighting,Vendor_024,1144070.35,1144070.35,1144537.72,6108686.1,172,0,0,0,0,,0,0.0,0,0.0021360135733255836,0.002,Low,0.76
MPLAD-2131,GOPINATH K,Tamil Nadu,KRISHNAGIRI,147000000.0,Solar Street Lighting,Vendor_010,755234.32,755234.32,752168.13,6863920.42,141,0,0,0,0,,0,0.4,0,0.0006730005627307606,0.001,Low,0.5
MPLAD-2132,GOPINATH K,Tamil Nadu,KRISHNAGIRI,147000000.0,Road Construction,Vendor_015,2704788.44,2704788.44,2704086.19,9568708.86,222,0,0,0,0,,0,0.0,0,0.00017393156588108808,0.0,Low,0.77
MPLAD-2133,GOPINATH K,Tamil Nadu,KRISHNAGIRI,147000000.0,Drinking Water Supply,Vendor_001,2117700.28,2117700.28,2135181.37,11686409.14,248,0,0,0,0,,0,0.8,0,0.0038803407085884196,0.004,Low,0.96
MPLAD-2134,GOPINATH K,Tamil Nadu,KRISHNAGIRI,147000000.0,Solar Street Lighting,Vendor_004,1076751.1,1076751.1,1071860.21,12763160.24,216,0,0,0,0,,0,0.5,1,0.0028661935294346957,0.4,Medium,0.72
MPLAD-2135,GOVIND MAKTHAPPA KARJOL,Karnataka,CHITRADURGA(SC),147000000.0,School Building,Vendor_022,3372681.84,3372681.84,3342402.8,3372681.84,158,0,0,0,0,,0,0.9,1,1.1859879626097614e-05,0.4,Medium,0.67
MPLAD-2136,GOVIND MAKTHAPPA KARJOL,Karnataka,CHITRADURGA(SC),147000000.0,Health Sub-Centre,Vendor_017,4142792.79,4142792.79,4075425.67,7515474.63,159,0,1,0,0,DUPGRP-2136,0,1.6,1,0.00044703338624169835,1.0,High,0.99
MPLAD-2137,GOVIND MAKTHAPPA KARJOL,Karnataka,CHITRADURGA(SC),147000000.0,Health Sub-Centre,Vendor_017,4145394.51,4145394.51,4192220.19,11660869.14,166,0,1,0,0,DUPGRP-2136,0,1.1,1,0.00047087188060283765,1.0,High,0.99
MPLAD-2138,GOVIND MAKTHAPPA KARJOL,Karnataka,CHITRADURGA(SC),147000000.0,Road Construction,Vendor_016,3913960.05,3913960.05,3917004.92,15574829.19,62,0,0,0,0,,0,0.1,0,0.01233388619592417,0.012,Low,1.12
MPLAD-2139,GOVIND MAKTHAPPA KARJOL,Karnataka,CHITRADURGA(SC),147000000.0,Drinking Water Supply,Vendor_003,2082805.83,2082805.83,2554271.96,17657635.02,196,0,0,0,1,,0,22.6,0,0.0014971804531083118,0.706,High,0.95
MPLAD-2140,GOVIND MAKTHAPPA KARJOL,Karnataka,CHITRADURGA(SC),147000000.0,Solar Street Lighting,Vendor_006,4101739.94,4101739.94,4083356.3,21759374.95,72,1,0,0,0,,0,0.4,0,0.8053184344156402,0.805,High,2.73
MPLAD-2141,Gumma Thanuja Rani,Andhra Pradesh,ARAKU(ST),149458905.11,Solar Street Lighting,Vendor_018,1801852.08,1801852.08,1817827.19,1801852.08,186,0,1,0,0,DUPGRP-2141,0,0.9,0,0.016428639477308896,0.75,High,1.2
MPLAD-2142,Gumma Thanuja Rani,Andhra Pradesh,ARAKU(ST),149458905.11,Solar Street Lighting,Vendor_013,1740540.33,1740540.33,1737099.81,3542392.41,173,0,1,0,0,DUPGRP-2141,0,0.2,0,0.012129394537395114,0.75,High,1.16
MPLAD-2143,Gumma Thanuja Rani,Andhra Pradesh,ARAKU(ST),149458905.11,Drinking Water Supply,Vendor_014,1754244.45,1754244.45,1757894.55,5296636.86,160,0,0,0,0,,0,0.2,0,0.0006652185439386414,0.001,Low,0.8
MPLAD-2144,Gumma Thanuja Rani,Andhra Pradesh,ARAKU(ST),149458905.11,Community Hall,Vendor_020,4035044.18,4035044.18,4101480.09,9331681.04,188,0,0,0,0,,0,1.6,0,0.020085985913834918,0.02,Low,1.44
MPLAD-2145,Gumma Thanuja Rani,Andhra Pradesh,ARAKU(ST),149458905.11,Solar Street Lighting,Vendor_018,1497963.58,1497963.58,1506811.75,10829644.62,177,0,0,0,0,,0,0.6,0,0.006170992848616004,0.006,Low,1.0
MPLAD-2146,GURMEET SINGH MEET HAYER,Punjab,SANGRUR,147000000.0,Health Sub-Centre,Vendor_017,4455875.39,4455875.39,4497927.34,4455875.39,140,0,0,0,0,,0,0.9,1,0.0008586049218672454,0.4,Medium,1.06
MPLAD-2147,GURMEET SINGH MEET HAYER,Punjab,SANGRUR,147000000.0,Solar Street Lighting,Vendor_022,1828223.59,1828223.59,1826004.44,6284098.98,62,0,0,0,0,,0,0.1,1,0.022672917988401316,0.4,Medium,1.22
MPLAD-2148,GURMEET SINGH MEET HAYER,Punjab,SANGRUR,147000000.0,Solar Street Lighting,Vendor_003,2322697.78,2322697.78,2277112.05,8606796.77,148,0,0,0,0,,0,2.0,0,0.054579658485750714,0.055,Low,1.55
MPLAD-2149,GURMEET SINGH MEET HAYER,Punjab,SANGRUR,147000000.0,Community Hall,Vendor_014,3948943.45,3948943.45,3875656.97,12555740.22,184,0,0,0,0,,0,1.9,0,0.016885795921054114,0.017,Low,1.41
MPLAD-2150,Gyaneshwar Patil,Madhya Pradesh,KHANDWA,155690684.77,Health Sub-Centre,Vendor_019,5703722.81,5703722.81,5815897.48,5703722.81,140,0,0,0,0,,0,2.0,0,0.014773561380791106,0.015,Low,1.36
MPLAD-2151,Gyaneshwar Patil,Madhya Pradesh,KHANDWA,155690684.77,Road Construction,Vendor_020,3203196.84,3203196.84,3200229.12,8906919.65,199,0,0,0,0,,0,0.1,0,0.00040467880867429084,0.0,Low,0.92
MPLAD-2152,Gyaneshwar Patil,Madhya Pradesh,KHANDWA,155690684.77,Road Construction,Vendor_008,3140581.95,3140581.95,3082152.09,12047501.61,105,0,0,0,0,,0,1.9,0,0.0007087075722931121,0.001,Low,0.9
MPLAD-2153,Gyaneshwar Patil,Madhya Pradesh,KHANDWA,155690684.77,Community Hall,Vendor_018,1642960.8,1642960.8,1615964.1,13690462.4,83,0,0,0,0,,0,1.6,0,0.0010238523046477565,0.001,Low,0.59
MPLAD-2154,Gyaneshwar Patil,Madhya Pradesh,KHANDWA,155690684.77,School Building,Vendor_020,11707402.95,11707402.95,11906780.81,25397865.35,267,1,1,0,0,DUPGRP-2154,0,1.7,0,0.9802713482584923,0.98,High,2.34
MPLAD-2155,Gyaneshwar Patil,Madhya Pradesh,KHANDWA,155690684.77,School Building,Vendor_020,11843532.53,11843532.53,11718903.47,37241397.88,255,0,1,0,0,DUPGRP-2154,0,1.1,0,0.9877121464280147,0.988,High,2.37
MPLAD-2156,Gyaneshwar Patil,Madhya Pradesh,KHANDWA,155690684.77,Road Construction,Vendor_023,3962853.01,3962853.01,3977713.83,41204250.89,131,0,0,0,0,,0,0.4,0,0.003064351532988745,0.003,Low,1.13
MPLAD-2157,H.D. KUMARASWAMY,Karnataka,MANDYA,147000000.0,School Building,Vendor_005,4715232.58,4715232.58,4733344.77,4715232.58,183,0,0,0,0,,0,0.4,0,0.00019791439031619526,0.0,Low,0.94
MPLAD-2158,H.D. KUMARASWAMY,Karnataka,MANDYA,147000000.0,School Building,Vendor_022,6297103.9,6297103.9,6295589.37,11012336.48,101,0,0,0,0,,0,0.0,1,0.011295265695825776,0.4,Medium,1.26
MPLAD-2159,H.D. KUMARASWAMY,Karnataka,MANDYA,147000000.0,Community Hall,Vendor_022,1099028.08,1099028.08,1084194.15,12111364.56,263,0,0,0,0,,0,1.3,1,9.12521716608457e-05,0.4,Medium,0.39
MPLAD-2160,H.D. KUMARASWAMY,Karnataka,MANDYA,147000000.0,Drinking Water Supply,Vendor_015,1733598.38,1733598.38,1719316.28,13844962.94,251,0,0,0,0,,0,0.8,0,0.0016307085503156989,0.002,Low,0.79
MPLAD-2161,HARENDRA SINGH MALIK,Uttar Pradesh,MUZAFFARNAGAR,147000000.0,Sports Infrastructure,Vendor_018,7706186.84,7706186.84,10603674.58,7706186.84,162,1,0,0,1,,0,37.6,0,0.9974306017607367,0.997,High,2.57
MPLAD-2162,HARENDRA SINGH MALIK,Uttar Pradesh,MUZAFFARNAGAR,147000000.0,Drinking Water Supply,Vendor_022,5698416.8,5698416.8,5619765.37,13404603.63,193,1,0,0,0,,0,1.4,1,0.9841597249680412,0.984,High,2.59
MPLAD-2163,HARENDRA SINGH MALIK,Uttar Pradesh,MUZAFFARNAGAR,147000000.0,Health Sub-Centre,Vendor_005,6700383.44,6700383.44,6619305.13,20104987.08,221,0,0,0,0,,0,1.2,0,0.24198657296240547,0.242,Low,1.6
MPLAD-2164,HARENDRA SINGH MALIK,Uttar Pradesh,MUZAFFARNAGAR,147000000.0,Health Sub-Centre,Vendor_022,3285193.19,3285193.19,3231175.35,23390180.27,218,0,0,0,0,,0,1.6,1,0.00016598604779479497,0.4,Medium,0.78
MPLAD-2165,HARENDRA SINGH MALIK,Uttar Pradesh,MUZAFFARNAGAR,147000000.0,Road Construction,Vendor_006,4370395.8,4370395.8,4446641.08,27760576.07,231,0,0,0,0,,0,1.7,0,0.009864471528570262,0.01,Low,1.25
MPLAD-2166,HARENDRA SINGH MALIK,Uttar Pradesh,MUZAFFARNAGAR,147000000.0,School Building,Vendor_012,5176382.94,5176382.94,7003467.15,32936959.01,189,0,0,0,1,,0,35.3,0,0.0005808859938848611,0.833,High,1.04
MPLAD-2167,HARENDRA SINGH MALIK,Uttar Pradesh,MUZAFFARNAGAR,147000000.0,Community Hall,Vendor_009,1511572.37,1511572.37,1490337.09,34448531.38,202,0,0,0,0,,0,1.4,0,6.248018883712978e-05,0.0,Low,0.54
MPLAD-2168,HARIBHAI PATEL,Gujarat,MAHESANA,147000000.0,Drinking Water Supply,Vendor_020,3068786.32,3068786.32,3009661.65,3068786.32,159,0,1,0,0,DUPGRP-2168,0,1.9,0,0.027424050183946086,0.75,High,1.39
MPLAD-2169,HARIBHAI PATEL,Gujarat,MAHESANA,147000000.0,Drinking Water Supply,Vendor_025,2977366.73,2977366.73,3029585.95,6046153.04,169,0,1,0,0,DUPGRP-2168,0,1.8,0,0.01993601477330281,0.75,High,1.35
MPLAD-2170,HARIBHAI PATEL,Gujarat,MAHESANA,147000000.0,Solar Street Lighting,Vendor_017,1872686.15,1872686.15,1881232.39,7918839.19,165,0,0,0,0,,0,0.5,1,0.016744940168923216,0.4,Medium,1.25
MPLAD-2171,HARIBHAI PATEL,Gujarat,MAHESANA,147000000.0,Drinking Water Supply,Vendor_004,3676516.46,3676516.46,3618139.51,11595355.64,239,0,0,0,0,,0,1.6,1,0.17870538381859366,0.4,Medium,1.67
MPLAD-2172,HARIBHAI PATEL,Gujarat,MAHESANA,147000000.0,Drinking Water Supply,Vendor_007,4319474.7,4319474.7,4350074.08,15914830.35,160,1,0,0,0,,0,0.7,0,0.5406281550793967,0.541,Medium,1.96
MPLAD-2173,HARIBHAI PATEL,Gujarat,MAHESANA,147000000.0,Community Hall,Vendor_018,5259433.56,5259433.56,5262048.25,21174263.91,128,1,0,0,0,,0,0.0,0,0.48150369413706384,0.482,Medium,1.88
MPLAD-2174,HARIBHAI PATEL,Gujarat,MAHESANA,147000000.0,Drinking Water Supply,Vendor_010,3120898.09,3120898.09,3141733.88,24295162.0,145,0,0,0,0,,0,0.7,0,0.03519167067811138,0.035,Low,1.42
MPLAD-2175,HARIBHAI PATEL,Gujarat,MAHESANA,147000000.0,Community Hall,Vendor_004,3403110.12,3403110.12,3349970.99,27698272.13,222,0,0,0,0,,0,1.6,1,0.003975794885480203,0.4,Medium,1.22
MPLAD-2176,HARISH CHANDRA MEENA TONK-SAWAI,Rajasthan,MADHOPUR,147000000.0,Solar Street Lighting,Vendor_023,839961.41,839961.41,842632.29,839961.41,165,0,0,0,0,,0,0.3,0,0.0008737517454018989,0.001,Low,0.56
MPLAD-2177,HARISH CHANDRA MEENA TONK-SAWAI,Rajasthan,MADHOPUR,147000000.0,Sports Infrastructure,Vendor_017,1105617.8,1105617.8,1432724.68,1945579.21,217,0,0,0,1,,0,29.6,1,2.147725053245494e-05,1.0,High,0.37
MPLAD-2178,HARISH CHANDRA MEENA TONK-SAWAI,Rajasthan,MADHOPUR,147000000.0,Road Construction,Vendor_018,3274356.46,3274356.46,3241645.15,5219935.67,189,0,0,0,0,,0,1.0,0,0.0004450521433863333,0.0,Low,0.94
MPLAD-2179,HARISH CHANDRA MEENA TONK-SAWAI,Rajasthan,MADHOPUR,147000000.0,Sports Infrastructure,Vendor_014,2000351.12,2000351.12,2622394.26,7220286.78,149,0,0,0,1,,0,31.1,0,0.0001433310310881593,0.791,High,0.67
MPLAD-2180,HARISH CHANDRA MEENA TONK-SAWAI,Rajasthan,MADHOPUR,147000000.0,Community Hall,Vendor_002,6863594.5,6863594.5,6730188.09,14083881.28,240,1,0,0,0,,0,1.9,0,0.9092631128604287,0.909,High,2.45
MPLAD-2181,HARISH CHANDRA MEENA TONK-SAWAI,Rajasthan,MADHOPUR,147000000.0,Solar Street Lighting,Vendor_007,1740016.85,1740016.85,1705788.85,15823898.13,175,0,0,0,0,,0,2.0,0,0.012326844460612453,0.012,Low,1.16
MPLAD-2182,HARISH CHANDRA MEENA TONK-SAWAI,Rajasthan,MADHOPUR,147000000.0,Drinking Water Supply,Vendor_025,3995534.15,3995534.15,4071540.31,19819432.28,238,1,0,0,0,,0,1.9,0,0.34449662024531036,0.344,Medium,1.82
MPLAD-2183,Harsh Malhotra EAST,Delhi,DELHI,147134131.0,Health Sub-Centre,Vendor_017,5576165.49,5576165.49,5514804.65,5576165.49,135,0,0,0,0,,0,1.1,1,0.010866115977960767,0.4,Medium,1.33
MPLAD-2184,Harsh Malhotra EAST,Delhi,DELHI,147134131.0,Drinking Water Supply,Vendor_022,1383111.37,1383111.37,1400257.14,6959276.86,175,0,0,0,0,,0,1.2,1,0.00022234238642014962,0.4,Medium,0.63
MPLAD-2185,Harsh Malhotra EAST,Delhi,DELHI,147134131.0,Community Hall,Vendor_016,3766756.78,3766756.78,3829247.87,10726033.64,30,0,0,0,0,,0,1.7,0,0.09463285898226342,0.095,Low,1.35
MPLAD-2186,Harsh Malhotra EAST,Delhi,DELHI,147134131.0,Health Sub-Centre,Vendor_004,4315188.31,4315188.31,4380325.99,15041221.95,150,0,0,0,0,,0,1.5,1,0.000634131613799333,0.4,Medium,1.03
MPLAD-2187,Hasmukh Bhai Soma Bhai Patel AHMEDABAD,Gujarat,EAST,147000000.0,Drinking Water Supply,Vendor_007,1528448.28,1528448.28,2131610.06,1528448.28,157,0,0,0,1,,0,39.5,0,0.0003770075919475273,0.85,High,0.69
MPLAD-2188,Hasmukh Bhai Soma Bhai Patel AHMEDABAD,Gujarat,EAST,147000000.0,Drinking Water Supply,Vendor_006,5882470.62,5882470.62,5862881.77,7410918.9,125,1,0,0,0,,0,0.3,0,0.9883218011452434,0.988,High,2.67
MPLAD-2189,Hasmukh Bhai Soma Bhai Patel AHMEDABAD,Gujarat,EAST,147000000.0,School Building,Vendor_014,8995912.96,8995912.96,8965780.6,16406831.85,244,1,0,0,0,,0,0.3,0,0.6944775316868002,0.694,High,1.8
MPLAD-2190,Hasmukh Bhai Soma Bhai Patel AHMEDABAD,Gujarat,EAST,147000000.0,Sports Infrastructure,Vendor_013,2345230.22,2345230.22,2318146.1,18752062.07,149,0,0,0,0,,0,1.2,0,0.0003274578533634063,0.0,Low,0.78
MPLAD-2191,Hasmukh Bhai Soma Bhai Patel AHMEDABAD,Gujarat,EAST,147000000.0,Community Hall,Vendor_017,2876962.0,2876962.0,2852203.57,21629024.07,77,0,0,0,0,,0,0.9,1,0.011402135094729593,0.4,Medium,1.03
MPLAD-2192,Hasmukh Bhai Soma Bhai Patel AHMEDABAD,Gujarat,EAST,147000000.0,Sports Infrastructure,Vendor_002,3238171.31,3238171.31,3288773.13,24867195.38,129,0,0,0,0,,0,1.6,0,0.0040334626018737425,0.004,Low,1.08
MPLAD-2193,IMRAN MASOOD,Uttar Pradesh,SAHARANPUR,147000000.0,Sports Infrastructure,Vendor_007,3202250.4,3202250.4,3151982.93,3202250.4,167,0,1,0,0,DUPGRP-2193,0,1.6,0,0.0025293652209316723,0.75,High,1.07
MPLAD-2194,IMRAN MASOOD,Uttar Pradesh,SAHARANPUR,147000000.0,Sports Infrastructure,Vendor_007,3186912.31,3186912.31,3125018.73,6389162.7,163,0,1,0,0,DUPGRP-2193,0,1.9,0,0.002491454658771968,0.75,High,1.06
MPLAD-2195,IMRAN MASOOD,Uttar Pradesh,SAHARANPUR,147000000.0,Solar Street Lighting,Vendor_008,1270198.16,1270198.16,1264995.01,7659360.86,191,0,0,0,0,,0,0.4,0,0.0036650942176723322,0.004,Low,0.85
MPLAD-2196,IMRAN MASOOD,Uttar Pradesh,SAHARANPUR,147000000.0,Health Sub-Centre,Vendor_021,9423562.36,9423562.36,9255114.53,17082923.21,188,1,0,0,0,,0,1.8,0,0.9833683915994101,0.983,High,2.24
MPLAD-2197,IMRAN MASOOD,Uttar Pradesh,SAHARANPUR,147000000.0,Community Hall,Vendor_020,2140366.57,2140366.57,2168453.27,19223289.78,135,0,0,0,0,,0,1.3,0,0.0005638300930926969,0.001,Low,0.76
MPLAD-2198,IMRAN MASOOD,Uttar Pradesh,SAHARANPUR,147000000.0,School Building,Vendor_002,2282015.99,2282015.99,2754102.86,21505305.77,122,0,0,0,1,,0,20.7,0,3.2736173789110047e-06,0.687,High,0.46
MPLAD-2199,Indra Hang Subba,Sikkim,SIKKIM,152003923.11,Solar Street Lighting,Vendor_006,1565767.56,1565767.56,1576998.29,1565767.56,247,0,0,0,0,,0,0.7,0,0.015284427601588078,0.015,Low,1.04
MPLAD-2200,Indra Hang Subba,Sikkim,SIKKIM,152003923.11,Sports Infrastructure,Vendor_022,3461532.34,3461532.34,3415917.7,5027299.89,162,0,0,0,0,,0,1.3,1,0.005227676041121619,0.4,Medium,1.15
MPLAD-2201,Indra Hang Subba,Sikkim,SIKKIM,152003923.11,Road Construction,Vendor_004,3520903.2,3520903.2,3551525.83,8548203.09,155,0,0,0,0,,0,0.9,1,0.0008104541784580085,0.4,Medium,1.01
MPLAD-2202,Indra Hang Subba,Sikkim,SIKKIM,152003923.11,Health Sub-Centre,Vendor_019,5265987.66,5265987.66,5194292.27,13814190.75,122,0,0,0,0,,0,1.4,0,0.00540056733582879,0.005,Low,1.25
MPLAD-2203,Indra Hang Subba,Sikkim,SIKKIM,152003923.11,Road Construction,Vendor_017,5090508.22,5090508.22,5012858.77,18904698.97,230,0,0,0,0,,0,1.5,1,0.05552555524507336,0.4,Medium,1.45
MPLAD-2204,Indra Hang Subba,Sikkim,SIKKIM,152003923.11,Drinking Water Supply,Vendor_010,1182573.92,1182573.92,1204571.29,20087272.89,180,0,0,0,0,,0,1.9,0,0.00013052732095294886,0.0,Low,0.54
MPLAD-2205,Indra Hang Subba,Sikkim,SIKKIM,152003923.11,Health Sub-Centre,Vendor_001,3596734.78,3596734.78,3598546.23,23684007.67,314,0,0,1,0,,0,0.1,0,0.0029203460832801457,0.003,Low,0.86
MPLAD-2206,IQRA CHOUDHARY,Uttar Pradesh,KAIRANA,147000000.0,School Building,Vendor_024,5727260.51,5727260.51,5675617.19,5727260.51,177,0,0,0,0,,0,0.9,0,0.002040552446199489,0.002,Low,1.15
MPLAD-2207,IQRA CHOUDHARY,Uttar Pradesh,KAIRANA,147000000.0,Community Hall,Vendor_009,899273.58,899273.58,909608.96,6626534.09,184,0,0,0,0,,0,1.1,0,2.070906465740706e-05,0.0,Low,0.32
MPLAD-2208,IQRA CHOUDHARY,Uttar Pradesh,KAIRANA,147000000.0,Health Sub-Centre,Vendor_002,3939538.5,3939538.5,3862601.69,10566072.59,209,0,0,0,0,,0,2.0,0,0.0005399113085592766,0.001,Low,0.94
MPLAD-2209,IQRA CHOUDHARY,Uttar Pradesh,KAIRANA,147000000.0,Solar Street Lighting,Vendor_006,2076751.42,2076751.42,2883761.12,12642824.01,249,0,0,0,1,,0,38.9,0,0.059368404186679616,0.85,High,1.38
MPLAD-2210,IQRA CHOUDHARY,Uttar Pradesh,KAIRANA,147000000.0,Health Sub-Centre,Vendor_005,3575253.26,3575253.26,3574791.36,16218077.27,67,0,0,0,0,,0,0.0,0,0.00046595658212065166,0.0,Low,0.85
MPLAD-2211,IQRA CHOUDHARY,Uttar Pradesh,KAIRANA,147000000.0,Community Hall,Vendor_015,3796097.07,3796097.07,3833879.99,20014174.34,204,0,0,0,0,,0,1.0,0,0.010117471295557758,0.01,Low,1.36
MPLAD-2212,IQRA CHOUDHARY,Uttar Pradesh,KAIRANA,147000000.0,Road Construction,Vendor_022,7493004.76,7493004.76,9848746.08,27507179.1,123,1,0,0,1,,0,31.4,1,0.9545419686735798,1.0,High,2.14
MPLAD-2213,ISHA KHAN CHOUDHURY MALDAHA,West Bengal,DAKSHIN,147000000.0,Health Sub-Centre,Vendor_022,5598940.02,5598940.02,5652350.32,5598940.02,150,0,0,0,0,,0,1.0,1,0.01218869880445132,0.4,Medium,1.33
MPLAD-2214,ISHA KHAN CHOUDHURY MALDAHA,West Bengal,DAKSHIN,147000000.0,School Building,Vendor_013,6318521.23,6318521.23,6438930.31,11917461.25,123,0,0,0,0,,0,1.9,0,0.00982532679461381,0.01,Low,1.26
MPLAD-2215,ISHA KHAN CHOUDHURY MALDAHA,West Bengal,DAKSHIN,147000000.0,Road Construction,Vendor_008,2969149.77,2969149.77,2993567.56,14886611.02,106,0,0,0,0,,0,0.8,0,0.0004729313666906601,0.0,Low,0.85
MPLAD-2216,ISHA KHAN CHOUDHURY MALDAHA,West Bengal,DAKSHIN,147000000.0,Sports Infrastructure,Vendor_007,2363301.24,2363301.24,3197816.09,17249912.26,226,0,0,0,1,,0,35.3,0,0.00033372638511690203,0.833,High,0.79
MPLAD-2217,ISHA KHAN CHOUDHURY MALDAHA,West Bengal,DAKSHIN,147000000.0,Road Construction,Vendor_017,3966107.47,3966107.47,4706738.79,21216019.73,220,0,0,0,1,,0,18.7,1,0.0032778596162354075,1.0,High,1.13
MPLAD-2218,JAGADISH CHANDRA BARMA BASUNIA,West Bengal,COOCHBEHAR(SC),168604641.11,Drinking Water Supply,Vendor_009,1627240.03,1627240.03,1640570.11,1627240.03,236,0,0,0,0,,0,0.8,0,0.00081494913831148,0.001,Low,0.74
MPLAD-2219,JAGADISH CHANDRA BARMA BASUNIA,West Bengal,COOCHBEHAR(SC),168604641.11,Road Construction,Vendor_004,4448911.17,4448911.17,4410592.59,6076151.2,178,0,0,0,0,,0,0.9,1,0.008714686755080438,0.4,Medium,1.27
MPLAD-2220,JAGADISH CHANDRA BARMA BASUNIA,West Bengal,COOCHBEHAR(SC),168604641.11,Solar Street Lighting,Vendor_006,1123398.11,1123398.11,1134250.91,7199549.31,173,0,0,0,0,,0,1.0,0,0.002030128110806799,0.002,Low,0.75
MPLAD-2221,JAGADISH SHETTAR,Karnataka,BELGAUM,147000000.0,School Building,Vendor_021,6741811.51,6741811.51,6850886.99,6741811.51,153,0,0,0,0,,0,1.6,0,0.022856565501379357,0.023,Low,1.35
MPLAD-2222,JAGADISH SHETTAR,Karnataka,BELGAUM,147000000.0,Road Construction,Vendor_017,3802842.6,3802842.6,3734334.34,10544654.11,118,0,0,0,0,,0,1.8,1,0.002503087116840931,0.4,Medium,1.09
MPLAD-2223,JAGADISH SHETTAR,Karnataka,BELGAUM,147000000.0,School Building,Vendor_021,5906077.47,5906077.47,5993091.46,16450731.58,155,0,0,0,0,,0,1.5,0,0.0031908688956954977,0.003,Low,1.18
MPLAD-2224,JAGADISH SHETTAR,Karnataka,BELGAUM,147000000.0,Sports Infrastructure,Vendor_017,5097695.19,5097695.19,5077296.69,21548426.77,215,0,0,0,0,,0,0.4,1,0.24988894772852643,0.4,Medium,1.7
MPLAD-2225,JAGADISH SHETTAR,Karnataka,BELGAUM,147000000.0,Road Construction,Vendor_018,1701705.2,1701705.2,1707871.48,23250131.97,277,0,0,1,0,,0,0.4,0,0.00010942841073035753,0.0,Low,0.49
MPLAD-2226,JAGADISH SHETTAR,Karnataka,BELGAUM,147000000.0,Drinking Water Supply,Vendor_004,2348853.07,2348853.07,2309602.16,25598985.04,244,0,0,0,0,,0,1.7,1,0.0063458873067885405,0.4,Medium,1.07
MPLAD-2227,JAGADISH SHETTAR,Karnataka,BELGAUM,147000000.0,Sports Infrastructure,Vendor_021,1251097.95,1251097.95,1268135.38,26850082.99,196,0,0,0,0,,0,1.4,0,2.3200685286243497e-05,0.0,Low,0.42
MPLAD-2228,JAGADISH SHETTAR,Karnataka,BELGAUM,147000000.0,Community Hall,Vendor_016,2465938.81,2465938.81,2463170.78,29316021.8,242,0,0,0,0,,0,0.1,0,0.0006292590530750915,0.001,Low,0.88
MPLAD-2229,Jagannath Sarkar,West Bengal,RANAGHAT(SC),147000000.0,Solar Street Lighting,Vendor_016,1503190.77,1503190.77,1510612.81,1503190.77,69,0,0,0,0,,0,0.5,0,0.009982784596074034,0.01,Low,1.0
MPLAD-2230,Jagannath Sarkar,West Bengal,RANAGHAT(SC),147000000.0,Solar Street Lighting,Vendor_009,1957038.58,1957038.58,2251094.54,3460229.35,120,0,0,0,1,,0,15.0,0,0.01811230449650727,0.63,Medium,1.3
MPLAD-2231,Jagannath Sarkar,West Bengal,RANAGHAT(SC),147000000.0,Community Hall,Vendor_009,2643513.56,2643513.56,2635544.02,6103742.91,260,0,0,0,0,,0,0.3,0,0.00124324647416593,0.001,Low,0.94
MPLAD-2232,Jagannath Sarkar,West Bengal,RANAGHAT(SC),147000000.0,Health Sub-Centre,Vendor_007,3667857.25,3667857.25,4617870.41,9771600.17,116,0,0,0,1,,0,25.9,0,0.0001886951911249823,0.739,High,0.87
MPLAD-2233,Jagdambika Pal,Uttar Pradesh,DOMARIYAGANJ,160643957.11,Sports Infrastructure,Vendor_022,1963891.14,1963891.14,2497701.08,1963891.14,218,0,0,0,1,,0,27.2,1,0.00012693587610564886,1.0,High,0.65
MPLAD-2234,Jagdambika Pal,Uttar Pradesh,DOMARIYAGANJ,160643957.11,Community Hall,Vendor_004,2040903.03,2040903.03,2000898.05,4004794.17,230,0,0,0,0,,0,2.0,1,0.00022406625891368238,0.4,Medium,0.73
MPLAD-2235,Jagdambika Pal,Uttar Pradesh,DOMARIYAGANJ,160643957.11,Drinking Water Supply,Vendor_016,1288511.23,1288511.23,1294292.33,5293305.4,186,0,1,0,0,DUPGRP-2235,0,0.4,0,0.00017075592165459496,0.75,High,0.59
MPLAD-2236,Jagdambika Pal,Uttar Pradesh,DOMARIYAGANJ,160643957.11,Drinking Water Supply,Vendor_016,1254138.45,1254138.45,1252260.42,6547443.85,183,0,1,0,0,DUPGRP-2235,0,0.1,0,0.00015615197642033238,0.75,High,0.57
MPLAD-2237,Jagdambika Pal,Uttar Pradesh,DOMARIYAGANJ,160643957.11,Sports Infrastructure,Vendor_009,5735714.74,5735714.74,5767734.27,12283158.59,248,1,0,0,0,,0,0.6,0,0.5139719291495756,0.514,Medium,1.91
MPLAD-2238,Jagdambika Pal,Uttar Pradesh,DOMARIYAGANJ,160643957.11,Sports Infrastructure,Vendor_007,3151657.27,3151657.27,3129254.97,15434815.86,118,0,0,0,0,,0,0.7,0,0.003800631473079723,0.004,Low,1.05
MPLAD-2239,Jagdambika Pal,Uttar Pradesh,DOMARIYAGANJ,160643957.11,Road Construction,Vendor_006,4558876.51,4558876.51,5386953.27,19993692.37,241,0,0,0,1,,0,18.2,0,0.016933999940026107,0.662,High,1.3
MPLAD-2240,Jagdambika Pal,Uttar Pradesh,DOMARIYAGANJ,160643957.11,Solar Street Lighting,Vendor_004,1139215.46,1139215.46,1155323.08,21132907.83,188,0,0,0,0,,0,1.4,1,0.002440573505026448,0.4,Medium,0.76
MPLAD-2241,Jagdambika Pal,Uttar Pradesh,DOMARIYAGANJ,160643957.11,Drinking Water Supply,Vendor_004,3700665.92,3700665.92,3747963.08,24833573.75,294,1,0,1,0,,0,1.3,1,0.36878239544425395,0.4,Medium,1.68
MPLAD-2242,JAI PARKASH,Haryana,HISAR,147000000.0,School Building,Vendor_021,10215840.08,10215840.08,10132683.78,10215840.08,125,1,0,0,0,,0,0.8,0,0.962386520660224,0.962,High,2.04
MPLAD-2243,JAI PARKASH,Haryana,HISAR,147000000.0,Health Sub-Centre,Vendor_004,1904904.57,1904904.57,1874793.56,12120744.65,324,0,0,1,0,,0,1.6,1,0.000477253516856713,0.4,Medium,0.45
MPLAD-2244,JAI PARKASH,Haryana,HISAR,147000000.0,Drinking Water Supply,Vendor_006,3349155.17,3349155.17,3415766.81,15469899.82,227,1,1,0,0,DUPGRP-2244,0,2.0,0,0.06933349365221818,0.75,High,1.52
MPLAD-2245,JAI PARKASH,Haryana,HISAR,147000000.0,Drinking Water Supply,Vendor_006,3355804.38,3355804.38,3413325.83,18825704.19,224,0,1,0,0,DUPGRP-2244,0,1.7,0,0.06843521726587161,0.75,High,1.53
MPLAD-2246,JAI PARKASH,Haryana,HISAR,147000000.0,Drinking Water Supply,Vendor_011,1105309.62,1105309.62,1123075.85,19931013.81,169,0,0,0,0,,0,1.6,0,0.00011315279404627939,0.0,Low,0.5
MPLAD-2247,JAI PARKASH,Haryana,HISAR,147000000.0,Solar Street Lighting,Vendor_013,1543695.71,1543695.71,1522766.05,21474709.52,179,0,0,0,0,,0,1.4,0,0.007183656760371648,0.007,Low,1.03
MPLAD-2248,JAI PARKASH,Haryana,HISAR,147000000.0,Health Sub-Centre,Vendor_003,3710650.68,3710650.68,3709991.03,25185360.2,198,0,0,0,0,,0,0.0,0,0.00026975147059397995,0.0,Low,0.88
MPLAD-2249,Jai Prakash HARDOI,Uttar Pradesh,(SC),147000000.0,School Building,Vendor_010,5837404.02,5837404.02,5875067.87,5837404.02,121,0,1,0,0,DUPGRP-2249,0,0.6,0,0.0034075146638455085,0.75,High,1.17
MPLAD-2250,Jai Prakash HARDOI,Uttar Pradesh,(SC),147000000.0,School Building,Vendor_010,6029457.48,6029457.48,6009523.59,11866861.5,107,0,1,0,0,DUPGRP-2249,0,0.3,0,0.006016269279160925,0.75,High,1.21
MPLAD-2251,Jai Prakash HARDOI,Uttar Pradesh,(SC),147000000.0,Sports Infrastructure,Vendor_009,3568644.62,3568644.62,3552878.22,15435506.11,202,0,0,0,0,,0,0.4,0,0.005977639672976546,0.006,Low,1.19
MPLAD-2252,Jai Prakash HARDOI,Uttar Pradesh,(SC),147000000.0,Community Hall,Vendor_022,2796182.18,2796182.18,2774189.64,18231688.29,225,0,1,0,0,DUPGRP-2252,0,0.8,1,0.0010317052013652747,1.0,High,1.0
MPLAD-2253,Jai Prakash HARDOI,Uttar Pradesh,(SC),147000000.0,Community Hall,Vendor_022,2844130.73,2844130.73,2846939.41,21075819.02,221,0,1,0,0,DUPGRP-2252,0,0.1,1,0.0011157343989169853,1.0,High,1.02
MPLAD-2254,Jai Prakash HARDOI,Uttar Pradesh,(SC),147000000.0,Solar Street Lighting,Vendor_025,678821.04,678821.04,685747.57,21754640.06,132,0,0,0,0,,0,1.0,0,0.0005761558786004144,0.001,Low,0.45
MPLAD-2255,Jai Prakash HARDOI,Uttar Pradesh,(SC),147000000.0,Road Construction,Vendor_022,3151332.63,3151332.63,4326349.45,24905972.7,108,0,0,0,1,,0,37.3,1,0.0006732447429860025,1.0,High,0.9
MPLAD-2256,Jai Prakash HARDOI,Uttar Pradesh,(SC),147000000.0,School Building,Vendor_025,4937785.01,4937785.01,4914550.68,29843757.71,191,0,0,0,0,,0,0.5,0,0.0003400093497795112,0.0,Low,0.99
MPLAD-2257,Jai Prakash HARDOI,Uttar Pradesh,(SC),147000000.0,Community Hall,Vendor_010,1235178.43,1235178.43,1235794.77,31078936.14,198,0,0,0,0,,0,0.0,0,3.671696204141453e-05,0.0,Low,0.44
MPLAD-2258,Janardan Mishra,Madhya Pradesh,REWA,147000000.0,School Building,Vendor_017,4132681.85,4132681.85,4052339.49,4132681.85,197,0,0,0,0,,0,1.9,1,6.0864899864565985e-05,0.4,Medium,0.83
MPLAD-2259,Janardan Mishra,Madhya Pradesh,REWA,147000000.0,Sports Infrastructure,Vendor_009,3572085.08,3572085.08,3535985.78,7704766.93,284,0,0,1,0,,0,1.0,0,0.006642395605149324,0.007,Low,1.19
MPLAD-2260,Janardan Mishra,Madhya Pradesh,REWA,147000000.0,Solar Street Lighting,Vendor_024,1379664.22,1379664.22,1392103.94,9084431.15,129,0,0,0,0,,0,0.9,0,0.0036942436940527066,0.004,Low,0.92
MPLAD-2261,Janardan Mishra,Madhya Pradesh,REWA,147000000.0,Drinking Water Supply,Vendor_022,2715617.57,2715617.57,2701573.56,11800048.72,145,0,0,0,0,,0,0.5,1,0.011232919928552585,0.4,Medium,1.23
MPLAD-2262,Janardan Mishra,Madhya Pradesh,REWA,147000000.0,Drinking Water Supply,Vendor_003,4697082.24,4697082.24,4624969.02,16497130.96,144,1,0,0,0,,0,1.5,0,0.7854516359381878,0.785,High,2.14
MPLAD-2263,Janardan Mishra,Madhya Pradesh,REWA,147000000.0,Sports Infrastructure,Vendor_014,2417005.73,2417005.73,2387559.11,18914136.69,204,0,0,0,0,,0,1.2,0,0.0003265055767443966,0.0,Low,0.81
MPLAD-2264,Janardan Mishra,Madhya Pradesh,REWA,147000000.0,Sports Infrastructure,Vendor_010,2860097.34,2860097.34,2848042.49,21774234.03,202,0,0,0,0,,0,0.4,0,0.000963444973387938,0.001,Low,0.95
MPLAD-2265,JASHUBHAI BHILUBHAI RATHVA CHHOTA,Gujarat,UDAIPUR(ST),147000000.0,School Building,Vendor_023,5687583.51,5687583.51,5656689.07,5687583.51,113,0,0,0,0,,0,0.5,0,0.0026787698713196177,0.003,Low,1.14
MPLAD-2266,JASHUBHAI BHILUBHAI RATHVA CHHOTA,Gujarat,UDAIPUR(ST),147000000.0,School Building,Vendor_020,4271960.86,4271960.86,5716014.82,9959544.37,203,0,0,0,1,,0,33.8,0,8.693789142811767e-05,0.818,High,0.85
MPLAD-2267,JASHUBHAI BHILUBHAI RATHVA CHHOTA,Gujarat,UDAIPUR(ST),147000000.0,Health Sub-Centre,Vendor_010,4281011.6,4281011.6,4306926.46,14240555.97,101,0,0,0,0,,0,0.6,0,0.0007937343956392096,0.001,Low,1.02
MPLAD-2268,JASHUBHAI BHILUBHAI RATHVA CHHOTA,Gujarat,UDAIPUR(ST),147000000.0,Road Construction,Vendor_009,2762468.35,2762468.35,2732287.88,17003024.32,179,0,0,0,0,,0,1.1,0,0.00012359078786281763,0.0,Low,0.79
MPLAD-2269,JASHUBHAI BHILUBHAI RATHVA CHHOTA,Gujarat,UDAIPUR(ST),147000000.0,School Building,Vendor_025,3745488.05,3745488.05,3786153.56,20748512.36,199,0,0,0,0,,0,1.1,0,2.8021723451975543e-05,0.0,Low,0.75
MPLAD-2270,JASHUBHAI BHILUBHAI RATHVA CHHOTA,Gujarat,UDAIPUR(ST),147000000.0,Sports Infrastructure,Vendor_002,4048203.97,4048203.97,4115724.57,24796716.33,129,0,0,0,0,,0,1.7,0,0.033302872155913626,0.033,Low,1.35
MPLAD-2271,Jaswantsinh Sumanbhai Bhabhor,Gujarat,DAHOD(ST),147000000.0,School Building,Vendor_011,6723542.09,6723542.09,6641832.4,6723542.09,142,0,0,0,0,,0,1.2,0,0.02247003684322623,0.022,Low,1.34
MPLAD-2272,Jaswantsinh Sumanbhai Bhabhor,Gujarat,DAHOD(ST),147000000.0,Drinking Water Supply,Vendor_006,3178979.23,3178979.23,3235840.9,9902521.33,137,0,0,0,0,,0,1.8,0,0.04413349865914993,0.044,Low,1.44
MPLAD-2273,Jaswantsinh Sumanbhai Bhabhor,Gujarat,DAHOD(ST),147000000.0,Sports Infrastructure,Vendor_002,2743345.46,2743345.46,2723729.54,12645866.79,149,0,0,0,0,,0,0.7,0,0.0008852158948741121,0.001,Low,0.91
MPLAD-2274,Jaswantsinh Sumanbhai Bhabhor,Gujarat,DAHOD(ST),147000000.0,Road Construction,Vendor_013,8323215.6,8323215.6,8397132.79,20969082.39,230,1,0,0,0,,0,0.9,0,0.9898372817600167,0.99,High,2.38
MPLAD-2275,Jaswantsinh Sumanbhai Bhabhor,Gujarat,DAHOD(ST),147000000.0,Drinking Water Supply,Vendor_022,2512222.78,2512222.78,2472675.13,23481305.17,135,0,0,0,0,,0,1.6,1,0.0071542447604014126,0.4,Medium,1.14
MPLAD-2276,JITAN RAM MANJHI GAYA,Bihar,(SC),147000000.0,Solar Street Lighting,Vendor_006,2203646.65,2203646.65,2201464.74,2203646.65,193,0,1,0,0,DUPGRP-2276,0,0.1,0,0.057081871507422374,0.75,High,1.47
MPLAD-2277,JITAN RAM MANJHI GAYA,Bihar,(SC),147000000.0,Solar Street Lighting,Vendor_006,2266161.03,2266161.03,2268218.46,4469807.68,203,0,1,0,0,DUPGRP-2276,0,0.1,0,0.07464534856502965,0.75,High,1.51
MPLAD-2278,JITAN RAM MANJHI GAYA,Bihar,(SC),147000000.0,Health Sub-Centre,Vendor_014,4547070.87,4547070.87,4545841.97,9016878.55,245,0,0,0,0,,0,0.0,0,0.003971767297305692,0.004,Low,1.08
MPLAD-2279,JITAN RAM MANJHI GAYA,Bihar,(SC),147000000.0,Solar Street Lighting,Vendor_004,1166397.31,1166397.31,1171347.95,10183275.86,233,0,0,0,0,,0,0.4,1,0.004545329665225574,0.4,Medium,0.78
MPLAD-2280,JITAN RAM MANJHI GAYA,Bihar,(SC),147000000.0,Drinking Water Supply,Vendor_018,2472220.69,2472220.69,3308760.78,12655496.55,134,0,0,0,1,,0,33.8,0,0.006495982698257138,0.818,High,1.12
MPLAD-2281,JITAN RAM MANJHI GAYA,Bihar,(SC),147000000.0,Solar Street Lighting,Vendor_002,2377978.36,2377978.36,2359345.48,15033474.91,167,0,0,0,0,,0,0.8,0,0.07405258093388771,0.074,Low,1.59
MPLAD-2282,JITENDRA KUMAR DOHARE,Uttar Pradesh,ETAWAH(SC),188747306.26,Health Sub-Centre,Vendor_024,3290518.95,3290518.95,3324203.06,3290518.95,167,0,0,0,0,,0,1.0,0,7.47404502877612e-05,0.0,Low,0.78
MPLAD-2283,JITENDRA KUMAR DOHARE,Uttar Pradesh,ETAWAH(SC),188747306.26,Community Hall,Vendor_019,1977638.74,1977638.74,1986515.1,5268157.69,232,0,0,0,0,,0,0.4,0,0.00020351253585019024,0.0,Low,0.71
MPLAD-2284,JITENDRA KUMAR DOHARE,Uttar Pradesh,ETAWAH(SC),188747306.26,Road Construction,Vendor_015,2171720.81,2171720.81,2196901.32,7439878.5,179,0,0,0,0,,0,1.2,0,3.257187893492257e-05,0.0,Low,0.62
MPLAD-2285,JITENDRA KUMAR DOHARE,Uttar Pradesh,ETAWAH(SC),188747306.26,Community Hall,Vendor_011,2043551.63,2043551.63,2038124.45,9483430.14,150,0,0,0,0,,0,0.3,0,0.0003232038321485582,0.0,Low,0.73
MPLAD-2286,JITENDRA KUMAR DOHARE,Uttar Pradesh,ETAWAH(SC),188747306.26,Community Hall,Vendor_018,5017201.24,5017201.24,6373123.43,14500631.37,173,0,0,0,1,,0,27.0,0,0.2231773963955302,0.75,High,1.79
MPLAD-2287,Jitendra Singh,Jammu And Kashmir,UDHAMPUR,147000000.0,Road Construction,Vendor_008,6792631.23,6792631.23,6774448.77,6792631.23,129,1,1,0,0,DUPGRP-2287,0,0.3,0,0.8072042947862816,0.807,High,1.94
MPLAD-2288,Jitendra Singh,Jammu And Kashmir,UDHAMPUR,147000000.0,Road Construction,Vendor_016,6625283.62,6625283.62,6620179.74,13417914.85,123,0,1,0,0,DUPGRP-2287,0,0.1,0,0.7360189371501157,0.75,High,1.89
MPLAD-2289,Jitendra Singh,Jammu And Kashmir,UDHAMPUR,147000000.0,Health Sub-Centre,Vendor_003,2548991.2,2548991.2,2533865.26,15966906.05,245,0,0,0,0,,0,0.6,0,8.61631972029193e-05,0.0,Low,0.61
MPLAD-2290,Jitendra Singh,Jammu And Kashmir,UDHAMPUR,147000000.0,Drinking Water Supply,Vendor_001,1623885.92,1623885.92,1637032.65,17590791.97,222,0,0,0,0,,0,0.8,0,0.00058984530616029,0.001,Low,0.74
MPLAD-2291,Jitendra Singh,Jammu And Kashmir,UDHAMPUR,147000000.0,Solar Street Lighting,Vendor_011,965297.23,965297.23,952396.15,18556089.2,278,0,0,1,0,,0,1.3,0,0.004513309223620981,0.005,Low,0.64
MPLAD-2292,Jitendra Singh,Jammu And Kashmir,UDHAMPUR,147000000.0,Drinking Water Supply,Vendor_011,2409484.45,2409484.45,2425710.95,20965573.66,151,0,0,0,0,,0,0.7,0,0.004455441612524932,0.004,Low,1.1
MPLAD-2293,Jitendra Singh,Jammu And Kashmir,UDHAMPUR,147000000.0,Drinking Water Supply,Vendor_006,2254657.7,2254657.7,2260169.87,23220231.36,187,0,0,0,0,,0,0.2,0,0.0023677593621618336,0.002,Low,1.02
MPLAD-2294,JITIN PRASADA,Uttar Pradesh,PILIBHIT,147000000.0,Health Sub-Centre,Vendor_025,4978104.29,4978104.29,5010070.17,4978104.29,196,0,0,0,0,,0,0.6,0,0.004530433088742363,0.005,Low,1.19
MPLAD-2295,JITIN PRASADA,Uttar Pradesh,PILIBHIT,147000000.0,School Building,Vendor_019,5531572.39,5531572.39,5477844.7,10509676.67,108,0,0,0,0,,0,1.0,0,0.0020462155298766375,0.002,Low,1.11
MPLAD-2296,JITIN PRASADA,Uttar Pradesh,PILIBHIT,147000000.0,Solar Street Lighting,Vendor_011,1546208.4,1546208.4,1554959.34,12055885.07,229,0,0,0,0,,0,0.6,0,0.012314926840298859,0.012,Low,1.03
MPLAD-2297,JITIN PRASADA,Uttar Pradesh,PILIBHIT,147000000.0,School Building,Vendor_021,5734864.89,5734864.89,5773957.29,17790749.96,159,0,0,0,0,,0,0.7,0,0.0021044647360586224,0.002,Low,1.15
MPLAD-2298,JITIN PRASADA,Uttar Pradesh,PILIBHIT,147000000.0,Drinking Water Supply,Vendor_004,4405289.01,4405289.01,4333650.89,22196038.97,192,1,0,0,0,,0,1.6,1,0.5907473845764812,0.591,Medium,2.0
MPLAD-2299,JITIN PRASADA,Uttar Pradesh,PILIBHIT,147000000.0,Sports Infrastructure,Vendor_022,8192024.9,8192024.9,8201826.04,30388063.87,144,1,0,0,0,,0,0.1,1,0.999076864773875,0.999,High,2.73
MPLAD-2300,JOBA MAJHI,Jharkhand,SINGHBHUM(ST),147000000.0,School Building,Vendor_007,4518759.2,4518759.2,4435664.31,4518759.2,210,0,0,0,0,,0,1.8,0,0.00015974711119310625,0.0,Low,0.9
MPLAD-2301,JOBA MAJHI,Jharkhand,SINGHBHUM(ST),147000000.0,Road Construction,Vendor_005,4102808.02,4102808.02,4182928.23,8621567.22,142,0,0,0,0,,0,2.0,0,0.0039049864248718643,0.004,Low,1.17
MPLAD-2302,JOBA MAJHI,Jharkhand,SINGHBHUM(ST),147000000.0,Drinking Water Supply,Vendor_022,963244.65,963244.65,1315129.82,9584811.88,150,0,0,0,1,,0,36.5,1,0.00010002275620136695,1.0,High,0.44
MPLAD-2303,JOBA MAJHI,Jharkhand,SINGHBHUM(ST),147000000.0,Solar Street Lighting,Vendor_002,2706626.7,2706626.7,2681473.12,12291438.57,218,1,0,0,0,,0,0.9,0,0.25562011105559485,0.256,Low,1.8
MPLAD-2304,JOBA MAJHI,Jharkhand,SINGHBHUM(ST),147000000.0,Community Hall,Vendor_022,2743265.95,2743265.95,2702810.82,15034704.53,211,0,0,0,0,,0,1.5,1,0.000854034047652519,0.4,Medium,0.98
MPLAD-2305,JOBA MAJHI,Jharkhand,SINGHBHUM(ST),147000000.0,School Building,Vendor_022,10700188.24,10700188.24,10873501.12,25734892.77,109,1,0,0,0,,0,1.6,1,0.9760467699588301,0.976,High,2.14
MPLAD-2306,JOYANTA BASUMATARY KOKRAJHAR,Assam,(ST),147000000.0,School Building,Vendor_017,5633437.45,5633437.45,5641691.31,5633437.45,188,0,0,0,0,,0,0.1,1,0.0016777830253420468,0.4,Medium,1.13
MPLAD-2307,JOYANTA BASUMATARY KOKRAJHAR,Assam,(ST),147000000.0,Community Hall,Vendor_003,2680097.72,2680097.72,2629080.65,8313535.17,155,0,0,0,0,,0,1.9,0,0.0011976523532393666,0.001,Low,0.96
MPLAD-2308,JOYANTA BASUMATARY KOKRAJHAR,Assam,(ST),147000000.0,Drinking Water Supply,Vendor_025,1249957.47,1249957.47,1265742.39,9563492.64,214,0,1,0,0,DUPGRP-2308,0,1.3,0,0.00019727147847358955,0.75,High,0.57
MPLAD-2309,JOYANTA BASUMATARY KOKRAJHAR,Assam,(ST),147000000.0,Drinking Water Supply,Vendor_013,1240283.84,1240283.84,1221174.98,10803776.47,203,0,1,0,0,DUPGRP-2308,0,1.5,0,0.00016616587130372778,0.75,High,0.56
MPLAD-2310,JOYANTA BASUMATARY KOKRAJHAR,Assam,(ST),147000000.0,Health Sub-Centre,Vendor_006,6063982.69,6063982.69,6161534.26,16867759.16,97,0,1,0,0,DUPGRP-2310,0,1.6,0,0.03215327854475801,0.75,High,1.44
MPLAD-2311,JOYANTA BASUMATARY KOKRAJHAR,Assam,(ST),147000000.0,Health Sub-Centre,Vendor_006,6068032.06,6068032.06,6016611.43,22935791.22,83,0,1,0,0,DUPGRP-2310,0,0.8,0,0.03453271514660726,0.75,High,1.44
MPLAD-2312,JUNE MALIAH,West Bengal,MEDINIPUR,147000000.0,Drinking Water Supply,Vendor_024,1236869.08,1236869.08,1251023.84,1236869.08,193,0,0,0,0,,0,1.1,0,0.00015268820277001015,0.0,Low,0.56
MPLAD-2313,JUNE MALIAH,West Bengal,MEDINIPUR,147000000.0,Solar Street Lighting,Vendor_002,1839646.91,1839646.91,1803900.97,3076515.99,137,0,1,0,0,DUPGRP-2313,0,1.9,0,0.013158814780847414,0.75,High,1.23
MPLAD-2314,JUNE MALIAH,West Bengal,MEDINIPUR,147000000.0,Solar Street Lighting,Vendor_016,1881162.59,1881162.59,1899185.97,4957678.58,141,0,1,0,0,DUPGRP-2313,0,1.0,0,0.014961532178202713,0.75,High,1.25
MPLAD-2315,JUNE MALIAH,West Bengal,MEDINIPUR,147000000.0,Sports Infrastructure,Vendor_013,2485911.2,2485911.2,2443339.99,7443589.78,233,0,0,0,0,,0,1.7,0,0.0004692437227551833,0.0,Low,0.83
MPLAD-2316,JUNE MALIAH,West Bengal,MEDINIPUR,147000000.0,Sports Infrastructure,Vendor_017,3496634.61,3496634.61,3494651.4,10940224.39,218,0,0,0,0,,0,0.1,1,0.004940402073375103,0.4,Medium,1.17
MPLAD-2317,JUNE MALIAH,West Bengal,MEDINIPUR,147000000.0,Drinking Water Supply,Vendor_020,2353691.41,2353691.41,2332983.94,13293915.81,185,0,0,0,0,,0,0.9,0,0.0031375804382204947,0.003,Low,1.07
MPLAD-2318,JYOTIRADITYA M. SCINDIA,Madhya Pradesh,GUNA,147000000.0,Road Construction,Vendor_008,8281509.65,8281509.65,8194591.63,8281509.65,196,1,0,0,0,,0,1.0,0,0.9922686827823345,0.992,High,2.37
MPLAD-2319,JYOTIRADITYA M. SCINDIA,Madhya Pradesh,GUNA,147000000.0,Solar Street Lighting,Vendor_004,2056170.63,2056170.63,2025593.72,10337680.28,230,0,0,0,0,,0,1.5,1,0.05117058884854971,0.4,Medium,1.37
MPLAD-2320,JYOTIRADITYA M. SCINDIA,Madhya Pradesh,GUNA,147000000.0,Solar Street Lighting,Vendor_013,1916923.85,1916923.85,1936966.34,12254604.14,222,0,0,0,0,,0,1.0,0,0.03267644828032067,0.033,Low,1.28
MPLAD-2321,JYOTIRADITYA M. SCINDIA,Madhya Pradesh,GUNA,147000000.0,Drinking Water Supply,Vendor_017,2236646.37,2236646.37,2255468.89,14491250.51,184,0,0,0,0,,0,0.8,1,0.0022474938558845236,0.4,Medium,1.02
MPLAD-2322,JYOTIRADITYA M. SCINDIA,Madhya Pradesh,GUNA,147000000.0,Drinking Water Supply,Vendor_017,1788906.86,1788906.86,1784705.64,16280157.37,230,0,1,0,0,DUPGRP-2322,0,0.2,1,0.0010660717183502333,1.0,High,0.81
MPLAD-2323,JYOTIRADITYA M. SCINDIA,Madhya Pradesh,GUNA,147000000.0,Drinking Water Supply,Vendor_017,1726742.78,1726742.78,1726298.85,18006900.15,240,0,1,0,0,DUPGRP-2322,0,0.0,1,0.0011626647218708301,1.0,High,0.78
MPLAD-2324,JYOTIRADITYA M. SCINDIA,Madhya Pradesh,GUNA,147000000.0,Community Hall,Vendor_015,4340626.18,4340626.18,4305619.99,22347526.33,141,0,0,0,0,,0,0.8,0,0.07714471136065766,0.077,Low,1.55
MPLAD-2325,JYOTIRADITYA M. SCINDIA,Madhya Pradesh,GUNA,147000000.0,Road Construction,Vendor_011,6310918.33,6310918.33,6354074.64,28658444.66,208,1,0,0,0,,0,0.7,0,0.554241117925423,0.554,Medium,1.8
MPLAD-2326,Jyotsna Charandas Mahant,Chhattisgarh,KORBA,155153738.11,School Building,Vendor_006,2357249.02,2357249.02,2343213.36,2357249.02,239,0,0,0,0,,0,0.6,0,5.9497801964503335e-06,0.0,Low,0.47
MPLAD-2327,Jyotsna Charandas Mahant,Chhattisgarh,KORBA,155153738.11,Solar Street Lighting,Vendor_007,1694967.19,1694967.19,1725642.8,4052216.21,184,0,0,0,0,,0,1.8,0,0.01175308482488236,0.012,Low,1.13
MPLAD-2328,Jyotsna Charandas Mahant,Chhattisgarh,KORBA,155153738.11,Road Construction,Vendor_019,3072920.31,3072920.31,3065340.37,7125136.52,250,0,1,0,0,DUPGRP-2328,0,0.2,0,0.000666021951990624,0.75,High,0.88
MPLAD-2329,Jyotsna Charandas Mahant,Chhattisgarh,KORBA,155153738.11,Road Construction,Vendor_013,3128659.36,3128659.36,3145745.63,10253795.88,248,0,1,0,0,DUPGRP-2328,0,0.5,0,0.0007204879831698152,0.75,High,0.89
MPLAD-2330,Jyotsna Charandas Mahant,Chhattisgarh,KORBA,155153738.11,Solar Street Lighting,Vendor_013,1892273.4,1892273.4,1857774.29,12146069.28,226,0,0,0,0,,0,1.8,0,0.03152827054053882,0.032,Low,1.26
MPLAD-2331,Jyotsna Charandas Mahant,Chhattisgarh,KORBA,155153738.11,Community Hall,Vendor_006,2086149.65,2086149.65,2062975.95,14232218.93,232,0,0,0,0,,0,1.1,0,0.00025211979435009913,0.0,Low,0.75
MPLAD-2332,Jyotsna Charandas Mahant,Chhattisgarh,KORBA,155153738.11,Drinking Water Supply,Vendor_021,1609795.8,1609795.8,1592019.69,15842014.73,62,0,0,0,0,,0,1.1,0,0.0032727929338155055,0.003,Low,0.73
MPLAD-2333,Jyotsna Charandas Mahant,Chhattisgarh,KORBA,155153738.11,Drinking Water Supply,Vendor_001,4821155.68,4821155.68,4747179.93,20663170.41,163,1,0,0,0,,0,1.5,0,0.8382644703314662,0.838,High,2.19
MPLAD-2334,Jyotsna Charandas Mahant,Chhattisgarh,KORBA,155153738.11,Community Hall,Vendor_022,3193682.04,3193682.04,3137289.62,23856852.45,134,0,1,0,0,DUPGRP-2334,0,1.8,1,0.006018462534064206,1.0,High,1.14
MPLAD-2335,Jyotsna Charandas Mahant,Chhattisgarh,KORBA,155153738.11,Community Hall,Vendor_003,3102357.1,3102357.1,3122750.12,26959209.55,135,0,1,0,0,DUPGRP-2334,0,0.7,0,0.004770474810969374,0.75,High,1.11
MPLAD-2336,K E PRAKASH,Tamil Nadu,ERODE,147000000.0,School Building,Vendor_004,7122806.79,7122806.79,7161446.98,7122806.79,290,0,0,1,0,,0,0.5,1,0.058002280594048404,0.4,Medium,1.42
MPLAD-2337,K E PRAKASH,Tamil Nadu,ERODE,147000000.0,School Building,Vendor_017,10701406.17,10701406.17,10685618.61,17824212.96,191,1,0,0,0,,0,0.1,1,0.9854367214849967,0.985,High,2.14
MPLAD-2338,K E PRAKASH,Tamil Nadu,ERODE,147000000.0,Drinking Water Supply,Vendor_022,1974207.53,1974207.53,1997959.88,19798420.49,243,0,0,0,0,,0,1.2,1,0.002355518431168322,0.4,Medium,0.9
MPLAD-2339,K E PRAKASH,Tamil Nadu,ERODE,147000000.0,School Building,Vendor_022,5385174.89,5385174.89,5449638.87,25183595.37,166,0,0,0,0,,0,1.2,1,0.0009104414066637809,0.4,Medium,1.08
MPLAD-2340,K E PRAKASH,Tamil Nadu,ERODE,147000000.0,Community Hall,Vendor_022,2660808.22,2660808.22,2633571.6,27844403.59,176,0,0,0,0,,0,1.0,1,0.0008322346529649824,0.4,Medium,0.95
MPLAD-2341,K E PRAKASH,Tamil Nadu,ERODE,147000000.0,Sports Infrastructure,Vendor_016,4992392.96,4992392.96,5051946.45,32836796.55,202,1,0,0,0,,0,1.2,0,0.21890759332436355,0.219,Low,1.66
MPLAD-2342,K E PRAKASH,Tamil Nadu,ERODE,147000000.0,Drinking Water Supply,Vendor_018,1537029.61,1537029.61,1532445.04,34373826.16,143,0,0,0,0,,0,0.3,0,0.0004694407802517803,0.0,Low,0.7
MPLAD-2343,K RADHAKRISHNAN,Kerala,ALATHUR(SC),147000000.0,Drinking Water Supply,Vendor_017,1302012.54,1302012.54,1297162.76,1302012.54,238,0,0,0,0,,0,0.4,1,0.00038683573662879727,0.4,Medium,0.59
MPLAD-2344,K RADHAKRISHNAN,Kerala,ALATHUR(SC),147000000.0,School Building,Vendor_023,8089782.22,8089782.22,8104501.79,9391794.76,129,0,0,0,0,,0,0.2,0,0.33286837246840423,0.333,Medium,1.62
MPLAD-2345,K RADHAKRISHNAN,Kerala,ALATHUR(SC),147000000.0,Road Construction,Vendor_005,4936264.12,4936264.12,5013262.67,14328058.87,163,0,1,0,0,DUPGRP-2345,0,1.6,0,0.03132614523727166,0.75,High,1.41
MPLAD-2346,K RADHAKRISHNAN,Kerala,ALATHUR(SC),147000000.0,Road Construction,Vendor_005,5072638.18,5072638.18,5055737.9,19400697.05,173,0,1,0,0,DUPGRP-2345,0,0.3,0,0.044452817010932434,0.75,High,1.45
MPLAD-2347,K Subbarayan,Tamil Nadu,TIRUPPUR,147000000.0,Road Construction,Vendor_012,3813017.77,3813017.77,3844145.06,3813017.77,144,0,0,0,0,,0,0.8,0,0.0018324021442193647,0.002,Low,1.09
MPLAD-2348,K Subbarayan,Tamil Nadu,TIRUPPUR,147000000.0,Drinking Water Supply,Vendor_004,3668114.55,3668114.55,3649029.81,7481132.32,149,0,1,0,0,DUPGRP-2348,0,0.5,1,0.15012314526140622,1.0,High,1.67
MPLAD-2349,K Subbarayan,Tamil Nadu,TIRUPPUR,147000000.0,Drinking Water Supply,Vendor_004,3653142.71,3653142.71,3723198.28,11134275.03,142,0,1,0,0,DUPGRP-2348,0,1.9,1,0.1494840222289192,1.0,High,1.66
MPLAD-2350,K Subbarayan,Tamil Nadu,TIRUPPUR,147000000.0,Drinking Water Supply,Vendor_022,2874185.74,2874185.74,2850761.78,14008460.77,197,0,0,0,0,,0,0.8,1,0.014476199700396562,0.4,Medium,1.31
MPLAD-2351,K Subbarayan,Tamil Nadu,TIRUPPUR,147000000.0,School Building,Vendor_007,5174252.43,5174252.43,5074431.67,19182713.2,204,0,0,0,0,,0,1.9,0,0.0006373896115767196,0.001,Low,1.03
MPLAD-2352,K Subbarayan,Tamil Nadu,TIRUPPUR,147000000.0,Health Sub-Centre,Vendor_014,3007878.16,3007878.16,2998697.29,22190591.36,122,0,0,0,0,,0,0.3,0,4.8808393100399885e-05,0.0,Low,0.72
MPLAD-2353,K Subbarayan,Tamil Nadu,TIRUPPUR,147000000.0,Solar Street Lighting,Vendor_009,941134.92,941134.92,957375.53,23131726.27,191,0,0,0,0,,0,1.7,0,0.0014423019991641856,0.001,Low,0.63
MPLAD-2354,K Subbarayan,Tamil Nadu,TIRUPPUR,147000000.0,Health Sub-Centre,Vendor_022,2859083.09,2859083.09,2895997.44,25990809.37,220,0,0,0,0,,0,1.3,1,7.582266028345459e-05,0.4,Medium,0.68
MPLAD-2355,K Subbarayan,Tamil Nadu,TIRUPPUR,147000000.0,Community Hall,Vendor_017,3171539.24,3171539.24,3157473.21,29162348.6,108,0,0,0,0,,0,0.4,1,0.010233869218585438,0.4,Medium,1.13
MPLAD-2356,K. C VENUGOPAL,Kerala,ALAPPUZHA,147000000.0,Health Sub-Centre,Vendor_013,3763478.28,3763478.28,3797035.72,3763478.28,110,0,0,0,0,,0,0.9,0,0.0002477871372224708,0.0,Low,0.9
MPLAD-2357,K. C VENUGOPAL,Kerala,ALAPPUZHA,147000000.0,Health Sub-Centre,Vendor_019,5988276.05,5988276.05,5933359.67,9751754.33,155,0,0,0,0,,0,0.9,0,0.03096836894825776,0.031,Low,1.43
MPLAD-2358,K. C VENUGOPAL,Kerala,ALAPPUZHA,147000000.0,Health Sub-Centre,Vendor_014,4643146.16,4643146.16,4640999.32,14394900.49,224,0,0,0,0,,0,0.0,0,0.0033281629836746833,0.003,Low,1.11
MPLAD-2359,K. C VENUGOPAL,Kerala,ALAPPUZHA,147000000.0,School Building,Vendor_020,5160843.93,5160843.93,5135690.31,19555744.42,150,0,0,0,0,,0,0.5,0,0.0005727599121697058,0.001,Low,1.03
MPLAD-2360,K. C VENUGOPAL,Kerala,ALAPPUZHA,147000000.0,Sports Infrastructure,Vendor_022,3758981.7,3758981.7,4858846.68,23314726.12,206,0,0,0,1,,0,29.3,1,0.009792461467087319,1.0,High,1.25
MPLAD-2361,K. C VENUGOPAL,Kerala,ALAPPUZHA,147000000.0,Drinking Water Supply,Vendor_010,2583070.74,2583070.74,3552512.7,25897796.86,87,0,0,0,1,,0,37.5,0,0.016712604285113387,0.85,High,1.17
MPLAD-2362,K. C VENUGOPAL,Kerala,ALAPPUZHA,147000000.0,Drinking Water Supply,Vendor_024,1683315.36,1683315.36,1705720.87,27581112.22,107,0,0,0,0,,0,1.3,0,0.001376954423447676,0.001,Low,0.77
MPLAD-2363,K. C VENUGOPAL,Kerala,ALAPPUZHA,147000000.0,Community Hall,Vendor_005,6097780.35,6097780.35,6109537.8,33678892.57,133,1,0,0,0,,0,0.2,0,0.8619798742335731,0.862,High,2.18
MPLAD-2364,K. RAJASHEKAR BASAVARAJ HITNAL,Karnataka,KOPPAL,147000000.0,Sports Infrastructure,Vendor_015,3833278.62,3833278.62,3808386.25,3833278.62,215,0,0,0,0,,0,0.6,0,0.011702883774089649,0.012,Low,1.28
MPLAD-2365,K. RAJASHEKAR BASAVARAJ HITNAL,Karnataka,KOPPAL,147000000.0,Community Hall,Vendor_022,2552051.66,2552051.66,3005650.94,6385330.28,247,0,0,0,1,,0,17.8,1,0.0008131274149024255,1.0,High,0.91
MPLAD-2366,K. RAJASHEKAR BASAVARAJ HITNAL,Karnataka,KOPPAL,147000000.0,Drinking Water Supply,Vendor_007,4083382.68,4083382.68,4061549.41,10468712.96,179,1,0,0,0,,0,0.5,0,0.35618201032462526,0.356,Medium,1.86
MPLAD-2367,KADIYAM KAVYA,Telangana,WARANGEL(SC),147000000.0,School Building,Vendor_007,2359692.42,2359692.42,2382332.8,2359692.42,219,0,0,0,0,,0,1.0,0,3.403087314373558e-06,0.0,Low,0.47
MPLAD-2368,KADIYAM KAVYA,Telangana,WARANGEL(SC),147000000.0,Drinking Water Supply,Vendor_021,1766821.59,1766821.59,1755242.53,4126514.01,173,0,0,0,0,,0,0.7,0,0.0006243759882759835,0.001,Low,0.8
MPLAD-2369,KADIYAM KAVYA,Telangana,WARANGEL(SC),147000000.0,Road Construction,Vendor_006,2535093.78,2535093.78,2523436.53,6661607.79,233,0,0,0,0,,0,0.5,0,0.00014936283006719824,0.0,Low,0.72
MPLAD-2370,KADIYAM KAVYA,Telangana,WARANGEL(SC),147000000.0,Road Construction,Vendor_022,2923068.13,2923068.13,2874864.85,9584675.92,251,0,0,0,0,,0,1.6,1,0.0004965820288519648,0.4,Medium,0.84
MPLAD-2371,KADIYAM KAVYA,Telangana,WARANGEL(SC),147000000.0,School Building,Vendor_022,3898586.04,3898586.04,3826460.32,13483261.96,140,0,0,0,0,,0,1.9,1,4.025766064295329e-05,0.4,Medium,0.78
MPLAD-2372,KADIYAM KAVYA,Telangana,WARANGEL(SC),147000000.0,Drinking Water Supply,Vendor_007,2902921.34,2902921.34,2898088.21,16386183.3,145,0,1,0,0,DUPGRP-2372,0,0.2,0,0.01905624160726366,0.75,High,1.32
MPLAD-2373,KADIYAM KAVYA,Telangana,WARANGEL(SC),147000000.0,Drinking Water Supply,Vendor_007,2851143.81,2851143.81,2841834.13,19237327.11,157,0,1,0,0,DUPGRP-2372,0,0.3,0,0.014865784527195327,0.75,High,1.3
MPLAD-2374,Kakoli Ghosh Dastidar,West Bengal,BARASAT,147000000.0,Drinking Water Supply,Vendor_025,5195266.51,5195266.51,5191463.55,5195266.51,132,1,1,0,0,DUPGRP-2374,0,0.1,0,0.9355853456545189,0.936,High,2.36
MPLAD-2375,Kakoli Ghosh Dastidar,West Bengal,BARASAT,147000000.0,Drinking Water Supply,Vendor_022,5153977.8,5153977.8,5140573.37,10349244.31,124,0,1,0,0,DUPGRP-2374,0,0.3,1,0.9256895828409142,1.0,High,2.34
MPLAD-2376,Kakoli Ghosh Dastidar,West Bengal,BARASAT,147000000.0,School Building,Vendor_018,4898214.92,4898214.92,4870626.88,15247459.23,163,0,0,0,0,,0,0.6,0,0.00029657960049713254,0.0,Low,0.98
MPLAD-2377,Kakoli Ghosh Dastidar,West Bengal,BARASAT,147000000.0,Solar Street Lighting,Vendor_009,1183505.27,1183505.27,1200469.92,16430964.5,173,0,0,0,0,,0,1.4,0,0.002408032197526721,0.002,Low,0.79
MPLAD-2378,Kakoli Ghosh Dastidar,West Bengal,BARASAT,147000000.0,Health Sub-Centre,Vendor_003,4110417.03,4110417.03,5072979.76,20541381.53,170,0,0,0,1,,0,23.4,0,0.00045016208905615247,0.714,High,0.98
MPLAD-2379,Patel Umeshbhai Babubhai,Dadra and Nagar Haveli and Daman and Diu,DAMAN AND DIU,50000000.0,School Building,Vendor_025,3947933.59,3947933.59,5415565.14,3947933.59,118,0,0,0,1,,0,37.2,0,6.485762633454912e-05,0.85,High,0.79
MPLAD-2380,Patel Umeshbhai Babubhai,Dadra and Nagar Haveli and Daman and Diu,DAMAN AND DIU,50000000.0,Sports Infrastructure,Vendor_012,2304451.67,2304451.67,2274329.57,6252385.26,176,0,0,0,0,,0,1.3,0,0.00024364700338398842,0.0,Low,0.77
MPLAD-2381,Patel Umeshbhai Babubhai,Dadra and Nagar Haveli and Daman and Diu,DAMAN AND DIU,50000000.0,Health Sub-Centre,Vendor_020,4021314.28,4021314.28,4096945.18,10273699.53,194,0,0,0,0,,0,1.9,0,0.0004977935504074912,0.0,Low,0.96
MPLAD-2382,Kalanidhi Veeraswamy CHENNAI,Tamil Nadu,NORTH,171500000.0,Community Hall,Vendor_013,2833026.99,2833026.99,2889317.4,2833026.99,198,0,0,0,0,,0,2.0,0,0.0010529036373664175,0.001,Low,1.01
MPLAD-2383,Kalanidhi Veeraswamy CHENNAI,Tamil Nadu,NORTH,171500000.0,Sports Infrastructure,Vendor_025,5388446.82,5388446.82,7133504.95,8221473.81,266,0,0,0,1,,0,32.4,0,0.25962863127766334,0.804,High,1.8
MPLAD-2384,Kalanidhi Veeraswamy CHENNAI,Tamil Nadu,NORTH,171500000.0,Health Sub-Centre,Vendor_017,4851516.11,4851516.11,4792013.75,13072989.92,140,0,0,0,0,,0,1.2,1,0.002094809385633671,0.4,Medium,1.16
MPLAD-2385,Kalanidhi Veeraswamy CHENNAI,Tamil Nadu,NORTH,171500000.0,School Building,Vendor_021,3600321.37,3600321.37,3567839.56,16673311.28,220,0,0,0,0,,0,0.9,0,2.920002265974973e-05,0.0,Low,0.72
MPLAD-2386,Kalanidhi Veeraswamy CHENNAI,Tamil Nadu,NORTH,171500000.0,Community Hall,Vendor_001,1899091.41,1899091.41,1936650.2,18572402.69,241,0,0,0,0,,0,2.0,0,0.00020387918848948912,0.0,Low,0.68
MPLAD-2387,Kalanidhi Veeraswamy CHENNAI,Tamil Nadu,NORTH,171500000.0,Road Construction,Vendor_021,3907236.04,3907236.04,3891497.57,22479638.73,216,0,1,0,0,DUPGRP-2387,0,0.4,0,0.0027169244463501616,0.75,High,1.12
MPLAD-2388,Kalanidhi Veeraswamy CHENNAI,Tamil Nadu,NORTH,171500000.0,Road Construction,Vendor_015,3909703.6,3909703.6,3979180.13,26389342.33,206,0,1,0,0,DUPGRP-2387,0,1.8,0,0.002484588966457521,0.75,High,1.12
MPLAD-2389,Kalanidhi Veeraswamy CHENNAI,Tamil Nadu,NORTH,171500000.0,Community Hall,Vendor_016,2945991.63,2945991.63,2970347.16,29335333.95,122,0,0,0,0,,0,0.8,0,0.004497493819887078,0.004,Low,1.05
MPLAD-2390,KALI CHARAN MUNDA,Jharkhand,KHUNTI(ST),147000000.0,Sports Infrastructure,Vendor_019,4433212.97,4433212.97,4398812.32,4433212.97,184,0,0,0,0,,0,0.8,0,0.0632147766453104,0.063,Low,1.48
MPLAD-2391,KALI CHARAN MUNDA,Jharkhand,KHUNTI(ST),147000000.0,Health Sub-Centre,Vendor_017,8757322.61,8757322.61,8837225.99,13190535.58,114,1,0,0,0,,0,0.9,1,0.8870322081702322,0.887,High,2.09
MPLAD-2392,KALI CHARAN MUNDA,Jharkhand,KHUNTI(ST),147000000.0,Road Construction,Vendor_009,8796829.88,8796829.88,8622882.11,21987365.46,233,1,0,0,0,,0,2.0,0,0.995476849998887,0.995,High,2.51
MPLAD-2393,KALI CHARAN MUNDA,Jharkhand,KHUNTI(ST),147000000.0,Solar Street Lighting,Vendor_017,867704.53,867704.53,864062.82,22855069.99,311,0,0,1,0,,0,0.4,1,0.004827399681066294,0.4,Medium,0.58
MPLAD-2394,KALI CHARAN MUNDA,Jharkhand,KHUNTI(ST),147000000.0,Road Construction,Vendor_019,4605466.4,4605466.4,4645157.59,27460536.39,106,0,0,0,0,,0,0.9,0,0.0211831550281536,0.021,Low,1.32
MPLAD-2395,KALI CHARAN SINGH,Jharkhand,CHATRA,147000000.0,Community Hall,Vendor_023,3731614.14,3731614.14,3742018.57,3731614.14,131,0,0,0,0,,0,0.3,0,0.022345330428477184,0.022,Low,1.33
MPLAD-2396,KALI CHARAN SINGH,Jharkhand,CHATRA,147000000.0,Health Sub-Centre,Vendor_016,3084264.64,3084264.64,3123485.96,6815878.78,188,0,0,0,0,,0,1.3,0,6.197459199573371e-05,0.0,Low,0.73
MPLAD-2397,KALI CHARAN SINGH,Jharkhand,CHATRA,147000000.0,Health Sub-Centre,Vendor_018,3165265.83,3165265.83,3228456.03,9981144.61,132,0,0,0,0,,0,2.0,0,5.8978441364495065e-05,0.0,Low,0.75
MPLAD-2398,KALI CHARAN SINGH,Jharkhand,CHATRA,147000000.0,Drinking Water Supply,Vendor_004,2354643.52,2354643.52,3070415.12,12335788.13,127,0,0,0,1,,0,30.4,1,0.005215440552110206,1.0,High,1.07
MPLAD-2399,KALI CHARAN SINGH,Jharkhand,CHATRA,147000000.0,Road Construction,Vendor_016,2814259.27,2814259.27,2865380.92,15150047.4,237,0,0,0,0,,0,1.8,0,0.0002937702009850785,0.0,Low,0.8
MPLAD-2400,KALIPADA SAREN,West Bengal,JHARGRAM(ST),147000000.0,Sports Infrastructure,Vendor_025,4391782.95,4391782.95,4306552.53,4391782.95,59,0,0,0,0,,0,1.9,0,0.13813987734719535,0.138,Low,1.46
MPLAD-2401,KALIPADA SAREN,West Bengal,JHARGRAM(ST),147000000.0,Solar Street Lighting,Vendor_002,1588905.87,1588905.87,1602657.48,5980688.83,181,0,0,0,0,,0,0.9,0,0.008357500699355537,0.008,Low,1.06
MPLAD-2402,KALIPADA SAREN,West Bengal,JHARGRAM(ST),147000000.0,School Building,Vendor_001,4228435.42,4228435.42,4251254.46,10209124.25,177,0,0,0,0,,0,0.5,0,6.64114956414204e-05,0.0,Low,0.85
MPLAD-2403,KALIPADA SAREN,West Bengal,JHARGRAM(ST),147000000.0,Road Construction,Vendor_020,6459569.53,6459569.53,6475170.65,16668693.78,175,1,0,0,0,,0,0.2,0,0.6489801970920386,0.649,Medium,1.85
MPLAD-2404,KALIPADA SAREN,West Bengal,JHARGRAM(ST),147000000.0,Drinking Water Supply,Vendor_021,1603207.38,1603207.38,1575441.62,18271901.16,60,0,1,0,0,DUPGRP-2404,0,1.7,0,0.0033804465972619773,0.75,High,0.73
MPLAD-2405,KALIPADA SAREN,West Bengal,JHARGRAM(ST),147000000.0,Drinking Water Supply,Vendor_021,1653960.97,1653960.97,1666655.52,19925862.12,70,0,1,0,0,DUPGRP-2404,0,0.8,0,0.002981565539777905,0.75,High,0.75
MPLAD-2406,KALIPADA SAREN,West Bengal,JHARGRAM(ST),147000000.0,School Building,Vendor_012,3806423.5,3806423.5,3764935.77,23732285.63,284,0,0,1,0,,0,1.1,0,0.0002320179100901805,0.0,Low,0.76
MPLAD-2407,Kalyan Banerjee,West Bengal,SREERAMPUR,147000000.0,Solar Street Lighting,Vendor_012,856509.72,856509.72,841024.1,856509.72,206,0,0,0,0,,0,1.8,0,0.0013695743051138894,0.001,Low,0.57
MPLAD-2408,Kalyan Banerjee,West Bengal,SREERAMPUR,147000000.0,Sports Infrastructure,Vendor_017,3337825.92,3337825.92,3387344.81,4194335.63,201,0,0,0,0,,0,1.5,1,0.0032710760134177087,0.4,Medium,1.11
MPLAD-2409,Kalyan Banerjee,West Bengal,SREERAMPUR,147000000.0,Road Construction,Vendor_024,3836241.97,3836241.97,3827035.95,8030577.6,244,0,0,0,0,,0,0.2,0,0.003247170752272936,0.003,Low,1.1
MPLAD-2410,Kalyan Banerjee,West Bengal,SREERAMPUR,147000000.0,School Building,Vendor_022,4415894.66,4415894.66,4360764.85,12446472.26,261,0,0,0,0,,0,1.2,1,0.0003370696705942853,0.4,Medium,0.88
MPLAD-2411,Kalyan Banerjee,West Bengal,SREERAMPUR,147000000.0,Health Sub-Centre,Vendor_018,2608296.54,2608296.54,2558189.3,15054768.8,126,0,0,0,0,,0,1.9,0,2.23892233424746e-05,0.0,Low,0.62
MPLAD-2412,Kalyan Banerjee,West Bengal,SREERAMPUR,147000000.0,Solar Street Lighting,Vendor_002,1646074.42,1646074.42,1957934.32,16700843.22,196,0,0,0,1,,0,18.9,0,0.011523094647253486,0.669,High,1.1
MPLAD-2413,Kalyan Banerjee,West Bengal,SREERAMPUR,147000000.0,School Building,Vendor_016,5327170.33,5327170.33,5315197.57,22028013.56,97,0,0,0,0,,0,0.2,0,0.0015939728371141887,0.002,Low,1.07
MPLAD-2414,Kalyan Banerjee,West Bengal,SREERAMPUR,147000000.0,Road Construction,Vendor_012,6514904.01,6514904.01,6391987.14,28542917.56,85,1,0,0,0,,0,1.9,0,0.6946169659342443,0.695,High,1.86
MPLAD-2415,KALYAN VAIJINATHRAO KALE,Maharashtra,JALNA,147000000.0,Health Sub-Centre,Vendor_022,2997204.33,2997204.33,3007906.96,2997204.33,206,0,0,0,0,,0,0.4,1,7.202575359802516e-05,0.4,Medium,0.71
MPLAD-2416,KALYAN VAIJINATHRAO KALE,Maharashtra,JALNA,147000000.0,Solar Street Lighting,Vendor_015,1352787.96,1352787.96,1327776.76,4349992.29,176,0,1,0,0,DUPGRP-2416,0,1.8,0,0.004012775117806689,0.75,High,0.9
MPLAD-2417,KALYAN VAIJINATHRAO KALE,Maharashtra,JALNA,147000000.0,Solar Street Lighting,Vendor_015,1404478.78,1404478.78,1431800.73,5754471.07,184,0,1,0,0,DUPGRP-2416,0,1.9,0,0.005023438179285644,0.75,High,0.94
MPLAD-2418,KALYAN VAIJINATHRAO KALE,Maharashtra,JALNA,147000000.0,Drinking Water Supply,Vendor_015,3084937.4,3084937.4,3629823.44,8839408.47,101,0,0,0,1,,0,17.7,0,0.04766321408433405,0.657,Medium,1.4
MPLAD-2419,KALYAN VAIJINATHRAO KALE,Maharashtra,JALNA,147000000.0,Road Construction,Vendor_022,3322620.48,3322620.48,3286040.31,12162028.95,244,0,0,0,0,,0,1.1,1,0.0010196663389832362,0.4,Medium,0.95
MPLAD-2420,KALYAN VAIJINATHRAO KALE,Maharashtra,JALNA,147000000.0,Road Construction,Vendor_006,2704636.03,2704636.03,2712957.89,14866664.98,130,0,0,0,0,,0,0.3,0,0.00015320820706939836,0.0,Low,0.77
MPLAD-2421,KALYAN VAIJINATHRAO KALE,Maharashtra,JALNA,147000000.0,Sports Infrastructure,Vendor_022,3094297.57,3094297.57,3070690.41,17960962.55,66,0,0,0,0,,0,0.8,1,0.008988951536610551,0.4,Medium,1.03
MPLAD-2422,KAMAKHYA PRASAD TASA,Assam,Kaziranga,147000000.0,Solar Street Lighting,Vendor_023,3265569.38,3265569.38,3281702.31,3265569.38,171,1,0,0,0,,0,0.5,0,0.5642820831406935,0.564,Medium,2.18
MPLAD-2423,KAMAKHYA PRASAD TASA,Assam,Kaziranga,147000000.0,Health Sub-Centre,Vendor_010,6120289.78,6120289.78,6065883.85,9385859.16,222,0,0,0,0,,0,0.9,0,0.08162188076793862,0.082,Low,1.46
MPLAD-2424,KAMAKHYA PRASAD TASA,Assam,Kaziranga,147000000.0,Drinking Water Supply,Vendor_001,2431101.73,2431101.73,2384164.54,11816960.89,210,0,0,0,0,,0,1.9,0,0.0044313972419083225,0.004,Low,1.11
MPLAD-2425,Kamaljeet Sehrawat WEST,Delhi,DELHI,147000000.0,Drinking Water Supply,Vendor_022,1912765.13,1912765.13,1949279.17,1912765.13,163,0,0,0,0,,0,1.9,1,0.0009958204300005303,0.4,Medium,0.87
MPLAD-2426,Kamaljeet Sehrawat WEST,Delhi,DELHI,147000000.0,Solar Street Lighting,Vendor_020,746357.16,746357.16,747786.31,2659122.3,150,0,0,0,0,,0,0.2,0,0.000650055449516965,0.001,Low,0.5
MPLAD-2427,Kamaljeet Sehrawat WEST,Delhi,DELHI,147000000.0,Road Construction,Vendor_024,3597541.94,3597541.94,4397018.57,6256664.23,153,0,0,0,1,,0,22.2,0,0.0009943252477135943,0.702,High,1.03
MPLAD-2428,Kamaljeet Sehrawat WEST,Delhi,DELHI,147000000.0,School Building,Vendor_019,8602916.76,8602916.76,8723037.87,14859581.0,156,1,0,0,0,,0,1.4,0,0.6122225129072324,0.612,Medium,1.72
MPLAD-2429,Kamaljeet Sehrawat WEST,Delhi,DELHI,147000000.0,Drinking Water Supply,Vendor_004,1165158.28,1165158.28,1143205.8,16024739.28,104,0,0,0,0,,0,1.9,1,0.00045009732402139207,0.4,Medium,0.53
MPLAD-2430,Kamaljeet Sehrawat WEST,Delhi,DELHI,147000000.0,Solar Street Lighting,Vendor_021,1910071.8,1910071.8,1944770.59,17934811.08,151,0,0,0,0,,0,1.8,0,0.016993822462232393,0.017,Low,1.27
MPLAD-2431,Kamaljeet Sehrawat WEST,Delhi,DELHI,147000000.0,Solar Street Lighting,Vendor_022,1891577.83,1891577.83,1917101.07,19826388.9,145,0,0,0,0,,0,1.3,1,0.015646158656210628,0.4,Medium,1.26
MPLAD-2432,Kamaljeet Sehrawat WEST,Delhi,DELHI,147000000.0,Community Hall,Vendor_003,4818919.57,4818919.57,4834198.98,24645308.47,114,0,0,0,0,,0,0.3,0,0.2812476488255479,0.281,Low,1.72
MPLAD-2433,KAMLESH JANGDE JANJGIR,Chhattisgarh,CHAMPA(SC),150384382.11,Health Sub-Centre,Vendor_001,4897566.7,4897566.7,4867725.19,4897566.7,252,0,0,0,0,,0,0.6,0,0.00919149324779259,0.009,Low,1.17
MPLAD-2434,KAMLESH JANGDE JANJGIR,Chhattisgarh,CHAMPA(SC),150384382.11,Solar Street Lighting,Vendor_012,3532182.9,3532182.9,3486289.23,8429749.59,253,1,0,0,0,,0,1.3,0,0.7779878990397988,0.778,High,2.35
MPLAD-2435,KAMLESH JANGDE JANJGIR,Chhattisgarh,CHAMPA(SC),150384382.11,Road Construction,Vendor_007,4368905.21,4368905.21,4399206.46,12798654.8,231,0,0,0,0,,0,0.7,0,0.009828851429255683,0.01,Low,1.25
MPLAD-2436,KAMLESH JANGDE JANJGIR,Chhattisgarh,CHAMPA(SC),150384382.11,School Building,Vendor_010,5335473.81,5335473.81,5362830.41,18134128.61,58,0,0,0,0,,0,0.5,0,0.003592185501649313,0.004,Low,1.07
MPLAD-2437,KAMLESH JANGDE JANJGIR,Chhattisgarh,CHAMPA(SC),150384382.11,School Building,Vendor_004,5687282.64,5687282.64,5597274.94,23821411.26,254,0,0,0,0,,0,1.6,1,0.003373197971890781,0.4,Medium,1.14
MPLAD-2438,Kamlesh Paswan,Uttar Pradesh,BANSGAON(SC),147000000.0,Road Construction,Vendor_008,3305942.82,3305942.82,3351783.67,3305942.82,183,0,0,0,0,,0,1.4,0,0.00046614654353435323,0.0,Low,0.94
MPLAD-2439,Kamlesh Paswan,Uttar Pradesh,BANSGAON(SC),147000000.0,Solar Street Lighting,Vendor_001,1137286.13,1137286.13,1117224.55,4443228.95,171,0,0,0,0,,0,1.8,0,0.0020795740959805666,0.002,Low,0.76
MPLAD-2440,Kamlesh Paswan,Uttar Pradesh,BANSGAON(SC),147000000.0,Health Sub-Centre,Vendor_005,2000450.41,2000450.41,2014814.29,6443679.36,227,0,0,0,0,,0,0.7,0,2.0191684332507274e-05,0.0,Low,0.48
MPLAD-2441,Kamlesh Paswan,Uttar Pradesh,BANSGAON(SC),147000000.0,Road Construction,Vendor_019,4381064.33,4381064.33,4404726.38,10824743.69,235,0,0,0,0,,0,0.5,0,0.010511145520342643,0.011,Low,1.25
MPLAD-2442,Kamlesh Paswan,Uttar Pradesh,BANSGAON(SC),147000000.0,Health Sub-Centre,Vendor_001,1653735.31,1653735.31,1672572.97,12478479.0,214,0,0,0,0,,0,1.1,0,8.146416697424034e-06,0.0,Low,0.39
MPLAD-2443,Kamlesh Paswan,Uttar Pradesh,BANSGAON(SC),147000000.0,Sports Infrastructure,Vendor_025,1327836.58,1327836.58,1318413.1,13806315.58,166,0,0,0,0,,0,0.7,0,2.7183655721424896e-05,0.0,Low,0.44
MPLAD-2444,Kamlesh Paswan,Uttar Pradesh,BANSGAON(SC),147000000.0,Road Construction,Vendor_017,3145174.74,3145174.74,3099053.47,16951490.32,222,0,0,0,0,,0,1.5,1,0.00047072554573394465,0.4,Medium,0.9
MPLAD-2445,Kamlesh Paswan,Uttar Pradesh,BANSGAON(SC),147000000.0,Health Sub-Centre,Vendor_001,10700455.47,10700455.47,10621077.82,27651945.8,220,1,0,0,0,,0,0.7,0,0.9969665291389217,0.997,High,2.55
MPLAD-2446,Kangana Ranaut,Himachal Pradesh,MANDI,147000000.0,Community Hall,Vendor_012,4106535.29,4106535.29,4895609.81,4106535.29,150,0,0,0,1,,0,19.2,0,0.03891153432488226,0.672,High,1.47
MPLAD-2447,Kangana Ranaut,Himachal Pradesh,MANDI,147000000.0,Sports Infrastructure,Vendor_024,1997454.37,1997454.37,2033006.28,6103989.66,253,0,0,0,0,,0,1.8,0,0.00021630722745137357,0.0,Low,0.67
MPLAD-2448,Kangana Ranaut,Himachal Pradesh,MANDI,147000000.0,School Building,Vendor_010,6261326.42,6261326.42,6220999.24,12365316.08,259,0,0,0,0,,0,0.6,0,0.011058473331725813,0.011,Low,1.25
MPLAD-2449,Kangana Ranaut,Himachal Pradesh,MANDI,147000000.0,Solar Street Lighting,Vendor_003,2358508.28,2358508.28,2377560.64,14723824.36,88,1,0,0,0,,0,0.8,0,0.05675167975962441,0.057,Low,1.57
MPLAD-2450,Kangana Ranaut,Himachal Pradesh,MANDI,147000000.0,School Building,Vendor_015,4653820.77,4653820.77,4647964.04,19377645.13,132,0,0,0,0,,0,0.1,0,0.00021883279141969285,0.0,Low,0.93
MPLAD-2451,Kangana Ranaut,Himachal Pradesh,MANDI,147000000.0,Community Hall,Vendor_008,3328351.78,3328351.78,3378915.84,22705996.91,180,0,0,0,0,,0,1.5,0,0.0038609218514730494,0.004,Low,1.19
MPLAD-2452,Kangana Ranaut,Himachal Pradesh,MANDI,147000000.0,Solar Street Lighting,Vendor_005,976539.12,976539.12,991928.9,23682536.03,220,0,0,0,0,,0,1.6,0,0.0022951091250005993,0.002,Low,0.65
MPLAD-2453,Kangana Ranaut,Himachal Pradesh,MANDI,147000000.0,Sports Infrastructure,Vendor_021,2854660.29,2854660.29,3356797.79,26537196.32,163,0,0,0,1,,0,17.6,0,0.0010425433945707343,0.656,Medium,0.95
MPLAD-2454,Kani K Navas,Tamil Nadu,RAMANATHAPURAM,147000000.0,Solar Street Lighting,Vendor_007,1124686.59,1124686.59,1145978.26,1124686.59,162,0,0,0,0,,0,1.9,0,0.0018950854188312099,0.002,Low,0.75
MPLAD-2455,Kani K Navas,Tamil Nadu,RAMANATHAPURAM,147000000.0,Health Sub-Centre,Vendor_004,4451701.44,4451701.44,4524435.75,5576388.03,146,0,0,0,0,,0,1.6,1,0.0008541656781665514,0.4,Medium,1.06
MPLAD-2456,Kani K Navas,Tamil Nadu,RAMANATHAPURAM,147000000.0,School Building,Vendor_010,5642491.12,5642491.12,5634327.5,11218879.15,60,0,0,0,0,,0,0.1,0,0.005833099489075308,0.006,Low,1.13
MPLAD-2457,Kani K Navas,Tamil Nadu,RAMANATHAPURAM,147000000.0,Solar Street Lighting,Vendor_002,1093821.22,1093821.22,1087496.72,12312700.38,110,0,1,0,0,DUPGRP-2457,0,0.6,0,0.002010463169208169,0.75,High,0.73
MPLAD-2458,Kani K Navas,Tamil Nadu,RAMANATHAPURAM,147000000.0,Solar Street Lighting,Vendor_021,1074705.94,1074705.94,1070261.33,13387406.32,99,0,1,0,0,DUPGRP-2457,0,0.4,0,0.0022213571371769996,0.75,High,0.72
MPLAD-2459,Kanimozhi Karunanidhi,Tamil Nadu,THOOTHUKKUDI,147000000.0,Community Hall,Vendor_001,2978395.59,2978395.59,2920581.83,2978395.59,199,0,1,0,0,DUPGRP-2459,0,1.9,0,0.0014698953134200906,0.75,High,1.06
MPLAD-2460,Kanimozhi Karunanidhi,Tamil Nadu,THOOTHUKKUDI,147000000.0,Community Hall,Vendor_001,3037499.85,3037499.85,3036231.5,6015895.44,198,0,1,0,0,DUPGRP-2459,0,0.0,0,0.001693331981722304,0.75,High,1.08
MPLAD-2461,Kanimozhi Karunanidhi,Tamil Nadu,THOOTHUKKUDI,147000000.0,Road Construction,Vendor_019,7801493.86,7801493.86,7852502.63,13817389.31,184,1,0,0,0,,0,0.7,0,0.9794950789389705,0.979,High,2.23
MPLAD-2462,Kanimozhi Karunanidhi,Tamil Nadu,THOOTHUKKUDI,147000000.0,Community Hall,Vendor_017,3971172.87,3971172.87,4009889.71,17788562.17,72,0,0,0,0,,0,1.0,1,0.09565972666460228,0.4,Medium,1.42
MPLAD-2463,Kanimozhi Karunanidhi,Tamil Nadu,THOOTHUKKUDI,147000000.0,School Building,Vendor_010,5580635.99,5580635.99,5685791.34,23369198.16,67,0,0,0,0,,0,1.9,0,0.004570814559004275,0.005,Low,1.12
MPLAD-2464,Kanimozhi Karunanidhi,Tamil Nadu,THOOTHUKKUDI,147000000.0,Health Sub-Centre,Vendor_017,2051195.29,2051195.29,2019378.1,25420393.45,208,0,0,0,0,,0,1.6,1,1.3319483542700733e-05,0.4,Medium,0.49
MPLAD-2465,Kanimozhi Karunanidhi,Tamil Nadu,THOOTHUKKUDI,147000000.0,Road Construction,Vendor_006,3703313.7,3703313.7,3697205.94,29123707.15,177,0,0,0,0,,0,0.2,0,0.001245396813969314,0.001,Low,1.06
MPLAD-2466,Kanimozhi Karunanidhi,Tamil Nadu,THOOTHUKKUDI,147000000.0,Road Construction,Vendor_004,3967193.73,3967193.73,3927854.82,33090900.88,235,0,0,0,0,,0,1.0,1,0.003911111610573975,0.4,Medium,1.13
MPLAD-2467,KANWAR SINGH TANWAR,Uttar Pradesh,AMROHA,147000000.0,Drinking Water Supply,Vendor_016,1711270.96,1711270.96,1716519.31,1711270.96,156,0,0,0,0,,0,0.3,0,0.0006187626638389585,0.001,Low,0.78
MPLAD-2468,KANWAR SINGH TANWAR,Uttar Pradesh,AMROHA,147000000.0,Sports Infrastructure,Vendor_022,1910657.36,1910657.36,1932913.02,3621928.32,246,0,0,0,0,,0,1.2,1,0.00016302776338512456,0.4,Medium,0.64
MPLAD-2469,KANWAR SINGH TANWAR,Uttar Pradesh,AMROHA,147000000.0,School Building,Vendor_015,4735798.7,4735798.7,4792139.16,8357727.03,87,0,0,0,0,,0,1.2,0,0.000613868508221567,0.001,Low,0.95
MPLAD-2470,KANWAR SINGH TANWAR,Uttar Pradesh,AMROHA,147000000.0,Sports Infrastructure,Vendor_022,1981194.8,1981194.8,1995476.31,10338921.83,131,0,0,0,0,,0,0.7,1,0.00017962454329774796,0.4,Medium,0.66
MPLAD-2471,KANWAR SINGH TANWAR,Uttar Pradesh,AMROHA,147000000.0,Health Sub-Centre,Vendor_022,4852524.84,4852524.84,4772615.93,15191446.67,296,0,0,1,0,,0,1.6,1,0.015272745854335645,0.4,Medium,1.16
MPLAD-2472,KANWAR SINGH TANWAR,Uttar Pradesh,AMROHA,147000000.0,Drinking Water Supply,Vendor_017,2103506.94,2103506.94,2066833.16,17294953.61,178,0,0,0,0,,0,1.7,1,0.0015561907942438734,0.4,Medium,0.96
MPLAD-2473,KARAN BHUSHAN SINGH,Uttar Pradesh,KAISERGANJ,147000000.0,Health Sub-Centre,Vendor_022,3459843.15,3459843.15,3432044.04,3459843.15,215,0,0,0,0,,0,0.8,1,0.00022138478808406787,0.4,Medium,0.82
MPLAD-2474,KARAN BHUSHAN SINGH,Uttar Pradesh,KAISERGANJ,147000000.0,Road Construction,Vendor_004,4226485.41,4226485.41,4205481.35,7686328.56,208,0,0,0,0,,0,0.5,1,0.005641397858716214,0.4,Medium,1.21
MPLAD-2475,KARAN BHUSHAN SINGH,Uttar Pradesh,KAISERGANJ,147000000.0,Sports Infrastructure,Vendor_019,1355395.93,1355395.93,1336837.24,9041724.49,167,0,0,0,0,,0,1.4,0,2.8657079409393883e-05,0.0,Low,0.45
MPLAD-2476,KARTICK CHANDRA PAUL,West Bengal,RAIGANJ,202677986.56,Sports Infrastructure,Vendor_004,1818521.59,1818521.59,1807007.42,1818521.59,30,0,0,0,0,,0,0.6,1,0.0023599409649549554,0.4,Medium,0.61
MPLAD-2477,KARTICK CHANDRA PAUL,West Bengal,RAIGANJ,202677986.56,Solar Street Lighting,Vendor_017,1385717.3,1385717.3,1371070.45,3204238.9,177,0,0,0,0,,0,1.1,1,0.0044529298499012045,0.4,Medium,0.92
MPLAD-2478,KARTICK CHANDRA PAUL,West Bengal,RAIGANJ,202677986.56,Road Construction,Vendor_004,2953972.59,2953972.59,2958353.87,6158211.49,189,0,0,0,0,,0,0.1,1,0.00020477255005250342,0.4,Medium,0.84
MPLAD-2479,KARTICK CHANDRA PAUL,West Bengal,RAIGANJ,202677986.56,Health Sub-Centre,Vendor_005,5015609.7,5015609.7,4976765.01,11173821.18,173,0,0,0,0,,0,0.8,0,0.003726758821708374,0.004,Low,1.19
MPLAD-2480,KARTICK CHANDRA PAUL,West Bengal,RAIGANJ,202677986.56,Health Sub-Centre,Vendor_020,4144354.15,4144354.15,4149493.67,15318175.34,248,0,0,0,0,,0,0.1,0,0.0018541054029872215,0.002,Low,0.99
MPLAD-2481,KARTICK CHANDRA PAUL,West Bengal,RAIGANJ,202677986.56,School Building,Vendor_023,3957796.85,3957796.85,4021468.95,19275972.19,237,0,0,0,0,,0,1.6,0,8.230066714265063e-05,0.0,Low,0.79
MPLAD-2482,KARTICK CHANDRA PAUL,West Bengal,RAIGANJ,202677986.56,Community Hall,Vendor_017,2535159.35,2535159.35,2566738.06,21811131.54,212,0,0,0,0,,0,1.2,1,0.0005398654293006208,0.4,Medium,0.91
MPLAD-2483,Kaushalendra Kumar,Bihar,NALANDA,147000000.0,Sports Infrastructure,Vendor_022,2217142.0,2217142.0,2253953.36,2217142.0,164,0,0,0,0,,0,1.7,1,0.0002090014094295217,0.4,Medium,0.74
MPLAD-2484,Kaushalendra Kumar,Bihar,NALANDA,147000000.0,Community Hall,Vendor_008,4087559.99,4087559.99,4069717.92,6304701.98,242,0,0,0,0,,0,0.4,0,0.02059847884721847,0.021,Low,1.46
MPLAD-2485,Kaushalendra Kumar,Bihar,NALANDA,147000000.0,Sports Infrastructure,Vendor_024,2432552.72,2432552.72,2439923.32,8737254.7,288,0,0,1,0,,0,0.3,0,0.000837664078051579,0.001,Low,0.81
MPLAD-2486,Kaushalendra Kumar,Bihar,NALANDA,147000000.0,Community Hall,Vendor_014,2621733.73,2621733.73,2585238.42,11358988.43,258,0,0,0,0,,0,1.4,0,0.0011448494425549344,0.001,Low,0.94
MPLAD-2487,Kaushalendra Kumar,Bihar,NALANDA,147000000.0,School Building,Vendor_022,9665232.84,9665232.84,9694785.2,21024221.28,122,1,0,0,0,,0,0.3,1,0.9096429732093531,0.91,High,1.93
MPLAD-2488,Khagen Murmu MALDAHA,West Bengal,UTTAR,147000000.0,Community Hall,Vendor_001,2230778.43,2230778.43,2193198.65,2230778.43,120,0,0,0,0,,0,1.7,0,0.0010145732714283665,0.001,Low,0.8
MPLAD-2489,Khagen Murmu MALDAHA,West Bengal,UTTAR,147000000.0,School Building,Vendor_024,7663121.86,7663121.86,7738655.49,9893900.29,198,0,0,0,0,,0,1.0,0,0.16527157286996766,0.165,Low,1.53
MPLAD-2490,Khagen Murmu MALDAHA,West Bengal,UTTAR,147000000.0,Drinking Water Supply,Vendor_021,1607455.73,1607455.73,1588428.15,11501356.02,150,0,1,0,0,DUPGRP-2490,0,1.2,0,0.0005072194287963241,0.75,High,0.73
MPLAD-2491,Khagen Murmu MALDAHA,West Bengal,UTTAR,147000000.0,Drinking Water Supply,Vendor_012,1632325.64,1632325.64,1602792.51,13133681.66,159,0,1,0,0,DUPGRP-2490,0,1.8,0,0.00048498984876813674,0.75,High,0.74
MPLAD-2492,Khalilur Rahaman,West Bengal,JANGIPUR,147000000.0,Road Construction,Vendor_015,3723002.07,3723002.07,3688188.77,3723002.07,191,0,0,0,0,,0,0.9,0,0.0013852237876646268,0.001,Low,1.06
MPLAD-2493,Khalilur Rahaman,West Bengal,JANGIPUR,147000000.0,Solar Street Lighting,Vendor_022,2161709.14,2161709.14,2146253.36,5884711.21,34,0,0,0,0,,0,0.7,1,0.067115334278773,0.4,Medium,1.44
MPLAD-2494,Khalilur Rahaman,West Bengal,JANGIPUR,147000000.0,Road Construction,Vendor_002,4924307.2,4924307.2,4883799.49,10809018.41,305,0,0,1,0,,0,0.8,0,0.05426505443350812,0.054,Low,1.41
MPLAD-2495,Khalilur Rahaman,West Bengal,JANGIPUR,147000000.0,Solar Street Lighting,Vendor_015,1257804.72,1257804.72,1258874.9,12066823.13,145,0,0,0,0,,0,0.1,0,0.0026034579688444287,0.003,Low,0.84
MPLAD-2496,Khalilur Rahaman,West Bengal,JANGIPUR,147000000.0,Community Hall,Vendor_022,4049578.78,4049578.78,4052000.0,16116401.91,219,0,0,0,0,,0,0.1,1,0.017927376317610738,0.4,Medium,1.45
MPLAD-2497,Khalilur Rahaman,West Bengal,JANGIPUR,147000000.0,Road Construction,Vendor_019,3100799.16,3100799.16,3052266.57,19217201.07,149,0,0,0,0,,0,1.6,0,0.0003001573856518987,0.0,Low,0.89
MPLAD-2498,Khalilur Rahaman,West Bengal,JANGIPUR,147000000.0,Drinking Water Supply,Vendor_008,1639260.29,1639260.29,2135092.99,20856461.37,205,0,0,0,1,,0,30.2,0,0.00047819103462470896,0.782,High,0.75
MPLAD-2499,Kinjarapu Ram Mohan Naidu,Andhra Pradesh,SRIKAKULAM,171200630.11,Sports Infrastructure,Vendor_022,3618556.36,3618556.36,4636333.11,3618556.36,299,0,0,1,1,,0,28.1,1,0.00744261013833941,1.0,High,1.21
MPLAD-2500,Kinjarapu Ram Mohan Naidu,Andhra Pradesh,SRIKAKULAM,171200630.11,Drinking Water Supply,Vendor_022,1284057.6,1284057.6,1300054.55,4902613.96,203,0,1,0,0,DUPGRP-2500,0,1.2,1,0.00018573488037152493,1.0,High,0.58
MPLAD-2501,Kinjarapu Ram Mohan Naidu,Andhra Pradesh,SRIKAKULAM,171200630.11,Drinking Water Supply,Vendor_022,1317806.6,1317806.6,1302945.79,6220420.56,189,0,1,0,0,DUPGRP-2500,0,1.1,1,0.00018520434655148698,1.0,High,0.6
MPLAD-2502,Kinjarapu Ram Mohan Naidu,Andhra Pradesh,SRIKAKULAM,171200630.11,School Building,Vendor_015,5105154.99,5105154.99,5191570.15,11325575.54,181,0,0,0,0,,0,1.7,0,0.0004784721038130814,0.0,Low,1.02
MPLAD-2503,Kinjarapu Ram Mohan Naidu,Andhra Pradesh,SRIKAKULAM,171200630.11,School Building,Vendor_014,11091741.9,11091741.9,10910418.04,22417317.44,152,1,0,0,0,,0,1.6,0,0.9915199255779166,0.992,High,2.22
MPLAD-2504,Kinjarapu Ram Mohan Naidu,Andhra Pradesh,SRIKAKULAM,171200630.11,Solar Street Lighting,Vendor_004,1726583.45,1726583.45,1717834.19,24143900.89,205,0,0,0,0,,0,0.5,1,0.01604099385145,0.4,Medium,1.15
MPLAD-2505,Kinjarapu Ram Mohan Naidu,Andhra Pradesh,SRIKAKULAM,171200630.11,Drinking Water Supply,Vendor_005,390929.64,390929.64,395021.5,24534830.53,193,0,0,0,0,,0,1.0,0,2.0074235477347912e-05,0.0,Low,0.18
MPLAD-2506,Kinjarapu Ram Mohan Naidu,Andhra Pradesh,SRIKAKULAM,171200630.11,School Building,Vendor_003,4742036.38,4742036.38,4718543.83,29276866.91,202,0,0,0,0,,0,0.5,0,0.0002381149333881076,0.0,Low,0.95
MPLAD-2507,Kinjarapu Ram Mohan Naidu,Andhra Pradesh,SRIKAKULAM,171200630.11,School Building,Vendor_024,5955774.99,5955774.99,6050420.04,35232641.9,130,0,0,0,0,,0,1.6,0,0.0041089869179133775,0.004,Low,1.19
MPLAD-2508,Kiren Rijiju ARUNACHAL,Arunachal Pradesh,WEST,147000000.0,Sports Infrastructure,Vendor_019,4405647.6,4405647.6,4409365.29,4405647.6,192,0,1,0,0,DUPGRP-2508,0,0.1,0,0.05653065088668299,0.75,High,1.47
MPLAD-2509,Kiren Rijiju ARUNACHAL,Arunachal Pradesh,WEST,147000000.0,Sports Infrastructure,Vendor_019,4573742.94,4573742.94,4657060.83,8979390.54,198,0,1,0,0,DUPGRP-2508,0,1.8,0,0.08423633840495781,0.75,High,1.52
MPLAD-2510,Kiren Rijiju ARUNACHAL,Arunachal Pradesh,WEST,147000000.0,Road Construction,Vendor_025,2488984.89,2488984.89,2486331.22,11468375.43,236,0,0,0,0,,0,0.1,0,0.000144737134286304,0.0,Low,0.71
MPLAD-2511,Kiren Rijiju ARUNACHAL,Arunachal Pradesh,WEST,147000000.0,Solar Street Lighting,Vendor_022,3522296.0,3522296.0,3557568.71,14990671.42,206,1,0,0,0,,0,1.0,1,0.794764562317186,0.795,High,2.35
MPLAD-2512,Kiren Rijiju ARUNACHAL,Arunachal Pradesh,WEST,147000000.0,Health Sub-Centre,Vendor_004,3836503.46,3836503.46,3817497.39,18827174.89,172,0,1,0,0,DUPGRP-2512,0,0.5,1,0.0002497413438615651,1.0,High,0.91
MPLAD-2513,Kiren Rijiju ARUNACHAL,Arunachal Pradesh,WEST,147000000.0,Health Sub-Centre,Vendor_004,3744525.74,3744525.74,3701613.09,22571700.63,179,0,1,0,0,DUPGRP-2512,0,1.1,1,0.00022003141231726272,1.0,High,0.89
MPLAD-2514,Kiren Rijiju ARUNACHAL,Arunachal Pradesh,WEST,147000000.0,Solar Street Lighting,Vendor_022,1072258.65,1072258.65,1068996.29,23643959.29,163,0,0,0,0,,0,0.3,1,0.0016447939680238658,0.4,Medium,0.71
MPLAD-2515,Kiren Rijiju ARUNACHAL,Arunachal Pradesh,WEST,147000000.0,Community Hall,Vendor_010,2639187.2,2639187.2,2680555.72,26283146.49,225,0,0,0,0,,0,1.6,0,0.0007333904080704583,0.001,Low,0.94
MPLAD-2516,Kirti Vardhan Singh,Uttar Pradesh,GONDA,147000000.0,Sports Infrastructure,Vendor_012,3583975.8,3583975.8,3544560.43,3583975.8,183,0,0,0,0,,0,1.1,0,0.006521739372809941,0.007,Low,1.19
MPLAD-2517,Kirti Vardhan Singh,Uttar Pradesh,GONDA,147000000.0,Sports Infrastructure,Vendor_007,2648103.18,2648103.18,2644720.54,6232078.97,128,0,0,0,0,,0,0.1,0,0.0009242208299787671,0.001,Low,0.88
MPLAD-2518,Kirti Vardhan Singh,Uttar Pradesh,GONDA,147000000.0,Sports Infrastructure,Vendor_011,2527100.27,2527100.27,2560317.1,8759179.24,202,0,0,0,0,,0,1.3,0,0.00042279372715956425,0.0,Low,0.84
MPLAD-2519,Kirti Vardhan Singh,Uttar Pradesh,GONDA,147000000.0,School Building,Vendor_021,4555097.59,4555097.59,4585399.07,13314276.83,232,0,1,0,0,DUPGRP-2519,0,0.7,0,0.000240463573770265,0.75,High,0.91
MPLAD-2520,Kirti Vardhan Singh,Uttar Pradesh,GONDA,147000000.0,School Building,Vendor_021,4572047.55,4572047.55,4572336.25,17886324.38,220,0,1,0,0,DUPGRP-2519,0,0.0,0,0.00020494359143306433,0.75,High,0.91
MPLAD-2521,Kirti Vardhan Singh,Uttar Pradesh,GONDA,147000000.0,Solar Street Lighting,Vendor_002,992116.77,992116.77,1003372.24,18878441.14,178,0,0,0,0,,0,1.1,0,0.0014614273126652675,0.001,Low,0.66
MPLAD-2522,Kirti Vardhan Singh,Uttar Pradesh,GONDA,147000000.0,School Building,Vendor_020,7426955.87,7426955.87,7538062.54,26305397.01,140,0,0,0,0,,0,1.5,0,0.10462558417988382,0.105,Low,1.49
MPLAD-2523,Kishan Reddy Gangapuram,Telangana,SECUNDERABAD,147000000.0,Drinking Water Supply,Vendor_007,2497561.87,2497561.87,2504997.99,2497561.87,161,0,0,0,0,,0,0.3,0,0.005224828158184952,0.005,Low,1.14
MPLAD-2524,Kishan Reddy Gangapuram,Telangana,SECUNDERABAD,147000000.0,Road Construction,Vendor_016,2038943.85,2038943.85,2067451.85,4536505.72,251,0,0,0,0,,0,1.4,0,8.70294241384027e-05,0.0,Low,0.58
MPLAD-2525,Kishan Reddy Gangapuram,Telangana,SECUNDERABAD,147000000.0,School Building,Vendor_013,5878071.7,5878071.7,5860764.28,10414577.42,44,0,0,0,0,,0,0.3,0,0.011521327318451926,0.012,Low,1.18
MPLAD-2526,Kishan Reddy Gangapuram,Telangana,SECUNDERABAD,147000000.0,Drinking Water Supply,Vendor_004,1043106.86,1043106.86,1056353.52,11457684.28,278,0,1,1,0,DUPGRP-2526,0,1.3,1,0.000989687021001277,1.0,High,0.47
MPLAD-2527,Kishan Reddy Gangapuram,Telangana,SECUNDERABAD,147000000.0,Drinking Water Supply,Vendor_004,1045920.8,1045920.8,1055029.61,12503605.08,290,0,1,1,0,DUPGRP-2526,0,0.9,1,0.0017417435463222676,1.0,High,0.48
MPLAD-2528,Kishan Reddy Gangapuram,Telangana,SECUNDERABAD,147000000.0,School Building,Vendor_012,5076786.68,5076786.68,6797413.48,17580391.76,135,0,0,0,1,,0,33.9,0,0.0005355469499085007,0.819,High,1.02
MPLAD-2529,Kishan Reddy Gangapuram,Telangana,SECUNDERABAD,147000000.0,Sports Infrastructure,Vendor_013,7126602.21,7126602.21,7226209.96,24706993.98,233,1,0,0,0,,0,1.4,0,0.9722837970447828,0.972,High,2.38
MPLAD-2530,KISHORI LAL,Uttar Pradesh,AMETHI,171500000.0,Community Hall,Vendor_020,4317131.58,4317131.58,4308917.72,4317131.58,141,0,0,0,0,,0,0.2,0,0.07313681582135782,0.073,Low,1.54
MPLAD-2531,KISHORI LAL,Uttar Pradesh,AMETHI,171500000.0,Health Sub-Centre,Vendor_003,8617879.45,8617879.45,8750038.59,12935011.03,210,1,1,0,0,DUPGRP-2531,0,1.5,0,0.9391392128851408,0.939,High,2.05
MPLAD-2532,KISHORI LAL,Uttar Pradesh,AMETHI,171500000.0,Health Sub-Centre,Vendor_003,8925057.45,8925057.45,9037515.95,21860068.49,223,0,1,0,0,DUPGRP-2531,0,1.3,0,0.9634206185342916,0.963,High,2.13
MPLAD-2533,KISHORI LAL,Uttar Pradesh,AMETHI,171500000.0,Community Hall,Vendor_004,2104011.45,2104011.45,2077394.78,23964079.94,210,0,0,0,0,,0,1.3,1,0.00021245187635336732,0.4,Medium,0.75
MPLAD-2534,KISHORI LAL,Uttar Pradesh,AMETHI,171500000.0,Community Hall,Vendor_002,7199591.06,7199591.06,9114925.61,31163671.0,168,1,1,0,1,DUPGRP-2534,0,26.6,0,0.9817064470234592,1.0,High,2.57
MPLAD-2535,KISHORI LAL,Uttar Pradesh,AMETHI,171500000.0,Community Hall,Vendor_022,6925808.5,6925808.5,6818207.86,38089479.5,182,0,1,0,0,DUPGRP-2534,0,1.6,1,0.9618392749576418,1.0,High,2.47
MPLAD-2536,KISHORI LAL,Uttar Pradesh,AMETHI,171500000.0,Road Construction,Vendor_009,3691389.23,3691389.23,3620097.13,41780868.73,201,0,0,0,0,,0,1.9,0,0.0013740148756600898,0.001,Low,1.05
MPLAD-2537,KISHORI LAL,Uttar Pradesh,AMETHI,171500000.0,Community Hall,Vendor_025,2257240.68,2257240.68,2228460.67,44038109.41,137,0,0,0,0,,0,1.3,0,0.0006884631354367581,0.001,Low,0.81
MPLAD-2538,KISHORI LAL,Uttar Pradesh,AMETHI,171500000.0,Sports Infrastructure,Vendor_014,2722702.11,2722702.11,2727065.59,46760811.52,247,0,1,0,0,DUPGRP-2538,0,0.2,0,0.0009043951323870614,0.75,High,0.91
MPLAD-2539,KISHORI LAL,Uttar Pradesh,AMETHI,171500000.0,Sports Infrastructure,Vendor_010,2704030.22,2704030.22,2753058.88,49464841.75,249,0,1,0,0,DUPGRP-2538,0,1.8,0,0.0008848012790570737,0.75,High,0.9
MPLAD-2540,KONDA VISHWESHWAR REDDY,Telangana,CHELVELLA,233721420.96,Community Hall,Vendor_001,2308398.68,2308398.68,2289877.27,2308398.68,148,0,0,0,0,,0,0.8,0,0.0005980116270236492,0.001,Low,0.82
MPLAD-2541,KONDA VISHWESHWAR REDDY,Telangana,CHELVELLA,233721420.96,Road Construction,Vendor_001,8211986.97,8211986.97,8226206.02,10520385.66,299,1,0,1,0,,0,0.2,0,0.9433360690700027,0.943,High,2.35
MPLAD-2542,KONDA VISHWESHWAR REDDY,Telangana,CHELVELLA,233721420.96,Road Construction,Vendor_018,3191918.51,3191918.51,3212183.91,13712304.16,250,0,0,0,0,,0,0.6,0,0.000858311934841013,0.001,Low,0.91
MPLAD-2543,KONDA VISHWESHWAR REDDY,Telangana,CHELVELLA,233721420.96,Health Sub-Centre,Vendor_007,3505114.13,3505114.13,3515967.29,17217418.3,185,0,0,0,0,,0,0.3,0,0.00014194665847043467,0.0,Low,0.83
MPLAD-2544,KONDA VISHWESHWAR REDDY,Telangana,CHELVELLA,233721420.96,Solar Street Lighting,Vendor_018,1052744.39,1052744.39,1035378.6,18270162.68,142,0,0,0,0,,0,1.6,0,0.0014837590413641708,0.001,Low,0.7
MPLAD-2545,KONDA VISHWESHWAR REDDY,Telangana,CHELVELLA,233721420.96,Sports Infrastructure,Vendor_018,2073075.91,2073075.91,2083474.27,20343238.6,280,0,0,1,0,,0,0.5,0,0.000394745408695282,0.0,Low,0.69
MPLAD-2546,KONDA VISHWESHWAR REDDY,Telangana,CHELVELLA,233721420.96,Drinking Water Supply,Vendor_015,1337013.68,1337013.68,1354319.44,21680252.28,230,0,0,0,0,,0,1.3,0,0.0003403236148389883,0.0,Low,0.61
MPLAD-2547,KONDA VISHWESHWAR REDDY,Telangana,CHELVELLA,233721420.96,Solar Street Lighting,Vendor_003,870314.36,870314.36,887638.85,22550566.64,155,0,0,0,0,,0,2.0,0,0.0009132322882622247,0.001,Low,0.58
MPLAD-2548,KOTA SRINIVAS POOJARY UDUPI,Karnataka,CHIKMAGALUR,147000000.0,Health Sub-Centre,Vendor_022,8654037.64,8654037.64,8610764.73,8654037.64,59,1,0,0,0,,0,0.5,1,0.7583316398808108,0.758,High,2.06
MPLAD-2549,KOTA SRINIVAS POOJARY UDUPI,Karnataka,CHIKMAGALUR,147000000.0,Health Sub-Centre,Vendor_001,5215527.94,5215527.94,6447062.73,13869565.58,167,0,0,0,1,,0,23.6,0,0.005629774672755844,0.716,High,1.24
MPLAD-2550,KOTA SRINIVAS POOJARY UDUPI,Karnataka,CHIKMAGALUR,147000000.0,Solar Street Lighting,Vendor_008,1847163.19,1847163.19,1879115.12,15716728.77,334,0,0,1,0,,0,1.7,0,0.028025990832205066,0.028,Low,1.23
MPLAD-2551,Kripanath Mallah KARIMGANJ,Assam,(SC),147000000.0,School Building,Vendor_018,9582695.34,9582695.34,9745556.1,9582695.34,187,1,1,0,0,DUPGRP-2551,0,1.7,0,0.9159664319005327,0.916,High,1.92
MPLAD-2552,Kripanath Mallah KARIMGANJ,Assam,(SC),147000000.0,School Building,Vendor_018,9849292.29,9849292.29,9893991.3,19431987.63,179,0,1,0,0,DUPGRP-2551,0,0.5,0,0.947430621338411,0.947,High,1.97
MPLAD-2553,Kripanath Mallah KARIMGANJ,Assam,(SC),147000000.0,Drinking Water Supply,Vendor_011,2998007.03,2998007.03,4162018.17,22429994.66,250,0,0,0,1,,0,38.8,0,0.0391904196281937,0.85,High,1.36
MPLAD-2554,Kripanath Mallah KARIMGANJ,Assam,(SC),147000000.0,Road Construction,Vendor_025,3591762.46,3591762.46,3616584.89,26021757.12,190,0,0,0,0,,0,0.7,0,0.0009876670406406137,0.001,Low,1.03
MPLAD-2555,Kripanath Mallah KARIMGANJ,Assam,(SC),147000000.0,Sports Infrastructure,Vendor_022,2415272.96,2415272.96,2378995.46,28437030.08,73,0,0,0,0,,0,1.5,1,0.0018616172411033676,0.4,Medium,0.81
MPLAD-2556,Krishan Pal Gurjar,Haryana,FARIDABAD,147000000.0,Sports Infrastructure,Vendor_004,5349108.56,5349108.56,5357027.18,5349108.56,236,0,0,0,0,,0,0.1,1,0.3344937997220005,0.4,Medium,1.78
MPLAD-2557,Krishan Pal Gurjar,Haryana,FARIDABAD,147000000.0,Drinking Water Supply,Vendor_019,3649244.62,3649244.62,3691617.13,8998353.18,214,0,0,0,0,,0,1.2,0,0.13732106860494828,0.137,Low,1.66
MPLAD-2558,Krishan Pal Gurjar,Haryana,FARIDABAD,147000000.0,Health Sub-Centre,Vendor_006,3588667.57,3588667.57,3599111.34,12587020.75,269,0,0,0,0,,0,0.3,0,0.001040767002964487,0.001,Low,0.85
MPLAD-2559,Krishan Pal Gurjar,Haryana,FARIDABAD,147000000.0,Drinking Water Supply,Vendor_014,1784558.52,1784558.52,1808654.54,14371579.27,168,0,0,0,0,,0,1.4,0,0.0006749166702823187,0.001,Low,0.81
MPLAD-2560,Krishan Pal Gurjar,Haryana,FARIDABAD,147000000.0,Road Construction,Vendor_015,4931967.06,4931967.06,4901429.11,19303546.33,157,0,0,0,0,,0,0.6,0,0.031302531889114436,0.031,Low,1.41
MPLAD-2561,Krishan Pal Gurjar,Haryana,FARIDABAD,147000000.0,Health Sub-Centre,Vendor_015,3056264.75,3056264.75,3071923.03,22359811.08,190,0,0,0,0,,0,0.5,0,6.040891892481207e-05,0.0,Low,0.73
MPLAD-2562,KRISHNA DEVI SHIVSHANKER PATEL,Uttar Pradesh,BANDA,147000000.0,School Building,Vendor_012,5639946.04,5639946.04,7171685.04,5639946.04,231,0,0,0,1,,0,27.2,0,0.0023363895599032547,0.752,High,1.13
MPLAD-2563,KRISHNA DEVI SHIVSHANKER PATEL,Uttar Pradesh,BANDA,147000000.0,School Building,Vendor_008,6429553.05,6429553.05,6524924.57,12069499.08,207,0,0,0,0,,0,1.5,0,0.011597350061646392,0.012,Low,1.29
MPLAD-2564,KRISHNA DEVI SHIVSHANKER PATEL,Uttar Pradesh,BANDA,147000000.0,Road Construction,Vendor_022,2925322.0,2925322.0,2937396.42,14994821.08,93,0,0,0,0,,0,0.4,1,0.0006256306453989174,0.4,Medium,0.84
MPLAD-2565,KRISHNA DEVI SHIVSHANKER PATEL,Uttar Pradesh,BANDA,147000000.0,Drinking Water Supply,Vendor_016,3043913.93,3043913.93,3016230.2,18038735.01,236,0,0,0,0,,0,0.9,0,0.03441124105862873,0.034,Low,1.38
MPLAD-2566,KRISHNA DEVI SHIVSHANKER PATEL,Uttar Pradesh,BANDA,147000000.0,Sports Infrastructure,Vendor_012,1056556.85,1056556.85,1037407.74,19095291.86,137,0,0,0,0,,0,1.8,0,2.2155056904989954e-05,0.0,Low,0.35
MPLAD-2567,KRISHNA DEVI SHIVSHANKER PATEL,Uttar Pradesh,BANDA,147000000.0,Drinking Water Supply,Vendor_025,5309914.71,5309914.71,5256476.92,24405206.57,135,1,0,0,0,,0,1.0,0,0.9527244647759974,0.953,High,2.41
MPLAD-2568,KRISHNA DEVI SHIVSHANKER PATEL,Uttar Pradesh,BANDA,147000000.0,School Building,Vendor_024,10733965.18,10733965.18,10884323.3,35139171.75,191,1,0,0,0,,0,1.4,0,0.986097744696355,0.986,High,2.15
MPLAD-2569,KRISHNA DEVI SHIVSHANKER PATEL,Uttar Pradesh,BANDA,147000000.0,School Building,Vendor_013,3925290.65,3925290.65,3917014.81,39064462.4,284,0,0,1,0,,0,0.2,0,0.00027785147617016257,0.0,Low,0.79
MPLAD-2570,Krishna Prasad Tenneti,Andhra Pradesh,BAPATLA,167796849.11,Solar Street Lighting,Vendor_003,2291825.28,2291825.28,2246111.03,2291825.28,204,0,0,0,0,,0,2.0,0,0.08089501272416404,0.081,Low,1.53
MPLAD-2571,Krishna Prasad Tenneti,Andhra Pradesh,BAPATLA,167796849.11,Drinking Water Supply,Vendor_010,2023819.01,2023819.01,2000621.83,4315644.29,225,0,0,0,0,,0,1.1,0,0.0017872666915403584,0.002,Low,0.92
MPLAD-2572,Krishna Prasad Tenneti,Andhra Pradesh,BAPATLA,167796849.11,Solar Street Lighting,Vendor_011,1111565.26,1111565.26,1317476.98,5427209.55,127,0,0,0,1,,0,18.5,0,0.0018217127857948448,0.665,High,0.74
MPLAD-2573,Krishna Prasad Tenneti,Andhra Pradesh,BAPATLA,167796849.11,Community Hall,Vendor_017,3242803.65,3242803.65,3234670.18,8670013.2,112,0,0,0,0,,0,0.3,1,0.010924503263755072,0.4,Medium,1.16
MPLAD-2574,Krishna Prasad Tenneti,Andhra Pradesh,BAPATLA,167796849.11,Drinking Water Supply,Vendor_004,1297326.74,1297326.74,1301033.91,9967339.94,256,0,0,0,0,,0,0.3,1,0.0006907199292061993,0.4,Medium,0.59
MPLAD-2575,Krishna Prasad Tenneti,Andhra Pradesh,BAPATLA,167796849.11,School Building,Vendor_008,5342723.27,5342723.27,6389117.38,15310063.21,174,0,0,0,1,,0,19.6,0,0.0008219828376181868,0.676,High,1.07
MPLAD-2576,KRITI DEVI DEBBARMAN TRIPURA,Tripura,EAST(ST),147000000.0,Drinking Water Supply,Vendor_004,1346983.7,1346983.7,1350509.76,1346983.7,130,0,0,0,0,,0,0.3,1,0.00037059787124447686,0.4,Medium,0.61
MPLAD-2577,KRITI DEVI DEBBARMAN TRIPURA,Tripura,EAST(ST),147000000.0,School Building,Vendor_002,3607081.8,3607081.8,3660153.3,4954065.5,142,0,0,0,0,,0,1.5,0,2.1900787081990926e-05,0.0,Low,0.72
MPLAD-2578,KRITI DEVI DEBBARMAN TRIPURA,Tripura,EAST(ST),147000000.0,Community Hall,Vendor_011,6509266.36,6509266.36,6446103.36,11463331.86,131,1,0,0,0,,0,1.0,0,0.9408002714617706,0.941,High,2.32
MPLAD-2579,KRITI DEVI DEBBARMAN TRIPURA,Tripura,EAST(ST),147000000.0,Health Sub-Centre,Vendor_004,4578479.53,4578479.53,4585293.32,16041811.39,225,0,0,0,0,,0,0.1,1,0.0029408136274749574,0.4,Medium,1.09
MPLAD-2580,KRITI DEVI DEBBARMAN TRIPURA,Tripura,EAST(ST),147000000.0,Drinking Water Supply,Vendor_002,4215348.32,4215348.32,4289616.61,20257159.71,312,1,0,1,0,,0,1.8,0,0.6945528230179042,0.695,High,1.92
MPLAD-2581,KRITI DEVI DEBBARMAN TRIPURA,Tripura,EAST(ST),147000000.0,Road Construction,Vendor_013,8299255.59,8299255.59,8194739.76,28556415.31,136,1,0,0,0,,0,1.3,0,0.9921492480062555,0.992,High,2.37
MPLAD-2582,KRITI DEVI DEBBARMAN TRIPURA,Tripura,EAST(ST),147000000.0,School Building,Vendor_012,3826332.93,3826332.93,4569228.57,32382748.24,261,0,0,0,1,,0,19.4,0,0.0001200642483671157,0.674,High,0.77
MPLAD-2583,KULDEEP INDORA,Rajasthan,GANGANAGAR(SC),147000000.0,Road Construction,Vendor_015,2915399.38,2915399.38,2961529.33,2915399.38,46,0,0,0,0,,0,1.6,0,0.003365080796864834,0.003,Low,0.83
MPLAD-2584,KULDEEP INDORA,Rajasthan,GANGANAGAR(SC),147000000.0,School Building,Vendor_017,4580974.63,4580974.63,6099895.79,7496374.01,157,0,1,0,1,DUPGRP-2584,0,33.2,1,0.00014844959274501614,1.0,High,0.92
MPLAD-2585,KULDEEP INDORA,Rajasthan,GANGANAGAR(SC),147000000.0,School Building,Vendor_009,4585025.19,4585025.19,4550588.81,12081399.2,160,0,1,0,0,DUPGRP-2584,0,0.8,0,0.0001478101210966652,0.75,High,0.92
MPLAD-2586,KULDEEP INDORA,Rajasthan,GANGANAGAR(SC),147000000.0,Health Sub-Centre,Vendor_013,4849426.58,4849426.58,4792199.46,16930825.78,233,0,0,0,0,,0,1.2,0,0.0060968021764856144,0.006,Low,1.15
MPLAD-2587,KULDEEP INDORA,Rajasthan,GANGANAGAR(SC),147000000.0,Solar Street Lighting,Vendor_008,1591457.28,1591457.28,1614082.47,18522283.06,68,0,0,0,0,,0,1.4,0,0.012314877588531153,0.012,Low,1.06
MPLAD-2588,KUNDURU RAGHUVEER,Telangana,NALGONDA,162952022.0,Health Sub-Centre,Vendor_024,4632660.71,4632660.71,4691555.42,4632660.71,191,0,0,0,0,,0,1.3,0,0.0018987620316694236,0.002,Low,1.1
MPLAD-2589,KUNDURU RAGHUVEER,Telangana,NALGONDA,162952022.0,Sports Infrastructure,Vendor_013,3555552.48,3555552.48,3602890.13,8188213.2,143,0,0,0,0,,0,1.3,0,0.007890838326964307,0.008,Low,1.19
MPLAD-2590,KUNDURU RAGHUVEER,Telangana,NALGONDA,162952022.0,Sports Infrastructure,Vendor_017,1149052.84,1149052.84,1160675.26,9337266.04,193,0,0,0,0,,0,1.0,1,1.854723540432647e-05,0.4,Medium,0.38
MPLAD-2591,LALJI VERMA AMBEDKAR,Uttar Pradesh,NAGAR,147000000.0,Drinking Water Supply,Vendor_013,1831674.46,1831674.46,1823524.58,1831674.46,215,0,0,0,0,,0,0.4,0,0.0009054806364648398,0.001,Low,0.83
MPLAD-2592,LALJI VERMA AMBEDKAR,Uttar Pradesh,NAGAR,147000000.0,Drinking Water Supply,Vendor_016,1651985.25,1651985.25,1676114.1,3483659.71,287,0,0,1,0,,0,1.5,0,0.005158725008771663,0.005,Low,0.75
MPLAD-2593,LALJI VERMA AMBEDKAR,Uttar Pradesh,NAGAR,147000000.0,School Building,Vendor_019,5023368.52,5023368.52,5012150.85,8507028.23,194,0,0,0,0,,0,0.2,0,0.0004205223993727278,0.0,Low,1.0
MPLAD-2594,Lavu Sri Krishna Devarayalu,Andhra Pradesh,NARASARAOPET,174009663.11,Sports Infrastructure,Vendor_003,4353330.52,4353330.52,4380567.24,4353330.52,152,0,0,0,0,,0,0.6,0,0.061630978198942095,0.062,Low,1.45
MPLAD-2595,Lavu Sri Krishna Devarayalu,Andhra Pradesh,NARASARAOPET,174009663.11,School Building,Vendor_018,13106474.42,13106474.42,12946225.31,17459804.94,194,1,0,0,0,,0,1.2,0,0.9986154576964954,0.999,High,2.62
MPLAD-2596,Lavu Sri Krishna Devarayalu,Andhra Pradesh,NARASARAOPET,174009663.11,Community Hall,Vendor_004,2859206.22,2859206.22,2829855.86,20319011.16,143,0,0,0,0,,0,1.0,1,0.0022957329735017137,0.4,Medium,1.02
MPLAD-2597,Lavu Sri Krishna Devarayalu,Andhra Pradesh,NARASARAOPET,174009663.11,Solar Street Lighting,Vendor_019,2109011.4,2109011.4,2907932.28,22428022.56,242,0,0,0,1,,0,37.9,0,0.06294596170356022,0.85,High,1.41
MPLAD-2598,LAXMIKANT PAPPU NISHAD SANT KABIR,Uttar Pradesh,NAGAR,147000000.0,Road Construction,Vendor_015,3052071.37,3052071.37,3023100.82,3052071.37,67,0,0,0,0,,0,0.9,0,0.001947331621193395,0.002,Low,0.87
MPLAD-2599,LAXMIKANT PAPPU NISHAD SANT KABIR,Uttar Pradesh,NAGAR,147000000.0,Drinking Water Supply,Vendor_023,2010284.87,2010284.87,2042440.83,5062356.24,199,0,0,0,0,,0,1.6,0,0.0012448850190475986,0.001,Low,0.91
MPLAD-2600,LAXMIKANT PAPPU NISHAD SANT KABIR,Uttar Pradesh,NAGAR,147000000.0,Drinking Water Supply,Vendor_023,3284529.52,3284529.52,3297437.56,8346885.76,189,0,0,0,0,,0,0.4,0,0.046723704152242765,0.047,Low,1.49
MPLAD-2601,LAXMIKANT PAPPU NISHAD SANT KABIR,Uttar Pradesh,NAGAR,147000000.0,School Building,Vendor_012,9893849.17,9893849.17,9865769.63,18240734.93,181,1,0,0,0,,0,0.3,0,0.950974289982723,0.951,High,1.98
MPLAD-2602,LAXMIKANT PAPPU NISHAD SANT KABIR,Uttar Pradesh,NAGAR,147000000.0,Drinking Water Supply,Vendor_016,3430720.59,3430720.59,3469243.19,21671455.52,135,0,0,0,0,,0,1.1,0,0.08806122079621723,0.088,Low,1.56
MPLAD-2603,LAXMIKANT PAPPU NISHAD SANT KABIR,Uttar Pradesh,NAGAR,147000000.0,School Building,Vendor_014,12259727.07,12259727.07,12025021.39,33931182.59,198,1,0,0,0,,0,1.9,0,0.9974092496731211,0.997,High,2.45
MPLAD-2604,LOVELY ANAND,Bihar,SHEOHAR,147000000.0,Road Construction,Vendor_009,2977936.88,2977936.88,2999784.95,2977936.88,91,0,0,0,0,,0,0.7,0,0.0007433705380521242,0.001,Low,0.85
MPLAD-2605,LOVELY ANAND,Bihar,SHEOHAR,147000000.0,School Building,Vendor_001,4222798.91,4222798.91,4202217.81,7200735.79,147,0,0,0,0,,0,0.5,0,7.310548069793328e-05,0.0,Low,0.84
MPLAD-2606,LOVELY ANAND,Bihar,SHEOHAR,147000000.0,School Building,Vendor_018,6041674.26,6041674.26,6039081.72,13242410.06,159,0,0,0,0,,0,0.0,0,0.004352396703531821,0.004,Low,1.21
MPLAD-2607,LOVELY ANAND,Bihar,SHEOHAR,147000000.0,Community Hall,Vendor_004,2353447.48,2353447.48,2349110.82,15595857.53,160,0,0,0,0,,0,0.2,1,0.0005230482307285255,0.4,Medium,0.84
MPLAD-2608,LUMBARAM,Rajasthan,JALORE,147000000.0,Drinking Water Supply,Vendor_015,3388409.51,3388409.51,3435565.89,3388409.51,57,0,1,0,0,DUPGRP-2608,0,1.4,0,0.11514314694219055,0.75,High,1.54
MPLAD-2609,LUMBARAM,Rajasthan,JALORE,147000000.0,Drinking Water Supply,Vendor_015,3456672.78,3456672.78,3418222.92,6845082.29,67,0,1,0,0,DUPGRP-2608,0,1.1,0,0.1293721705600761,0.75,High,1.57
MPLAD-2610,LUMBARAM,Rajasthan,JALORE,147000000.0,School Building,Vendor_002,8272353.62,8272353.62,8272110.64,15117435.91,158,0,0,0,0,,0,0.0,0,0.43819326062878133,0.438,Medium,1.65
MPLAD-2611,LUMBARAM,Rajasthan,JALORE,147000000.0,Road Construction,Vendor_009,1613323.35,1613323.35,1616998.4,16730759.26,161,0,1,0,0,DUPGRP-2611,0,0.2,0,1.036554312057245e-05,0.75,High,0.46
MPLAD-2612,LUMBARAM,Rajasthan,JALORE,147000000.0,Road Construction,Vendor_009,1642151.32,1642151.32,1613941.41,18372910.58,168,0,1,0,0,DUPGRP-2611,0,1.7,0,1.0716348006589587e-05,0.75,High,0.47
MPLAD-2613,LUMBARAM,Rajasthan,JALORE,147000000.0,School Building,Vendor_009,5141474.78,5141474.78,5215833.73,23514385.36,91,0,0,0,0,,0,1.4,0,0.0012311508535826211,0.001,Low,1.03
MPLAD-2614,LUMBARAM,Rajasthan,JALORE,147000000.0,Solar Street Lighting,Vendor_014,1741463.03,1741463.03,1728592.82,25255848.39,254,0,0,0,0,,0,0.7,0,0.025373821816420127,0.025,Low,1.16
MPLAD-2615,LUMBARAM,Rajasthan,JALORE,147000000.0,School Building,Vendor_024,5074996.45,5074996.45,6428321.5,30330844.84,140,0,0,0,1,,0,26.7,0,0.0005079358897268874,0.747,High,1.01
MPLAD-2616,LUMBARAM,Rajasthan,JALORE,147000000.0,Drinking Water Supply,Vendor_002,538272.7,538272.7,746431.83,30869117.54,132,0,0,0,1,,0,38.7,0,5.430494886901313e-05,0.85,High,0.24
MPLAD-2617,LUMBARAM,Rajasthan,JALORE,147000000.0,Road Construction,Vendor_011,5182873.36,5182873.36,5177634.05,36051990.9,143,0,1,0,0,DUPGRP-2617,0,0.1,0,0.0620493768694705,0.75,High,1.48
MPLAD-2618,LUMBARAM,Rajasthan,JALORE,147000000.0,Road Construction,Vendor_011,5021176.52,5021176.52,5117427.44,41073167.42,150,0,1,0,0,DUPGRP-2617,0,1.9,0,0.04018979023055774,0.75,High,1.43
MPLAD-2619,M. MALLESH BABU,Karnataka,KOLAR(SC),147065957.11,School Building,Vendor_008,4441903.51,4441903.51,4514016.77,4441903.51,196,0,0,0,0,,0,1.6,0,0.00011691344562216783,0.0,Low,0.89
MPLAD-2620,M. MALLESH BABU,Karnataka,KOLAR(SC),147065957.11,School Building,Vendor_004,13468032.43,13468032.43,13423139.73,17909935.94,165,1,0,0,0,,0,0.3,1,0.9989510801191583,0.999,High,2.69
MPLAD-2621,M. MALLESH BABU,Karnataka,KOLAR(SC),147065957.11,Health Sub-Centre,Vendor_019,3486135.57,3486135.57,3445179.31,21396071.52,144,0,0,0,0,,0,1.2,0,0.00010554288406330745,0.0,Low,0.83
MPLAD-2622,M. MALLESH BABU,Karnataka,KOLAR(SC),147065957.11,Drinking Water Supply,Vendor_007,1895010.17,1895010.17,1932365.71,23291081.69,167,0,0,0,0,,0,2.0,0,0.0009192706712398479,0.001,Low,0.86
MPLAD-2623,M. MALLESH BABU,Karnataka,KOLAR(SC),147065957.11,Health Sub-Centre,Vendor_018,2974087.77,2974087.77,3012197.14,26265169.46,129,0,0,0,0,,0,1.3,0,4.209094767423616e-05,0.0,Low,0.71
MPLAD-2624,M. MALLESH BABU,Karnataka,KOLAR(SC),147065957.11,Drinking Water Supply,Vendor_024,2190107.25,2190107.25,2221721.02,28455276.71,160,0,1,0,0,DUPGRP-2624,0,1.4,0,0.0022057735928744725,0.75,High,1.0
MPLAD-2625,M. MALLESH BABU,Karnataka,KOLAR(SC),147065957.11,Drinking Water Supply,Vendor_024,2188066.88,2188066.88,2160997.63,30643343.59,156,0,1,0,0,DUPGRP-2624,0,1.2,0,0.002277039570741251,0.75,High,0.99
MPLAD-2626,M. MALLESH BABU,Karnataka,KOLAR(SC),147065957.11,Health Sub-Centre,Vendor_013,3820407.57,3820407.57,3830916.61,34463751.16,208,0,0,0,0,,0,0.3,0,0.0004097165670526697,0.0,Low,0.91
MPLAD-2627,M. MALLESH BABU,Karnataka,KOLAR(SC),147065957.11,School Building,Vendor_017,3708947.8,3708947.8,3647343.58,38172698.95,117,0,0,0,0,,0,1.7,1,4.1880803215627106e-05,0.4,Medium,0.74
MPLAD-2628,M.K. VISHNUPRASAD,Tamil Nadu,CUDDALORE,147000000.0,Health Sub-Centre,Vendor_016,3110830.02,3110830.02,3073432.7,3110830.02,129,0,0,0,0,,0,1.2,0,5.4580786669547784e-05,0.0,Low,0.74
MPLAD-2629,M.K. VISHNUPRASAD,Tamil Nadu,CUDDALORE,147000000.0,Community Hall,Vendor_017,2773176.6,2773176.6,2765639.22,5884006.62,211,0,0,0,0,,0,0.3,1,0.0009133791930172976,0.4,Medium,0.99
MPLAD-2630,M.K. VISHNUPRASAD,Tamil Nadu,CUDDALORE,147000000.0,Solar Street Lighting,Vendor_004,1036743.37,1036743.37,1043075.35,6920749.99,147,0,0,0,0,,0,0.6,1,0.0014196108505413704,0.4,Medium,0.69
MPLAD-2631,Maddila Gurumoorthy,Andhra Pradesh,TIRUPATI(SC),180399007.0,Community Hall,Vendor_014,2732866.59,2732866.59,2775667.57,2732866.59,200,0,0,0,0,,0,1.6,0,0.000832609307088061,0.001,Low,0.98
MPLAD-2632,Maddila Gurumoorthy,Andhra Pradesh,TIRUPATI(SC),180399007.0,Community Hall,Vendor_010,3170947.46,3170947.46,3120570.01,5903814.05,132,0,0,0,0,,0,1.6,0,0.005961893285571774,0.006,Low,1.13
MPLAD-2633,Maddila Gurumoorthy,Andhra Pradesh,TIRUPATI(SC),180399007.0,School Building,Vendor_005,4930700.25,4930700.25,4922069.56,10834514.31,190,0,1,0,0,DUPGRP-2633,0,0.2,0,0.0003327229367633755,0.75,High,0.99
MPLAD-2634,Maddila Gurumoorthy,Andhra Pradesh,TIRUPATI(SC),180399007.0,School Building,Vendor_005,4942985.44,4942985.44,5000473.32,15777499.75,181,0,1,0,0,DUPGRP-2633,0,1.2,0,0.00032959826623395796,0.75,High,0.99
MPLAD-2635,Maddila Gurumoorthy,Andhra Pradesh,TIRUPATI(SC),180399007.0,School Building,Vendor_022,4578704.37,4578704.37,4580683.26,20356204.11,148,0,0,0,0,,0,0.0,1,0.00015663776993155487,0.4,Medium,0.92
MPLAD-2636,Maddila Gurumoorthy,Andhra Pradesh,TIRUPATI(SC),180399007.0,School Building,Vendor_013,3424524.3,3424524.3,3357988.69,23780728.41,114,0,0,0,0,,0,1.9,0,2.6617947235770455e-05,0.0,Low,0.68
MPLAD-2637,Maddila Gurumoorthy,Andhra Pradesh,TIRUPATI(SC),180399007.0,School Building,Vendor_006,7225344.86,7225344.86,7147022.54,31006073.28,167,0,0,0,0,,0,1.1,0,0.0675131765815932,0.068,Low,1.45
MPLAD-2638,Maddila Gurumoorthy,Andhra Pradesh,TIRUPATI(SC),180399007.0,Community Hall,Vendor_012,3978832.0,3978832.0,4005097.35,34984905.28,109,0,0,0,0,,0,0.7,0,0.057839969384329414,0.058,Low,1.42
MPLAD-2639,Maddila Gurumoorthy,Andhra Pradesh,TIRUPATI(SC),180399007.0,Health Sub-Centre,Vendor_017,4011816.77,4011816.77,4066354.95,38996722.05,110,0,1,0,0,DUPGRP-2639,0,1.4,1,0.00040684383227360186,1.0,High,0.96
MPLAD-2640,Maddila Gurumoorthy,Andhra Pradesh,TIRUPATI(SC),180399007.0,Health Sub-Centre,Vendor_002,3945116.89,3945116.89,3976131.66,42941838.94,110,0,1,0,0,DUPGRP-2639,0,0.8,0,0.0003557192607664053,0.75,High,0.94
MPLAD-2641,MADHAVANENI RAGHUNANDAN RAO,Telangana,MEDAK,147000000.0,Drinking Water Supply,Vendor_008,1916327.49,1916327.49,1917579.14,1916327.49,147,0,0,0,0,,0,0.1,0,0.0012010410446778694,0.001,Low,0.87
MPLAD-2642,MADHAVANENI RAGHUNANDAN RAO,Telangana,MEDAK,147000000.0,School Building,Vendor_020,5845003.25,5845003.25,5850776.09,7761330.75,153,0,0,0,0,,0,0.1,0,0.002781514130840885,0.003,Low,1.17
MPLAD-2643,MADHAVANENI RAGHUNANDAN RAO,Telangana,MEDAK,147000000.0,Solar Street Lighting,Vendor_011,1643739.84,1643739.84,1659909.12,9405070.59,189,0,0,0,0,,0,1.0,0,0.010633121105356583,0.011,Low,1.1
MPLAD-2644,MADHAVANENI RAGHUNANDAN RAO,Telangana,MEDAK,147000000.0,Health Sub-Centre,Vendor_017,1922717.31,1922717.31,1951404.74,11327787.89,247,0,0,0,0,,0,1.5,1,3.340710389839022e-05,0.4,Medium,0.46
MPLAD-2645,MADHAVANENI RAGHUNANDAN RAO,Telangana,MEDAK,147000000.0,School Building,Vendor_002,5675999.28,5675999.28,6826634.79,17003787.18,166,0,0,0,1,,0,20.3,0,0.001806731590884569,0.683,High,1.14
MPLAD-2646,Magunta Sreenivasulu Reddy,Andhra Pradesh,ONGOLE,147000000.0,Drinking Water Supply,Vendor_011,2093097.82,2093097.82,2058498.35,2093097.82,133,0,0,0,0,,0,1.7,0,0.0023693647250357824,0.002,Low,0.95
MPLAD-2647,Magunta Sreenivasulu Reddy,Andhra Pradesh,ONGOLE,147000000.0,Road Construction,Vendor_023,3290667.28,3290667.28,3327979.31,5383765.1,135,0,0,0,0,,0,1.1,0,0.000555057441471837,0.001,Low,0.94
MPLAD-2648,Magunta Sreenivasulu Reddy,Andhra Pradesh,ONGOLE,147000000.0,Drinking Water Supply,Vendor_005,5450513.84,5450513.84,5386038.09,10834278.94,235,1,0,0,0,,0,1.2,0,0.9658425894702224,0.966,High,2.48
MPLAD-2649,Magunta Sreenivasulu Reddy,Andhra Pradesh,ONGOLE,147000000.0,School Building,Vendor_015,6271287.43,6271287.43,6148170.94,17105566.37,227,0,0,0,0,,0,2.0,0,0.008976029619294083,0.009,Low,1.25
MPLAD-2650,Magunta Sreenivasulu Reddy,Andhra Pradesh,ONGOLE,147000000.0,Sports Infrastructure,Vendor_023,5735735.61,5735735.61,5623220.12,22841301.97,166,1,0,0,0,,0,2.0,0,0.735439825490129,0.735,High,1.91
MPLAD-2651,Magunta Sreenivasulu Reddy,Andhra Pradesh,ONGOLE,147000000.0,Sports Infrastructure,Vendor_015,3868652.24,3868652.24,3924673.07,26709954.21,290,0,1,1,0,DUPGRP-2651,0,1.4,0,0.011765311185039356,0.75,High,1.29
MPLAD-2652,Magunta Sreenivasulu Reddy,Andhra Pradesh,ONGOLE,147000000.0,Sports Infrastructure,Vendor_025,3845235.49,3845235.49,3812474.56,30555189.7,284,0,1,1,0,DUPGRP-2651,0,0.9,0,0.0113216269258047,0.75,High,1.28
MPLAD-2653,Magunta Sreenivasulu Reddy,Andhra Pradesh,ONGOLE,147000000.0,Solar Street Lighting,Vendor_022,1825435.78,1825435.78,1832475.39,32380625.48,88,0,0,0,0,,0,0.4,1,0.015754946415467586,0.4,Medium,1.22
MPLAD-2654,Mahendra Singh Solanky,Madhya Pradesh,DEWAS(SC),147000000.0,Community Hall,Vendor_014,3543807.8,3543807.8,3607913.48,3543807.8,135,0,0,0,0,,0,1.8,0,0.013337841507340837,0.013,Low,1.27
MPLAD-2655,Mahendra Singh Solanky,Madhya Pradesh,DEWAS(SC),147000000.0,Drinking Water Supply,Vendor_010,1742457.16,1742457.16,1708698.61,5286264.96,228,0,0,0,0,,0,1.9,0,0.0009051406893892024,0.001,Low,0.79
MPLAD-2656,Mahendra Singh Solanky,Madhya Pradesh,DEWAS(SC),147000000.0,School Building,Vendor_025,909650.75,909650.75,919415.48,6195915.71,30,0,1,0,0,DUPGRP-2656,0,1.1,0,5.024409793195736e-05,0.75,High,0.18
MPLAD-2657,Mahendra Singh Solanky,Madhya Pradesh,DEWAS(SC),147000000.0,School Building,Vendor_025,894283.43,894283.43,876937.48,7090199.14,30,0,1,0,0,DUPGRP-2656,0,1.9,0,4.9749756107347564e-05,0.75,High,0.18
MPLAD-2658,MAHESH KASHYAP,Chhattisgarh,BASTAR(ST),147000000.0,Road Construction,Vendor_004,4988168.59,4988168.59,5015019.01,4988168.59,191,0,0,0,0,,0,0.5,1,0.03687652519583133,0.4,Medium,1.43
MPLAD-2659,MAHESH KASHYAP,Chhattisgarh,BASTAR(ST),147000000.0,Health Sub-Centre,Vendor_022,7709858.88,7709858.88,7707373.34,12698027.47,273,1,0,1,0,,0,0.0,1,0.6945267579583233,0.695,High,1.84
MPLAD-2660,MAHESH KASHYAP,Chhattisgarh,BASTAR(ST),147000000.0,Solar Street Lighting,Vendor_019,1593749.94,1593749.94,1610035.12,14291777.42,168,0,0,0,0,,0,1.0,0,0.007568531021877673,0.008,Low,1.06
MPLAD-2661,Mahesh Sharma GAUTAM BUDDHA,Uttar Pradesh,NAGAR,148816284.11,Drinking Water Supply,Vendor_012,3035732.99,3035732.99,3048765.34,3035732.99,143,0,0,0,0,,0,0.4,0,0.028189149040864035,0.028,Low,1.38
MPLAD-2662,Mahesh Sharma GAUTAM BUDDHA,Uttar Pradesh,NAGAR,148816284.11,Drinking Water Supply,Vendor_008,1223931.37,1223931.37,1206638.72,4259664.35,110,0,0,0,0,,0,1.4,0,0.00043983087889905656,0.0,Low,0.56
MPLAD-2663,Mahesh Sharma GAUTAM BUDDHA,Uttar Pradesh,NAGAR,148816284.11,School Building,Vendor_017,4710790.87,4710790.87,4624358.81,8970455.22,99,0,0,0,0,,0,1.8,1,0.0004431174621156102,0.4,Medium,0.94
MPLAD-2664,Mahesh Sharma GAUTAM BUDDHA,Uttar Pradesh,NAGAR,148816284.11,Road Construction,Vendor_002,4085026.47,4085026.47,4123444.65,13055481.69,282,0,0,1,0,,0,0.9,0,0.00940120884027803,0.009,Low,1.17
MPLAD-2665,Mahesh Sharma GAUTAM BUDDHA,Uttar Pradesh,NAGAR,148816284.11,Community Hall,Vendor_010,3947170.93,3947170.93,3885674.22,17002652.63,126,0,1,0,0,DUPGRP-2665,0,1.6,0,0.0402282971975823,0.75,High,1.41
MPLAD-2666,Mahesh Sharma GAUTAM BUDDHA,Uttar Pradesh,NAGAR,148816284.11,Community Hall,Vendor_010,4051201.51,4051201.51,3987358.98,21053854.14,114,0,1,0,0,DUPGRP-2665,0,1.6,0,0.062231206054731376,0.75,High,1.45
MPLAD-2667,MAHIMA KUMARI MEWAR,Rajasthan,RAJSAMAND,183892143.0,Road Construction,Vendor_001,7514955.79,7514955.79,7476247.05,7514955.79,185,1,0,0,0,,0,0.5,0,0.9611509571200961,0.961,High,2.15
MPLAD-2668,MAHIMA KUMARI MEWAR,Rajasthan,RAJSAMAND,183892143.0,Health Sub-Centre,Vendor_022,3832893.01,3832893.01,4805327.36,11347848.8,80,0,0,0,1,,0,25.4,1,0.0005107574927105991,1.0,High,0.91
MPLAD-2669,MAHIMA KUMARI MEWAR,Rajasthan,RAJSAMAND,183892143.0,Solar Street Lighting,Vendor_006,1265074.33,1265074.33,1268506.53,12612923.12,199,0,0,0,0,,0,0.3,0,0.003951119213141763,0.004,Low,0.84
MPLAD-2670,MAHIMA KUMARI MEWAR,Rajasthan,RAJSAMAND,183892143.0,Solar Street Lighting,Vendor_016,761599.68,761599.68,755170.49,13374522.8,199,0,0,0,0,,0,0.8,0,0.0009652842892834341,0.001,Low,0.51
MPLAD-2671,MAHIMA KUMARI MEWAR,Rajasthan,RAJSAMAND,183892143.0,Drinking Water Supply,Vendor_009,1862228.33,1862228.33,1870186.11,15236751.13,163,0,0,0,0,,0,0.4,0,0.0008671529667275542,0.001,Low,0.85
MPLAD-2672,MAHIMA KUMARI MEWAR,Rajasthan,RAJSAMAND,183892143.0,Drinking Water Supply,Vendor_018,3035598.43,3035598.43,3032284.39,18272349.56,252,0,0,0,0,,0,0.1,0,0.04488501545135389,0.045,Low,1.38
MPLAD-2673,MAHIMA KUMARI MEWAR,Rajasthan,RAJSAMAND,183892143.0,School Building,Vendor_023,9671705.64,9671705.64,9856093.11,27944055.19,158,1,0,0,0,,0,1.9,0,0.9283758043839593,0.928,High,1.93
MPLAD-2674,MAHIMA KUMARI MEWAR,Rajasthan,RAJSAMAND,183892143.0,Drinking Water Supply,Vendor_020,2860331.68,2860331.68,2915128.98,30804386.87,76,0,1,0,0,DUPGRP-2674,0,1.9,0,0.03553378396833567,0.75,High,1.3
MPLAD-2675,MAHIMA KUMARI MEWAR,Rajasthan,RAJSAMAND,183892143.0,Drinking Water Supply,Vendor_020,2829458.78,2829458.78,2821918.93,33633845.65,67,0,1,0,0,DUPGRP-2674,0,0.3,0,0.03608621300716344,0.75,High,1.29
MPLAD-2676,Mala Rajya Laxmi Shah TEHRI,Uttarakhand,GARHWAL,147000000.0,Sports Infrastructure,Vendor_011,2988544.11,2988544.11,3551609.37,2988544.11,114,0,0,0,1,,0,18.8,0,0.002708644715057833,0.668,High,1.0
MPLAD-2677,Mala Rajya Laxmi Shah TEHRI,Uttarakhand,GARHWAL,147000000.0,Solar Street Lighting,Vendor_022,749595.72,749595.72,758988.52,3738139.83,193,0,0,0,0,,0,1.3,1,0.0008688912919640248,0.4,Medium,0.5
MPLAD-2678,Mala Rajya Laxmi Shah TEHRI,Uttarakhand,GARHWAL,147000000.0,Community Hall,Vendor_017,2235195.53,2235195.53,2215271.95,5973335.36,88,0,0,0,0,,0,0.9,1,0.002554155359864194,0.4,Medium,0.8
MPLAD-2679,Mala Rajya Laxmi Shah TEHRI,Uttarakhand,GARHWAL,147000000.0,Community Hall,Vendor_011,1787372.91,1787372.91,1801778.99,7760708.28,184,0,0,0,0,,0,0.8,0,0.00011381594905318914,0.0,Low,0.64
MPLAD-2680,Mala Rajya Laxmi Shah TEHRI,Uttarakhand,GARHWAL,147000000.0,Community Hall,Vendor_022,3032106.26,3032106.26,3563904.8,10792814.53,238,0,0,0,1,,0,17.5,1,0.00194922988647695,1.0,High,1.08
MPLAD-2681,Mala Roy KOLKATA,West Bengal,DAKSHIN,147000000.0,Sports Infrastructure,Vendor_015,3075822.93,3075822.93,3122854.67,3075822.93,73,0,0,0,0,,0,1.5,0,0.007456277010019637,0.007,Low,1.03
MPLAD-2682,Mala Roy KOLKATA,West Bengal,DAKSHIN,147000000.0,Road Construction,Vendor_022,2957729.64,2957729.64,2961725.69,6033552.57,271,0,0,1,0,,0,0.1,1,0.0008366201863698569,0.4,Medium,0.85
MPLAD-2683,Mala Roy KOLKATA,West Bengal,DAKSHIN,147000000.0,Community Hall,Vendor_013,2580357.36,2580357.36,3039184.41,8613909.93,210,0,0,0,1,,0,17.8,0,0.0005926400028909012,0.658,Medium,0.92
MPLAD-2684,MALAIYARASAN D,Tamil Nadu,KALLAKURICHI,201599593.0,Drinking Water Supply,Vendor_022,1512432.22,1512432.22,1483875.8,1512432.22,220,0,0,0,0,,0,1.9,1,0.00042634644960700937,0.4,Medium,0.69
MPLAD-2685,MALAIYARASAN D,Tamil Nadu,KALLAKURICHI,201599593.0,Community Hall,Vendor_015,2386355.23,2386355.23,2414794.03,3898787.45,116,0,0,0,0,,0,1.2,0,0.0015654114621436158,0.002,Low,0.85
MPLAD-2686,MALAIYARASAN D,Tamil Nadu,KALLAKURICHI,201599593.0,Road Construction,Vendor_015,3755169.43,3755169.43,3796898.7,7653956.88,114,0,0,0,0,,0,1.1,0,0.0023993112162994054,0.002,Low,1.07
MPLAD-2687,MALAIYARASAN D,Tamil Nadu,KALLAKURICHI,201599593.0,Community Hall,Vendor_001,1766520.29,1766520.29,2252857.78,9420477.17,152,0,1,0,1,DUPGRP-2687,0,27.5,0,0.00017350320034255093,1.0,High,0.63
MPLAD-2688,MALAIYARASAN D,Tamil Nadu,KALLAKURICHI,201599593.0,Community Hall,Vendor_001,1795468.08,1795468.08,1768335.79,11215945.25,158,0,1,0,0,DUPGRP-2687,0,1.5,0,0.00016339753317461857,0.75,High,0.64
MPLAD-2689,MALAIYARASAN D,Tamil Nadu,KALLAKURICHI,201599593.0,Drinking Water Supply,Vendor_010,3908256.9,3908256.9,3936156.95,15124202.15,159,0,0,0,0,,0,0.7,0,0.2564694210380303,0.256,Low,1.78
MPLAD-2690,MALVIKA DEVI,Odisha,KALAHANDI,147000000.0,Health Sub-Centre,Vendor_019,6505481.54,6505481.54,8909161.93,6505481.54,191,0,1,0,1,DUPGRP-2690,0,36.9,0,0.13351421229317076,1.0,High,1.55
MPLAD-2691,MALVIKA DEVI,Odisha,KALAHANDI,147000000.0,Health Sub-Centre,Vendor_019,6286809.44,6286809.44,6402136.82,12792290.98,189,0,1,0,0,DUPGRP-2690,0,1.8,0,0.08302219377371262,0.75,High,1.5
MPLAD-2692,MALVIKA DEVI,Odisha,KALAHANDI,147000000.0,Health Sub-Centre,Vendor_018,1897150.68,1897150.68,1867867.39,14689441.67,106,0,0,0,0,,0,1.5,0,1.059906215141372e-05,0.0,Low,0.45
MPLAD-2693,MALVIKA DEVI,Odisha,KALAHANDI,147000000.0,Road Construction,Vendor_017,4174658.04,4174658.04,4122967.45,18864099.71,216,0,0,0,0,,0,1.2,1,0.0052918672798737375,0.4,Medium,1.19
MPLAD-2694,MALVINDER SINGH KANG ANANDPUR,Punjab,SAHIB,147000000.0,School Building,Vendor_004,6275215.1,6275215.1,6343301.96,6275215.1,283,0,0,1,0,,0,1.1,1,0.01380609265931652,0.4,Medium,1.26
MPLAD-2695,MALVINDER SINGH KANG ANANDPUR,Punjab,SAHIB,147000000.0,Sports Infrastructure,Vendor_012,2280966.4,2280966.4,2237357.9,8556181.5,164,0,0,0,0,,0,1.9,0,0.000244110979787804,0.0,Low,0.76
MPLAD-2696,MALVINDER SINGH KANG ANANDPUR,Punjab,SAHIB,147000000.0,School Building,Vendor_004,5928327.23,5928327.23,5989208.56,14484508.73,247,0,0,0,0,,0,1.0,1,0.0050806973286450655,0.4,Medium,1.19
MPLAD-2697,MALVINDER SINGH KANG ANANDPUR,Punjab,SAHIB,147000000.0,Sports Infrastructure,Vendor_007,3414362.08,3414362.08,3391856.89,17898870.81,198,0,0,0,0,,0,0.7,0,0.0040049133923306095,0.004,Low,1.14
MPLAD-2698,MALVINDER SINGH KANG ANANDPUR,Punjab,SAHIB,147000000.0,Health Sub-Centre,Vendor_023,2630406.78,2630406.78,2599544.0,20529277.59,244,0,1,0,0,DUPGRP-2698,0,1.2,0,9.620016124034313e-05,0.75,High,0.63
MPLAD-2699,MALVINDER SINGH KANG ANANDPUR,Punjab,SAHIB,147000000.0,Health Sub-Centre,Vendor_023,2596807.33,2596807.33,2629475.99,23126084.92,235,0,1,0,0,DUPGRP-2698,0,1.3,0,6.987005315817776e-05,0.75,High,0.62
MPLAD-2700,MANI. A.,Tamil Nadu,DHARAMAPURI,164515071.11,Solar Street Lighting,Vendor_013,1536069.03,1536069.03,1520249.94,1536069.03,318,0,0,1,0,,0,1.0,0,0.01725994909115528,0.017,Low,1.02
MPLAD-2701,MANI. A.,Tamil Nadu,DHARAMAPURI,164515071.11,Health Sub-Centre,Vendor_021,8342948.93,8342948.93,8216818.08,9879017.96,173,1,0,0,0,,0,1.5,0,0.8789184633768166,0.879,High,1.99
MPLAD-2702,MANI. A.,Tamil Nadu,DHARAMAPURI,164515071.11,Sports Infrastructure,Vendor_023,4769191.17,4769191.17,4684871.61,14648209.12,59,0,0,0,0,,0,1.8,0,0.2639598206013088,0.264,Low,1.59
MPLAD-2703,Manickam Tagore B,Tamil Nadu,VIRUDHUNAGAR,147000000.0,Health Sub-Centre,Vendor_004,4269399.55,4269399.55,4185525.71,4269399.55,217,0,0,0,0,,0,2.0,1,0.0012890957587615272,0.4,Medium,1.02
MPLAD-2704,Manickam Tagore B,Tamil Nadu,VIRUDHUNAGAR,147000000.0,Health Sub-Centre,Vendor_012,8120123.54,8120123.54,8161850.53,12389523.1,185,1,0,0,0,,0,0.5,0,0.836950275533728,0.837,High,1.93
MPLAD-2705,Manickam Tagore B,Tamil Nadu,VIRUDHUNAGAR,147000000.0,Road Construction,Vendor_018,2956088.57,2956088.57,2926370.28,15345611.66,283,0,0,1,0,,0,1.0,0,0.0011078258125964227,0.001,Low,0.84
MPLAD-2706,MANISH JAISWAL,Jharkhand,HAZARIBAGH,147000000.0,Drinking Water Supply,Vendor_014,2905659.85,2905659.85,2906052.46,2905659.85,166,0,0,0,0,,0,0.0,0,0.016427262341117282,0.016,Low,1.32
MPLAD-2707,MANISH JAISWAL,Jharkhand,HAZARIBAGH,147000000.0,Road Construction,Vendor_009,3403351.61,3403351.61,3341108.84,6309011.46,197,0,0,0,0,,0,1.8,0,0.0006485302850325154,0.001,Low,0.97
MPLAD-2708,MANISH JAISWAL,Jharkhand,HAZARIBAGH,147000000.0,Sports Infrastructure,Vendor_021,2265840.83,2265840.83,2277254.78,8574852.29,226,0,1,0,0,DUPGRP-2708,0,0.5,0,0.0002680661842021168,0.75,High,0.76
MPLAD-2709,MANISH JAISWAL,Jharkhand,HAZARIBAGH,147000000.0,Sports Infrastructure,Vendor_021,2342394.63,2342394.63,2378851.31,10917246.92,224,0,1,0,0,DUPGRP-2708,0,1.6,0,0.0003126620500443233,0.75,High,0.78
MPLAD-2710,MANISH JAISWAL,Jharkhand,HAZARIBAGH,147000000.0,School Building,Vendor_017,12498177.87,12498177.87,12379277.16,23415424.79,354,1,0,1,0,,0,1.0,1,0.7835700956189794,0.784,High,2.5
MPLAD-2711,MANISH JAISWAL,Jharkhand,HAZARIBAGH,147000000.0,Health Sub-Centre,Vendor_022,8879095.69,8879095.69,8956271.4,32294520.48,182,1,0,0,0,,0,0.9,1,0.9564999780059353,0.956,High,2.11
MPLAD-2712,MANISH JAISWAL,Jharkhand,HAZARIBAGH,147000000.0,Road Construction,Vendor_019,4482086.48,4482086.48,4449582.86,36776606.96,157,0,0,0,0,,0,0.7,0,0.009638250676079266,0.01,Low,1.28
MPLAD-2713,MANISH JAISWAL,Jharkhand,HAZARIBAGH,147000000.0,Road Construction,Vendor_024,1108476.42,1108476.42,1290002.73,37885083.39,137,0,0,0,1,,0,16.4,0,5.48370257073851e-06,0.644,Medium,0.32
MPLAD-2714,MANISH JAISWAL,Jharkhand,HAZARIBAGH,147000000.0,Sports Infrastructure,Vendor_011,7611063.09,7611063.09,7715473.55,45496146.47,175,1,0,0,0,,0,1.4,0,0.9965610394504818,0.997,High,2.54
MPLAD-2715,MANISH TEWARI,Chandigarh,CHANDIGARH,178351443.75,Road Construction,Vendor_008,8896577.89,8896577.89,8872994.08,8896577.89,159,1,0,0,0,,0,0.3,0,0.9978195485002971,0.998,High,2.54
MPLAD-2716,MANISH TEWARI,Chandigarh,CHANDIGARH,178351443.75,Solar Street Lighting,Vendor_020,1013915.9,1013915.9,1008270.69,9910493.78,91,0,0,0,0,,0,0.6,0,0.002200707031142875,0.002,Low,0.68
MPLAD-2717,MANISH TEWARI,Chandigarh,CHANDIGARH,178351443.75,Solar Street Lighting,Vendor_001,1265839.24,1265839.24,1270297.77,11176333.02,282,0,0,1,0,,0,0.4,0,0.009212894484379614,0.009,Low,0.84
MPLAD-2718,MANISH TEWARI,Chandigarh,CHANDIGARH,178351443.75,Road Construction,Vendor_014,3033791.52,3033791.52,3075849.73,14210124.54,229,0,0,0,0,,0,1.4,0,0.00040955595738028164,0.0,Low,0.87
MPLAD-2719,MANISH TEWARI,Chandigarh,CHANDIGARH,178351443.75,Drinking Water Supply,Vendor_004,4153004.68,4153004.68,4230808.69,18363129.22,216,0,0,0,0,,0,1.9,1,0.41515475590212847,0.415,Medium,1.89
MPLAD-2720,MANISH TEWARI,Chandigarh,CHANDIGARH,178351443.75,Road Construction,Vendor_006,2807189.58,2807189.58,2802518.99,21170318.8,89,0,0,0,0,,0,0.2,0,0.0005569934969861121,0.001,Low,0.8
MPLAD-2721,MANISH TEWARI,Chandigarh,CHANDIGARH,178351443.75,Drinking Water Supply,Vendor_003,864962.38,864962.38,874349.43,22035281.18,246,0,0,0,0,,0,1.1,0,0.000181839030380148,0.0,Low,0.39
MPLAD-2722,MANISH TEWARI,Chandigarh,CHANDIGARH,178351443.75,Solar Street Lighting,Vendor_022,1715799.82,1715799.82,1693020.69,23751081.0,197,0,0,0,0,,0,1.3,1,0.01428371184305424,0.4,Medium,1.14
MPLAD-2723,MANJU SHARMA,Rajasthan,JAIPUR,167082901.11,Health Sub-Centre,Vendor_021,3551595.3,3551595.3,3530987.81,3551595.3,147,0,0,0,0,,0,0.6,0,0.00012046193321602643,0.0,Low,0.85
MPLAD-2724,MANJU SHARMA,Rajasthan,JAIPUR,167082901.11,Solar Street Lighting,Vendor_010,1093093.18,1093093.18,1100833.78,4644688.48,190,0,0,0,0,,0,0.7,0,0.0021873201756510137,0.002,Low,0.73
MPLAD-2725,MANJU SHARMA,Rajasthan,JAIPUR,167082901.11,Sports Infrastructure,Vendor_016,2524515.26,2524515.26,2571392.5,7169203.74,140,0,0,0,0,,0,1.9,0,0.0005695702331678893,0.001,Low,0.84
MPLAD-2726,MANNA LAL RAWAT,Rajasthan,UDAIPUR(ST),147000000.0,Solar Street Lighting,Vendor_017,1269354.49,1269354.49,1283451.56,1269354.49,213,0,0,0,0,,0,1.1,1,0.004727236769952823,0.4,Medium,0.85
MPLAD-2727,MANNA LAL RAWAT,Rajasthan,UDAIPUR(ST),147000000.0,Solar Street Lighting,Vendor_002,2361224.03,2361224.03,2345428.74,3630578.52,230,0,0,0,0,,0,0.7,0,0.11575126325280369,0.116,Low,1.57
MPLAD-2728,MANNA LAL RAWAT,Rajasthan,UDAIPUR(ST),147000000.0,Road Construction,Vendor_024,6117680.77,6117680.77,6142795.79,9748259.29,245,1,0,0,0,,0,0.4,0,0.41569207579375006,0.416,Medium,1.75
MPLAD-2729,MANNA LAL RAWAT,Rajasthan,UDAIPUR(ST),147000000.0,Health Sub-Centre,Vendor_002,6348491.1,6348491.1,6445556.48,16096750.39,134,0,0,0,0,,0,1.5,0,0.06058588458384115,0.061,Low,1.51
MPLAD-2730,MANOHAR LAL,Haryana,KARNAL,147000000.0,Health Sub-Centre,Vendor_015,5707951.21,5707951.21,5672880.09,5707951.21,204,0,0,0,0,,0,0.6,0,0.02714596240437414,0.027,Low,1.36
MPLAD-2731,MANOHAR LAL,Haryana,KARNAL,147000000.0,Community Hall,Vendor_024,3240668.14,3240668.14,3215046.61,8948619.35,235,0,0,0,0,,0,0.8,0,0.0029837699177899233,0.003,Low,1.16
MPLAD-2732,MANOHAR LAL,Haryana,KARNAL,147000000.0,School Building,Vendor_017,3322471.66,3322471.66,3282474.99,12271091.01,186,0,0,0,0,,0,1.2,1,1.0838433058153704e-05,0.4,Medium,0.66
MPLAD-2733,MANOHAR LAL,Haryana,KARNAL,147000000.0,Drinking Water Supply,Vendor_017,2347814.92,2347814.92,2374083.36,14618905.93,165,0,0,0,0,,0,1.1,1,0.003310965053458351,0.4,Medium,1.07
MPLAD-2734,MANOHAR LAL,Haryana,KARNAL,147000000.0,Road Construction,Vendor_017,2996183.61,2996183.61,2972916.21,17615089.53,181,0,0,0,0,,0,0.8,1,0.00021695725453232264,0.4,Medium,0.86
MPLAD-2735,MANOHAR LAL,Haryana,KARNAL,147000000.0,Solar Street Lighting,Vendor_007,1434712.27,1434712.27,1452323.16,19049801.8,207,0,0,0,0,,0,1.2,0,0.0070503110119587405,0.007,Low,0.96
MPLAD-2736,MANOHAR LAL,Haryana,KARNAL,147000000.0,Health Sub-Centre,Vendor_012,3800149.39,3800149.39,4884065.83,22849951.2,121,0,0,0,1,,0,28.5,0,0.00023243430539924827,0.765,High,0.9
MPLAD-2737,MANOHAR LAL,Haryana,KARNAL,147000000.0,Solar Street Lighting,Vendor_012,974504.81,974504.81,1220240.26,23824456.01,275,0,0,1,1,,0,25.2,0,0.004478106844404396,0.732,High,0.65
MPLAD-2738,MANOJ KUMAR,Bihar,SASARAM(SC),147000000.0,Health Sub-Centre,Vendor_011,4632665.74,4632665.74,4603654.93,4632665.74,65,0,0,0,0,,0,0.6,0,0.0029978863725935757,0.003,Low,1.1
MPLAD-2739,MANOJ KUMAR,Bihar,SASARAM(SC),147000000.0,Sports Infrastructure,Vendor_020,1780898.79,1780898.79,1782348.18,6413564.53,91,0,0,0,0,,0,0.1,0,0.00030532460191090924,0.0,Low,0.59
MPLAD-2740,MANOJ KUMAR,Bihar,SASARAM(SC),147000000.0,Drinking Water Supply,Vendor_025,1440080.74,1440080.74,1412342.83,7853645.28,188,0,0,0,0,,0,1.9,0,0.00025411383035441976,0.0,Low,0.65
MPLAD-2741,MANOJ KUMAR,Bihar,SASARAM(SC),147000000.0,Sports Infrastructure,Vendor_010,2840635.91,2840635.91,2796708.13,10694281.19,125,0,0,0,0,,0,1.5,0,0.0015620223965872762,0.002,Low,0.95
MPLAD-2742,MANOJ KUMAR,Bihar,SASARAM(SC),147000000.0,Sports Infrastructure,Vendor_024,2050959.71,2050959.71,2054012.21,12745240.9,187,0,0,0,0,,0,0.1,0,0.00013093946453201352,0.0,Low,0.68
MPLAD-2743,MANOJ KUMAR,Bihar,SASARAM(SC),147000000.0,Sports Infrastructure,Vendor_013,3229083.51,3229083.51,3278707.35,15974324.41,164,0,0,0,0,,0,1.5,0,0.0027682112088106663,0.003,Low,1.08
MPLAD-2744,MANOJ KUMAR,Bihar,SASARAM(SC),147000000.0,Solar Street Lighting,Vendor_013,1648971.56,1648971.56,1630804.42,17623295.97,176,0,0,0,0,,0,1.1,0,0.009515795968523155,0.01,Low,1.1
MPLAD-2745,MANOJ TIGGA,West Bengal,ALIPURDUARS(ST),147000000.0,Solar Street Lighting,Vendor_002,2353410.74,2353410.74,2988655.22,2353410.74,128,0,0,0,1,,0,27.0,0,0.053785925216278924,0.75,High,1.57
MPLAD-2746,MANOJ TIGGA,West Bengal,ALIPURDUARS(ST),147000000.0,Community Hall,Vendor_017,2879890.02,2879890.02,2907516.41,5233300.75,199,0,0,0,0,,0,1.0,1,0.0011695889562425767,0.4,Medium,1.03
MPLAD-2747,MANOJ TIGGA,West Bengal,ALIPURDUARS(ST),147000000.0,Drinking Water Supply,Vendor_020,674204.97,674204.97,666402.75,5907505.73,202,0,0,0,0,,0,1.2,0,4.1382023124757044e-05,0.0,Low,0.31
MPLAD-2748,MANOJ TIGGA,West Bengal,ALIPURDUARS(ST),147000000.0,Community Hall,Vendor_005,2733675.37,2733675.37,2781826.15,8641181.1,199,0,0,0,0,,0,1.8,0,0.0008360555145710548,0.001,Low,0.98
MPLAD-2749,MANOJ TIGGA,West Bengal,ALIPURDUARS(ST),147000000.0,Community Hall,Vendor_016,4576585.46,4576585.46,4502998.26,13217766.56,209,1,0,0,0,,0,1.6,0,0.06355715881119942,0.064,Low,1.63
MPLAD-2750,MANOJ TIGGA,West Bengal,ALIPURDUARS(ST),147000000.0,School Building,Vendor_016,5755151.16,5755151.16,5690478.6,18972917.72,92,0,0,0,0,,0,1.1,0,0.0041332607813953075,0.004,Low,1.15
MPLAD-2751,MANOJ TIGGA,West Bengal,ALIPURDUARS(ST),147000000.0,Community Hall,Vendor_022,2141934.18,2141934.18,2167959.11,21114851.9,88,0,0,0,0,,0,1.2,1,0.0021448726621494927,0.4,Medium,0.76
MPLAD-2752,Manoj Tiwari NORTH EAST,Delhi,DELHI,225843858.0,Drinking Water Supply,Vendor_011,1956433.58,1956433.58,1974990.35,1956433.58,258,0,0,0,0,,0,0.9,0,0.003498722866337258,0.003,Low,0.89
MPLAD-2753,Manoj Tiwari NORTH EAST,Delhi,DELHI,225843858.0,Drinking Water Supply,Vendor_002,1696324.61,1696324.61,1722908.85,3652758.2,106,0,0,0,0,,0,1.6,0,0.0014516480859714759,0.001,Low,0.77
MPLAD-2754,Manoj Tiwari NORTH EAST,Delhi,DELHI,225843858.0,Health Sub-Centre,Vendor_021,3314513.82,3314513.82,3310314.24,6967272.02,188,0,0,0,0,,0,0.1,0,9.930047006951414e-05,0.0,Low,0.79
MPLAD-2755,Mansukhbhai Dhanjibhai Vasava,Gujarat,BHARUCH,147000000.0,Health Sub-Centre,Vendor_022,5265698.49,5265698.49,5192212.55,5265698.49,282,0,0,1,0,,0,1.4,1,0.02705417314751842,0.4,Medium,1.25
MPLAD-2756,Mansukhbhai Dhanjibhai Vasava,Gujarat,BHARUCH,147000000.0,Drinking Water Supply,Vendor_022,2282458.43,2282458.43,2274749.16,7548156.92,163,0,0,0,0,,0,0.3,1,0.002790957375175821,0.4,Medium,1.04
MPLAD-2757,Mansukhbhai Dhanjibhai Vasava,Gujarat,BHARUCH,147000000.0,Road Construction,Vendor_010,7464589.44,7464589.44,7325507.85,15012746.37,195,1,0,0,0,,0,1.9,0,0.9553533577544926,0.955,High,2.13
MPLAD-2758,Mansukhbhai Dhanjibhai Vasava,Gujarat,BHARUCH,147000000.0,Road Construction,Vendor_007,2263896.73,2263896.73,3139254.32,17276643.1,326,0,0,1,1,,0,38.7,0,0.001224476665239819,0.85,High,0.65
MPLAD-2759,Mansukhbhai Dhanjibhai Vasava,Gujarat,BHARUCH,147000000.0,Sports Infrastructure,Vendor_016,2236862.51,2236862.51,2227568.07,19513505.61,186,0,0,0,0,,0,0.4,0,0.00020359448709959536,0.0,Low,0.75
MPLAD-2760,Mansukhbhai Dhanjibhai Vasava,Gujarat,BHARUCH,147000000.0,Health Sub-Centre,Vendor_022,7849572.12,7849572.12,7701768.48,27363077.73,166,1,0,0,0,,0,1.9,1,0.7094924248131712,0.709,High,1.87
MPLAD-2761,Mansukhbhai Dhanjibhai Vasava,Gujarat,BHARUCH,147000000.0,Drinking Water Supply,Vendor_015,1784526.95,1784526.95,1814721.21,29147604.68,180,0,1,0,0,DUPGRP-2761,0,1.7,0,0.0006397879969478133,0.75,High,0.81
MPLAD-2762,Mansukhbhai Dhanjibhai Vasava,Gujarat,BHARUCH,147000000.0,Drinking Water Supply,Vendor_001,1759662.84,1759662.84,1771612.28,30907267.53,185,0,1,0,0,DUPGRP-2761,0,0.7,0,0.0005955157986910721,0.75,High,0.8
MPLAD-2763,Mansukhbhai Dhanjibhai Vasava,Gujarat,BHARUCH,147000000.0,Community Hall,Vendor_008,4344130.08,4344130.08,4356613.25,35251397.61,185,0,0,0,0,,0,0.3,0,0.04380079445408799,0.044,Low,1.55
MPLAD-2764,MIAN ALTAF AHMAD,Jammu And Kashmir,ANANTNAG,147000000.0,Solar Street Lighting,Vendor_014,1125446.65,1125446.65,1144650.32,1125446.65,131,0,0,0,0,,0,1.7,0,0.001853860458204536,0.002,Low,0.75
MPLAD-2765,MIAN ALTAF AHMAD,Jammu And Kashmir,ANANTNAG,147000000.0,School Building,Vendor_019,5868592.36,5868592.36,5974737.32,6994039.01,208,0,0,0,0,,0,1.8,0,0.003208481609425009,0.003,Low,1.17
MPLAD-2766,MIAN ALTAF AHMAD,Jammu And Kashmir,ANANTNAG,147000000.0,Sports Infrastructure,Vendor_025,5314821.59,5314821.59,5351704.29,12308860.6,192,0,0,0,0,,0,0.7,0,0.42189613087194994,0.422,Medium,1.77
MPLAD-2767,MIAN ALTAF AHMAD,Jammu And Kashmir,ANANTNAG,147000000.0,Health Sub-Centre,Vendor_018,3105615.06,3105615.06,3138998.53,15414475.66,156,0,0,0,0,,0,1.1,0,4.867941642085838e-05,0.0,Low,0.74
MPLAD-2768,MIAN ALTAF AHMAD,Jammu And Kashmir,ANANTNAG,147000000.0,Sports Infrastructure,Vendor_001,1897517.23,1897517.23,1905323.22,17311992.9,200,0,0,0,0,,0,0.4,0,9.553794475730603e-05,0.0,Low,0.63
MPLAD-2769,MIAN ALTAF AHMAD,Jammu And Kashmir,ANANTNAG,147000000.0,Road Construction,Vendor_013,4482435.85,4482435.85,4457508.39,21794428.74,234,0,0,0,0,,0,0.6,0,0.013289321717675205,0.013,Low,1.28
MPLAD-2770,MIAN ALTAF AHMAD,Jammu And Kashmir,ANANTNAG,147000000.0,Road Construction,Vendor_001,2528317.44,2528317.44,2494953.89,24322746.18,104,0,0,0,0,,0,1.3,0,0.0001954490037330275,0.0,Low,0.72
MPLAD-2771,Midhun Reddy,Andhra Pradesh,RAJAMPET,178951477.11,Health Sub-Centre,Vendor_001,6845815.76,6845815.76,6916548.3,6845815.76,268,0,0,0,0,,0,1.0,0,0.3345733590692273,0.335,Medium,1.63
MPLAD-2772,Midhun Reddy,Andhra Pradesh,RAJAMPET,178951477.11,School Building,Vendor_004,3362791.49,3362791.49,4023227.13,10208607.25,160,0,0,0,1,,0,19.6,1,1.150026007013467e-05,1.0,High,0.67
MPLAD-2773,Midhun Reddy,Andhra Pradesh,RAJAMPET,178951477.11,Solar Street Lighting,Vendor_019,1914401.78,1914401.78,1951493.8,12123009.04,109,0,0,0,0,,0,1.9,0,0.016716731280758096,0.017,Low,1.28
MPLAD-2774,Midhun Reddy,Andhra Pradesh,RAJAMPET,178951477.11,Community Hall,Vendor_024,6555914.27,6555914.27,6446751.51,18678923.3,244,1,0,0,0,,0,1.7,0,0.8345514429172668,0.835,High,2.34
MPLAD-2775,Midhun Reddy,Andhra Pradesh,RAJAMPET,178951477.11,Drinking Water Supply,Vendor_010,3310302.39,3310302.39,3329560.65,21989225.69,206,1,0,0,0,,0,0.6,0,0.05273701620781368,0.053,Low,1.5
MPLAD-2776,MISHA BHARTI,Bihar,PATALIPUTRA,147000000.0,School Building,Vendor_024,11287184.2,11287184.2,15457358.99,11287184.2,224,1,0,0,1,,0,36.9,0,0.9897544384149396,0.99,High,2.26
MPLAD-2777,MISHA BHARTI,Bihar,PATALIPUTRA,147000000.0,School Building,Vendor_004,7036382.31,7036382.31,7111237.65,18323566.52,233,0,0,0,0,,0,1.1,1,0.04712715238760089,0.4,Medium,1.41
MPLAD-2778,MISHA BHARTI,Bihar,PATALIPUTRA,147000000.0,Solar Street Lighting,Vendor_018,1465898.51,1465898.51,1851124.89,19789465.03,182,0,0,0,1,,0,26.3,0,0.005889402150129459,0.743,High,0.98
MPLAD-2779,MISHA BHARTI,Bihar,PATALIPUTRA,147000000.0,Sports Infrastructure,Vendor_004,2678628.9,2678628.9,2710982.88,22468093.93,177,0,0,0,0,,0,1.2,1,0.0006172547655873606,0.4,Medium,0.89
MPLAD-2780,MISHA BHARTI,Bihar,PATALIPUTRA,147000000.0,Health Sub-Centre,Vendor_021,1240744.3,1240744.3,1217319.31,23708838.23,167,0,0,0,0,,0,1.9,0,2.046561224018139e-06,0.0,Low,0.3
MPLAD-2781,MISHA BHARTI,Bihar,PATALIPUTRA,147000000.0,Sports Infrastructure,Vendor_009,2176686.36,2176686.36,2174064.75,25885524.6,145,0,0,0,0,,0,0.1,0,0.00022870696232059226,0.0,Low,0.73
MPLAD-2782,MISHA BHARTI,Bihar,PATALIPUTRA,147000000.0,Community Hall,Vendor_017,5811260.2,5811260.2,5835824.45,31696784.8,165,1,0,0,0,,0,0.4,1,0.6946090418931062,0.695,High,2.08
MPLAD-2783,Mitesh Rameshbhai Bakabhai Patel,Gujarat,ANAND,147000000.0,Solar Street Lighting,Vendor_005,2276223.77,2276223.77,2233129.68,2276223.77,79,0,0,0,0,,0,1.9,0,0.04971828238676753,0.05,Low,1.52
MPLAD-2784,Mitesh Rameshbhai Bakabhai Patel,Gujarat,ANAND,147000000.0,School Building,Vendor_002,3290828.87,3290828.87,3287491.41,5567052.65,159,0,0,0,0,,0,0.1,0,1.0073883295120023e-05,0.0,Low,0.66
MPLAD-2785,Mitesh Rameshbhai Bakabhai Patel,Gujarat,ANAND,147000000.0,Road Construction,Vendor_017,4428652.61,4428652.61,4414089.84,9995705.26,230,0,0,0,0,,0,0.3,1,0.011262001592847426,0.4,Medium,1.27
MPLAD-2786,Mitesh Rameshbhai Bakabhai Patel,Gujarat,ANAND,147000000.0,Health Sub-Centre,Vendor_017,4374124.45,4374124.45,4320111.56,14369829.7,143,0,0,0,0,,0,1.2,1,0.0007155938447408276,0.4,Medium,1.04
MPLAD-2787,Mitesh Rameshbhai Bakabhai Patel,Gujarat,ANAND,147000000.0,Road Construction,Vendor_002,4699407.07,4699407.07,6309810.01,19069236.78,232,0,0,0,1,,0,34.3,0,0.022068530917630984,0.823,High,1.34
MPLAD-2788,Mohamed Haneefa,Ladakh,LADAKH,161114542.0,Solar Street Lighting,Vendor_012,2828378.62,2828378.62,2876183.06,2828378.62,124,1,0,0,0,,0,1.7,0,0.17952373504485164,0.18,Low,1.89
MPLAD-2789,Mohamed Haneefa,Ladakh,LADAKH,161114542.0,School Building,Vendor_010,4755199.24,4755199.24,4700223.29,7583577.86,145,0,1,0,0,DUPGRP-2789,0,1.2,0,0.0002373551176558366,0.75,High,0.95
MPLAD-2790,Mohamed Haneefa,Ladakh,LADAKH,161114542.0,School Building,Vendor_010,4756693.9,4756693.9,4738996.73,12340271.75,130,0,1,0,0,DUPGRP-2789,0,0.4,0,0.0002807369171216732,0.75,High,0.95
MPLAD-2791,Mohamed Haneefa,Ladakh,LADAKH,161114542.0,Sports Infrastructure,Vendor_002,2323850.95,2323850.95,2321560.59,14664122.7,64,0,0,0,0,,0,0.1,0,0.0019922080928455967,0.002,Low,0.77
MPLAD-2792,Mohamed Haneefa,Ladakh,LADAKH,161114542.0,School Building,Vendor_004,11530926.19,11530926.19,11671705.52,26195048.89,101,1,0,0,0,,0,1.2,1,0.9892122412873986,0.989,High,2.31
MPLAD-2793,Mohamed Haneefa,Ladakh,LADAKH,161114542.0,Sports Infrastructure,Vendor_024,2776807.05,2776807.05,2752499.21,28971855.94,155,0,0,0,0,,0,0.9,0,0.0009091360671539531,0.001,Low,0.93
MPLAD-2794,Mohamed Haneefa,Ladakh,LADAKH,161114542.0,Sports Infrastructure,Vendor_021,3385055.17,3385055.17,4133082.46,32356911.11,30,0,0,0,1,,0,22.1,0,0.030887264139114357,0.701,High,1.13
MPLAD-2795,Mohamed Haneefa,Ladakh,LADAKH,161114542.0,Solar Street Lighting,Vendor_023,1644379.83,1644379.83,1653384.38,34001290.93,192,0,0,0,0,,0,0.5,0,0.010990729800948383,0.011,Low,1.1
MPLAD-2796,MOHIBBULLAH,Uttar Pradesh,RAMPUR,147000000.0,Drinking Water Supply,Vendor_021,2157472.16,2157472.16,2161478.27,2157472.16,96,0,0,0,0,,0,0.2,0,0.005315666116534811,0.005,Low,0.98
MPLAD-2797,MOHIBBULLAH,Uttar Pradesh,RAMPUR,147000000.0,Community Hall,Vendor_016,3828547.31,3828547.31,3766924.54,5986019.46,186,0,1,0,0,DUPGRP-2797,0,1.6,0,0.012330932954630485,0.75,High,1.37
MPLAD-2798,MOHIBBULLAH,Uttar Pradesh,RAMPUR,147000000.0,Community Hall,Vendor_016,3749049.99,3749049.99,3769899.58,9735069.45,199,0,1,0,0,DUPGRP-2797,0,0.6,0,0.009239071220091526,0.75,High,1.34
MPLAD-2799,MOHIBBULLAH,Uttar Pradesh,RAMPUR,147000000.0,Road Construction,Vendor_023,4735277.14,4735277.14,4728407.53,14470346.59,151,0,0,0,0,,0,0.1,0,0.019115391153987832,0.019,Low,1.35
MPLAD-2800,MOHIBBULLAH,Uttar Pradesh,RAMPUR,147000000.0,Community Hall,Vendor_015,2623125.58,2623125.58,2590518.83,17093472.17,235,0,0,0,0,,0,1.2,0,0.0007874925967465548,0.001,Low,0.94
MPLAD-2801,MOHIBBULLAH,Uttar Pradesh,RAMPUR,147000000.0,Community Hall,Vendor_021,2677133.21,2677133.21,2704744.77,19770605.38,206,0,0,0,0,,0,1.0,0,0.0007306528009813153,0.001,Low,0.96
MPLAD-2802,MOHIBBULLAH,Uttar Pradesh,RAMPUR,147000000.0,Health Sub-Centre,Vendor_004,2719799.42,2719799.42,2755946.95,22490404.8,264,0,0,0,0,,0,1.3,1,0.0002042942773198684,0.4,Medium,0.65
MPLAD-2803,MOHITE PATIL DHAIRYASHEEL RAJSINH,Maharashtra,MADHA,195613601.7,Health Sub-Centre,Vendor_019,2375298.93,2375298.93,2365410.59,2375298.93,236,0,0,0,0,,0,0.4,0,4.9004440568151616e-05,0.0,Low,0.57
MPLAD-2804,MOHITE PATIL DHAIRYASHEEL RAJSINH,Maharashtra,MADHA,195613601.7,Solar Street Lighting,Vendor_004,1163909.18,1163909.18,1185500.52,3539208.11,261,0,0,0,0,,0,1.9,1,0.006151289789707045,0.4,Medium,0.78
MPLAD-2805,MOHITE PATIL DHAIRYASHEEL RAJSINH,Maharashtra,MADHA,195613601.7,Drinking Water Supply,Vendor_017,1105388.99,1105388.99,1122663.07,4644597.1,83,0,0,0,0,,0,1.6,1,0.0007063996229465243,0.4,Medium,0.5
MPLAD-2806,MOHITE PATIL DHAIRYASHEEL RAJSINH,Maharashtra,MADHA,195613601.7,Sports Infrastructure,Vendor_010,4267408.95,4267408.95,4316160.14,8912006.05,100,0,0,0,0,,0,1.1,0,0.07569689775168213,0.076,Low,1.42
MPLAD-2807,MOHITE PATIL DHAIRYASHEEL RAJSINH,Maharashtra,MADHA,195613601.7,Health Sub-Centre,Vendor_004,9110115.89,9110115.89,9067064.26,18022121.94,198,1,0,0,0,,0,0.5,1,0.9731431782140512,0.973,High,2.17
MPLAD-2808,MOHITE PATIL DHAIRYASHEEL RAJSINH,Maharashtra,MADHA,195613601.7,Road Construction,Vendor_016,1046985.32,1046985.32,1055307.88,19069107.25,218,0,0,0,0,,0,0.8,0,6.288406571600919e-06,0.0,Low,0.3
MPLAD-2809,Mr Gopal Jee Thakur,Bihar,DARBHANGA,147000000.0,School Building,Vendor_011,6508836.55,6508836.55,6582447.77,6508836.55,126,0,1,0,0,DUPGRP-2809,0,1.1,0,0.014765387600482925,0.75,High,1.3
MPLAD-2810,Mr Gopal Jee Thakur,Bihar,DARBHANGA,147000000.0,School Building,Vendor_011,6637008.82,6637008.82,6564541.13,13145845.37,129,0,1,0,0,DUPGRP-2809,0,1.1,0,0.019380014024305857,0.75,High,1.33
MPLAD-2811,Mr Gopal Jee Thakur,Bihar,DARBHANGA,147000000.0,Solar Street Lighting,Vendor_025,2289632.86,2289632.86,2297533.73,15435478.23,215,1,0,0,0,,0,0.3,0,0.08762020759678565,0.088,Low,1.53
MPLAD-2812,Mr Gopal Jee Thakur,Bihar,DARBHANGA,147000000.0,Road Construction,Vendor_012,4850865.49,4850865.49,4819251.69,20286343.71,135,0,1,0,0,DUPGRP-2812,0,0.7,0,0.028146854950138564,0.75,High,1.39
MPLAD-2813,Mr Gopal Jee Thakur,Bihar,DARBHANGA,147000000.0,Road Construction,Vendor_012,4668966.33,4668966.33,4710021.54,24955310.04,129,0,1,0,0,DUPGRP-2812,0,0.9,0,0.01865837497111337,0.75,High,1.33
MPLAD-2814,Mr Gopal Jee Thakur,Bihar,DARBHANGA,147000000.0,Sports Infrastructure,Vendor_017,1516751.68,1516751.68,1494777.16,26472061.72,200,0,0,0,0,,0,1.4,1,4.142639223756636e-05,0.4,Medium,0.51
MPLAD-2815,Mr Gopal Jee Thakur,Bihar,DARBHANGA,147000000.0,Solar Street Lighting,Vendor_023,1854557.19,1854557.19,2195974.4,28326618.92,189,0,0,0,1,,0,18.4,0,0.019776927448601066,0.664,High,1.24
MPLAD-2816,Mr Gopal Jee Thakur,Bihar,DARBHANGA,147000000.0,Solar Street Lighting,Vendor_019,1226470.36,1226470.36,1211105.18,29553089.28,225,0,0,0,0,,0,1.3,0,0.00485627746489417,0.005,Low,0.82
MPLAD-2817,Mr Gopal Jee Thakur,Bihar,DARBHANGA,147000000.0,Drinking Water Supply,Vendor_019,2824179.03,2824179.03,2861453.44,32377268.31,149,0,0,0,0,,0,1.3,0,0.014700235398733804,0.015,Low,1.28
MPLAD-2818,Mr Gopal Jee Thakur,Bihar,DARBHANGA,147000000.0,Community Hall,Vendor_006,3198015.59,3198015.59,3163660.8,35575283.89,193,0,0,0,0,,0,1.1,0,0.0025347751630888983,0.003,Low,1.14
MPLAD-2819,Ms Mahua Moitra,West Bengal,KRISHNANAGAR,159865046.0,Solar Street Lighting,Vendor_013,1227170.5,1227170.5,1222210.68,1227170.5,231,0,0,0,0,,0,0.4,0,0.00523097620508296,0.005,Low,0.82
MPLAD-2820,Ms Mahua Moitra,West Bengal,KRISHNANAGAR,159865046.0,Road Construction,Vendor_010,4699971.28,4699971.28,4649615.58,5927141.79,270,0,0,0,0,,0,1.1,0,0.02921517568514579,0.029,Low,1.34
MPLAD-2821,Ms Mahua Moitra,West Bengal,KRISHNANAGAR,159865046.0,Drinking Water Supply,Vendor_001,1418093.4,1418093.4,1827876.8,7345235.19,110,0,0,0,1,,0,28.9,0,0.0006881687990289998,0.769,High,0.64
MPLAD-2822,Ms Mahua Moitra,West Bengal,KRISHNANAGAR,159865046.0,Solar Street Lighting,Vendor_018,1187242.17,1187242.17,1201069.25,8532477.36,207,0,0,0,0,,0,1.2,0,0.003484168507619001,0.003,Low,0.79
MPLAD-2823,Ms Mahua Moitra,West Bengal,KRISHNANAGAR,159865046.0,Road Construction,Vendor_024,3904458.43,3904458.43,3968813.26,12436935.79,189,0,0,0,0,,0,1.6,0,0.0021798343131887036,0.002,Low,1.12
MPLAD-2824,Ms Mahua Moitra,West Bengal,KRISHNANAGAR,159865046.0,Solar Street Lighting,Vendor_017,1529769.97,1529769.97,1532388.77,13966705.75,197,0,0,0,0,,0,0.2,1,0.008295191894741243,0.4,Medium,1.02
MPLAD-2825,MUHAMMED HAMDULLAH SAYEED,Lakshadweep,LAKSHADWEEP(ST),153942460.41,Road Construction,Vendor_009,4345320.77,4345320.77,4425158.06,4345320.77,282,0,0,1,0,,0,1.8,0,0.015747278136392533,0.016,Low,1.24
MPLAD-2826,MUHAMMED HAMDULLAH SAYEED,Lakshadweep,LAKSHADWEEP(ST),153942460.41,School Building,Vendor_022,6375966.2,6375966.2,6476537.02,10721286.97,62,0,0,0,0,,0,1.6,1,0.020271275009370832,0.4,Medium,1.28
MPLAD-2827,MUHAMMED HAMDULLAH SAYEED,Lakshadweep,LAKSHADWEEP(ST),153942460.41,Drinking Water Supply,Vendor_023,1193883.65,1193883.65,1205851.01,11915170.62,190,0,0,0,0,,0,1.0,0,0.0001351840297640836,0.0,Low,0.54
MPLAD-2828,MUHAMMED HAMDULLAH SAYEED,Lakshadweep,LAKSHADWEEP(ST),153942460.41,Drinking Water Supply,Vendor_017,3293447.57,3293447.57,4324892.32,15208618.19,224,0,0,0,1,,0,31.3,1,0.05782786043365953,1.0,High,1.5
MPLAD-2829,MUHAMMED HAMDULLAH SAYEED,Lakshadweep,LAKSHADWEEP(ST),153942460.41,Drinking Water Supply,Vendor_009,2360671.79,2360671.79,2321888.89,17569289.98,158,0,0,0,0,,0,1.6,0,0.003628637714535187,0.004,Low,1.07
MPLAD-2830,Mukesh Rajput,Uttar Pradesh,FARRUKHABAD,147000000.0,Road Construction,Vendor_003,7056592.14,7056592.14,6969281.19,7056592.14,119,1,0,0,0,,0,1.2,0,0.885087210402621,0.885,High,2.02
MPLAD-2831,Mukesh Rajput,Uttar Pradesh,FARRUKHABAD,147000000.0,Road Construction,Vendor_013,2610551.44,2610551.44,3560951.43,9667143.58,313,0,0,1,1,,0,36.4,0,0.0013593345765764452,0.844,High,0.75
MPLAD-2832,Mukesh Rajput,Uttar Pradesh,FARRUKHABAD,147000000.0,Road Construction,Vendor_008,3681676.66,3681676.66,3663877.86,13348820.24,136,0,0,0,0,,0,0.5,0,0.001428807898484498,0.001,Low,1.05
MPLAD-2833,Mukesh Rajput,Uttar Pradesh,FARRUKHABAD,147000000.0,Solar Street Lighting,Vendor_008,2166700.12,2166700.12,2193970.59,15515520.36,97,0,1,0,0,DUPGRP-2833,0,1.3,0,0.033894091533686305,0.75,High,1.44
MPLAD-2834,Mukesh Rajput,Uttar Pradesh,FARRUKHABAD,147000000.0,Solar Street Lighting,Vendor_009,2130308.35,2130308.35,2148030.85,17645828.7,109,0,1,0,0,DUPGRP-2833,0,0.8,0,0.029419617516262795,0.75,High,1.42
MPLAD-2835,MUKESHKUMAR CHANDRAKAANT DALAL,Gujarat,SURAT,147000000.0,Drinking Water Supply,Vendor_022,1675226.49,1675226.49,1704055.48,1675226.49,222,0,0,0,0,,0,1.7,1,0.0006738423115908635,0.4,Medium,0.76
MPLAD-2836,MUKESHKUMAR CHANDRAKAANT DALAL,Gujarat,SURAT,147000000.0,Road Construction,Vendor_007,2769406.05,2769406.05,2780076.86,4444632.54,143,0,0,0,0,,0,0.4,0,0.0001460148279221723,0.0,Low,0.79
MPLAD-2837,MUKESHKUMAR CHANDRAKAANT DALAL,Gujarat,SURAT,147000000.0,Solar Street Lighting,Vendor_009,1355351.39,1355351.39,1341457.26,5799983.93,332,0,0,1,0,,0,1.0,0,0.01231832043022954,0.012,Low,0.9
MPLAD-2838,MUKESHKUMAR CHANDRAKAANT DALAL,Gujarat,SURAT,147000000.0,Drinking Water Supply,Vendor_010,1907260.15,1907260.15,1930508.66,7707244.08,111,0,0,0,0,,0,1.2,0,0.002178490642162284,0.002,Low,0.87
MPLAD-2839,MUKESHKUMAR CHANDRAKAANT DALAL,Gujarat,SURAT,147000000.0,Health Sub-Centre,Vendor_002,5250490.37,5250490.37,5190364.48,12957734.45,218,0,0,0,0,,0,1.1,0,0.01166616813930659,0.012,Low,1.25
MPLAD-2840,MUKESHKUMAR CHANDRAKAANT DALAL,Gujarat,SURAT,147000000.0,Solar Street Lighting,Vendor_006,1425482.88,1425482.88,1429505.76,14383217.33,169,0,0,0,0,,0,0.3,0,0.004676793761868238,0.005,Low,0.95
MPLAD-2841,MUKESHKUMAR CHANDRAKAANT DALAL,Gujarat,SURAT,147000000.0,Health Sub-Centre,Vendor_014,4604098.46,4604098.46,4558473.58,18987315.8,186,0,0,0,0,,0,1.0,0,0.0016610420863553362,0.002,Low,1.1
MPLAD-2842,MURARI LAL MEENA,Rajasthan,DAUSA(ST),147000000.0,Solar Street Lighting,Vendor_002,1980760.3,1980760.3,1949956.83,1980760.3,201,0,0,0,0,,0,1.6,0,0.03229497032862315,0.032,Low,1.32
MPLAD-2843,MURARI LAL MEENA,Rajasthan,DAUSA(ST),147000000.0,Sports Infrastructure,Vendor_019,2828974.03,2828974.03,2787051.65,4809734.33,142,0,1,0,0,DUPGRP-2843,0,1.5,0,0.0011926282345504516,0.75,High,0.94
MPLAD-2844,MURARI LAL MEENA,Rajasthan,DAUSA(ST),147000000.0,Sports Infrastructure,Vendor_002,2906594.83,2906594.83,2888144.84,7716329.16,152,0,1,0,0,DUPGRP-2843,0,0.6,0,0.0013061314416242368,0.75,High,0.97
MPLAD-2845,MURARI LAL MEENA,Rajasthan,DAUSA(ST),147000000.0,Drinking Water Supply,Vendor_007,6310983.05,6310983.05,6365881.94,14027312.21,199,1,0,0,0,,0,0.9,0,0.9968496851515165,0.997,High,2.87
MPLAD-2846,MURASOLI S,Tamil Nadu,THANJAVUR,147000000.0,Drinking Water Supply,Vendor_025,417055.85,417055.85,422770.99,417055.85,293,0,0,1,0,,0,1.4,0,0.0006395689886935212,0.001,Low,0.19
MPLAD-2847,MURASOLI S,Tamil Nadu,THANJAVUR,147000000.0,Drinking Water Supply,Vendor_019,2129228.57,2129228.57,2095884.71,2546284.43,253,0,0,0,0,,0,1.6,0,0.00459672106527538,0.005,Low,0.97
MPLAD-2848,MURASOLI S,Tamil Nadu,THANJAVUR,147000000.0,Community Hall,Vendor_004,2769334.34,2769334.34,2732287.68,5315618.76,119,0,0,0,0,,0,1.3,1,0.0032796770373157134,0.4,Medium,0.99
MPLAD-2849,MURLIDHAR MOHOL,Maharashtra,PUNE,147000000.0,Sports Infrastructure,Vendor_017,3478231.08,3478231.08,3521256.22,3478231.08,121,0,0,0,0,,0,1.2,1,0.00833106780473271,0.4,Medium,1.16
MPLAD-2850,MURLIDHAR MOHOL,Maharashtra,PUNE,147000000.0,Drinking Water Supply,Vendor_007,1669472.61,1669472.61,1684771.87,5147703.68,87,0,1,0,0,DUPGRP-2850,0,0.9,0,0.002092919062495056,0.75,High,0.76
MPLAD-2851,MURLIDHAR MOHOL,Maharashtra,PUNE,147000000.0,Drinking Water Supply,Vendor_007,1636338.02,1636338.02,1656444.46,6784041.7,75,0,1,0,0,DUPGRP-2850,0,1.2,0,0.002567379441655542,0.75,High,0.74
MPLAD-2852,MURLIDHAR MOHOL,Maharashtra,PUNE,147000000.0,Road Construction,Vendor_016,2722816.69,2722816.69,2724671.02,9506858.4,160,0,0,0,0,,0,0.1,0,0.00011375705277303077,0.0,Low,0.78
MPLAD-2853,NABA CHARAN MAJHI MAYURBHANJ,Odisha,(ST),147563957.11,Road Construction,Vendor_017,3676410.3,3676410.3,3657947.35,3676410.3,146,0,0,0,0,,0,0.5,1,0.0012754310991975458,0.4,Medium,1.05
MPLAD-2854,NABA CHARAN MAJHI MAYURBHANJ,Odisha,(ST),147563957.11,Sports Infrastructure,Vendor_019,3796262.8,3796262.8,3745005.74,7472673.1,189,0,0,0,0,,0,1.4,0,0.011301430619154567,0.011,Low,1.27
MPLAD-2855,NABA CHARAN MAJHI MAYURBHANJ,Odisha,(ST),147563957.11,Solar Street Lighting,Vendor_003,1349289.26,1349289.26,1357576.17,8821962.36,154,0,0,0,0,,0,0.6,0,0.003443003905970882,0.003,Low,0.9
MPLAD-2856,NABA CHARAN MAJHI MAYURBHANJ,Odisha,(ST),147563957.11,Drinking Water Supply,Vendor_009,3142715.84,3142715.84,3167546.05,11964678.2,184,0,0,0,0,,0,0.8,0,0.03103609505655976,0.031,Low,1.43
MPLAD-2857,NALIN SOREN,Jharkhand,DUMKA(ST),147364097.11,Drinking Water Supply,Vendor_022,4577020.15,4577020.15,4657208.09,4577020.15,95,1,0,0,0,,0,1.8,1,0.6968381955594234,0.697,High,2.08
MPLAD-2858,NALIN SOREN,Jharkhand,DUMKA(ST),147364097.11,Community Hall,Vendor_004,4001926.51,4001926.51,4007966.63,8578946.66,133,0,0,0,0,,0,0.2,1,0.04035134364260985,0.4,Medium,1.43
MPLAD-2859,NALIN SOREN,Jharkhand,DUMKA(ST),147364097.11,School Building,Vendor_010,13676838.33,13676838.33,13908083.57,22255784.99,170,1,0,0,0,,0,1.7,0,0.999035304707796,0.999,High,2.74
MPLAD-2860,NARAYAN DAS AHIRWAR,Uttar Pradesh,JALAUN(SC),147000000.0,Drinking Water Supply,Vendor_013,1134716.55,1134716.55,1120180.69,1134716.55,134,0,0,0,0,,0,1.3,0,0.00020379108663653192,0.0,Low,0.52
MPLAD-2861,NARAYAN DAS AHIRWAR,Uttar Pradesh,JALAUN(SC),147000000.0,Solar Street Lighting,Vendor_020,1325114.58,1325114.58,1310351.14,2459831.13,303,0,0,1,0,,0,1.1,0,0.0113853659404968,0.011,Low,0.88
MPLAD-2862,NARAYAN DAS AHIRWAR,Uttar Pradesh,JALAUN(SC),147000000.0,Road Construction,Vendor_003,2861444.75,2861444.75,2879148.61,5321275.87,235,0,0,0,0,,0,0.6,0,0.0003126030174806898,0.0,Low,0.82
MPLAD-2863,NARAYAN DAS AHIRWAR,Uttar Pradesh,JALAUN(SC),147000000.0,School Building,Vendor_022,11669960.75,11669960.75,11743203.34,16991236.63,72,1,1,0,0,DUPGRP-2863,0,0.6,1,0.9800617527392529,1.0,High,2.33
MPLAD-2864,NARAYAN DAS AHIRWAR,Uttar Pradesh,JALAUN(SC),147000000.0,School Building,Vendor_022,11898401.65,11898401.65,11837062.87,28889638.28,78,0,1,0,0,DUPGRP-2863,0,0.5,1,0.9860133350934757,1.0,High,2.38
MPLAD-2865,NARAYAN DAS AHIRWAR,Uttar Pradesh,JALAUN(SC),147000000.0,Sports Infrastructure,Vendor_022,7075370.43,7075370.43,9899792.13,35965008.72,195,1,0,0,1,,0,39.9,1,0.9852104740622415,1.0,High,2.36
MPLAD-2866,NARAYAN TATU RANE,Maharashtra,RATNAGIRI-SINDHUDURG,147000000.0,Drinking Water Supply,Vendor_024,3494368.91,3494368.91,3460278.84,3494368.91,108,0,0,0,0,,0,1.0,0,0.12167120236126486,0.122,Low,1.59
MPLAD-2867,NARAYAN TATU RANE,Maharashtra,RATNAGIRI-SINDHUDURG,147000000.0,Sports Infrastructure,Vendor_003,1597981.5,1597981.5,1621654.57,5092350.42,168,0,0,0,0,,0,1.5,0,4.83293114730308e-05,0.0,Low,0.53
MPLAD-2868,NARAYAN TATU RANE,Maharashtra,RATNAGIRI-SINDHUDURG,147000000.0,Solar Street Lighting,Vendor_011,1491558.51,1491558.51,1468407.91,6583908.93,116,0,0,0,0,,0,1.6,0,0.005291920604392846,0.005,Low,0.99
MPLAD-2869,NARAYAN TATU RANE,Maharashtra,RATNAGIRI-SINDHUDURG,147000000.0,Community Hall,Vendor_013,2318921.42,2318921.42,2338896.9,8902830.35,124,0,0,0,0,,0,0.9,0,0.0010950906572436293,0.001,Low,0.83
MPLAD-2870,NARESH CHANDRA UTTAM PATEL,Uttar Pradesh,FATEHPUR,147000000.0,Road Construction,Vendor_014,3880835.16,3880835.16,3904144.42,3880835.16,189,0,1,0,0,DUPGRP-2870,0,0.6,0,0.002051319518854079,0.75,High,1.11
MPLAD-2871,NARESH CHANDRA UTTAM PATEL,Uttar Pradesh,FATEHPUR,147000000.0,Road Construction,Vendor_014,3993124.17,3993124.17,3956916.5,7873959.33,185,0,1,0,0,DUPGRP-2870,0,0.9,0,0.0026928139334258566,0.75,High,1.14
MPLAD-2872,NARESH CHANDRA UTTAM PATEL,Uttar Pradesh,FATEHPUR,147000000.0,Solar Street Lighting,Vendor_020,1158095.23,1158095.23,1140847.33,9032054.56,213,0,0,0,0,,0,1.5,0,0.003458738350021821,0.003,Low,0.77
MPLAD-2873,NARESH CHANDRA UTTAM PATEL,Uttar Pradesh,FATEHPUR,147000000.0,Health Sub-Centre,Vendor_019,2329723.8,2329723.8,2370157.88,11361778.37,254,0,0,0,0,,0,1.7,0,7.93015229148796e-05,0.0,Low,0.55
MPLAD-2874,NARESH GANPAT MHASKE,Maharashtra,THANE,147000000.0,Health Sub-Centre,Vendor_017,11311581.2,11311581.2,11308878.86,11311581.2,218,1,0,0,0,,0,0.0,1,0.9983687715217129,0.998,High,2.69
MPLAD-2875,NARESH GANPAT MHASKE,Maharashtra,THANE,147000000.0,Drinking Water Supply,Vendor_024,2048854.74,2048854.74,2034635.44,13360435.94,197,0,0,0,0,,0,0.7,0,0.0013691107421846412,0.001,Low,0.93
MPLAD-2876,NARESH GANPAT MHASKE,Maharashtra,THANE,147000000.0,Road Construction,Vendor_006,7749875.35,7749875.35,7751709.7,21110311.29,193,1,0,0,0,,0,0.0,0,0.9763997405843274,0.976,High,2.21
MPLAD-2877,NARESH GANPAT MHASKE,Maharashtra,THANE,147000000.0,Health Sub-Centre,Vendor_022,2529342.05,2529342.05,2570583.58,23639653.34,109,0,1,0,0,DUPGRP-2877,0,1.6,1,2.6432139036003024e-05,1.0,High,0.6
MPLAD-2878,NARESH GANPAT MHASKE,Maharashtra,THANE,147000000.0,Health Sub-Centre,Vendor_022,2462138.22,2462138.22,2474810.35,26101791.57,102,0,1,0,0,DUPGRP-2877,0,0.5,1,2.793367470851708e-05,1.0,High,0.59
MPLAD-2879,NARESH GANPAT MHASKE,Maharashtra,THANE,147000000.0,Community Hall,Vendor_017,4369927.84,4369927.84,4355349.32,30471719.41,181,1,0,0,0,,0,0.3,1,0.04853261614325885,0.4,Medium,1.56
MPLAD-2880,NARESH GANPAT MHASKE,Maharashtra,THANE,147000000.0,Sports Infrastructure,Vendor_024,4173229.09,4173229.09,4110537.31,34644948.5,180,0,0,0,0,,0,1.5,0,0.03241541070041192,0.032,Low,1.39
MPLAD-2881,NAVEEN JINDAL,Haryana,KURUKSHETRA,147000000.0,Road Construction,Vendor_017,3473575.39,3473575.39,3438425.85,3473575.39,184,0,0,0,0,,0,1.0,1,0.0007111527322903173,0.4,Medium,0.99
MPLAD-2882,NAVEEN JINDAL,Haryana,KURUKSHETRA,147000000.0,Community Hall,Vendor_013,2594094.09,2594094.09,2553201.45,6067669.48,190,0,0,0,0,,0,1.6,0,0.0006317840241063287,0.001,Low,0.93
MPLAD-2883,NAVEEN JINDAL,Haryana,KURUKSHETRA,147000000.0,Community Hall,Vendor_025,2408738.53,2408738.53,2392300.08,8476408.01,90,0,1,0,0,DUPGRP-2883,0,0.7,0,0.0033613114290188765,0.75,High,0.86
MPLAD-2884,NAVEEN JINDAL,Haryana,KURUKSHETRA,147000000.0,Community Hall,Vendor_025,2383327.99,2383327.99,2382726.52,10859736.0,86,0,1,0,0,DUPGRP-2883,0,0.0,0,0.0035731127590695063,0.75,High,0.85
MPLAD-2885,NAVEEN JINDAL,Haryana,KURUKSHETRA,147000000.0,Drinking Water Supply,Vendor_009,4506187.71,4506187.71,4549847.59,15365923.71,174,1,0,0,0,,0,1.0,0,0.6663576969048512,0.666,High,2.05
MPLAD-2886,NAVEEN JINDAL,Haryana,KURUKSHETRA,147000000.0,School Building,Vendor_018,3394762.3,3394762.3,4698118.36,18760686.01,196,0,0,0,1,,0,38.4,0,1.3609054589512254e-05,0.85,High,0.68
MPLAD-2887,NAVEEN JINDAL,Haryana,KURUKSHETRA,147000000.0,Health Sub-Centre,Vendor_022,2579688.45,2579688.45,2536424.32,21340374.47,111,0,0,0,0,,0,1.7,1,2.7560311577419783e-05,0.4,Medium,0.61
MPLAD-2888,NEERAJ MAURYA,Uttar Pradesh,AONLA,147000000.0,Community Hall,Vendor_012,2285557.77,2285557.77,2289660.19,2285557.77,280,0,0,1,0,,0,0.2,0,0.0010486419151823068,0.001,Low,0.82
MPLAD-2889,NEERAJ MAURYA,Uttar Pradesh,AONLA,147000000.0,Community Hall,Vendor_006,1521855.61,1521855.61,1534075.01,3807413.38,212,0,0,0,0,,0,0.8,0,6.693133036545887e-05,0.0,Low,0.54
MPLAD-2890,NEERAJ MAURYA,Uttar Pradesh,AONLA,147000000.0,Health Sub-Centre,Vendor_017,3589209.26,3589209.26,3645549.24,7396622.64,168,0,0,0,0,,0,1.6,1,0.00014115344114091704,0.4,Medium,0.85
MPLAD-2891,NEERAJ MAURYA,Uttar Pradesh,AONLA,147000000.0,Road Construction,Vendor_014,1362300.02,1362300.02,1339070.62,8758922.66,216,0,0,0,0,,0,1.7,0,1.0372984333337207e-05,0.0,Low,0.39
MPLAD-2892,NEERAJ MAURYA,Uttar Pradesh,AONLA,147000000.0,Health Sub-Centre,Vendor_003,5087517.34,5087517.34,5138645.68,13846440.0,186,0,1,0,0,DUPGRP-2892,0,1.0,0,0.005116373038036808,0.75,High,1.21
MPLAD-2893,NEERAJ MAURYA,Uttar Pradesh,AONLA,147000000.0,Health Sub-Centre,Vendor_004,5276879.57,5276879.57,5177525.15,19123319.57,172,0,1,0,0,DUPGRP-2892,0,1.9,1,0.006819828934393015,1.0,High,1.26
MPLAD-2894,NEERAJ MAURYA,Uttar Pradesh,AONLA,147000000.0,Sports Infrastructure,Vendor_001,2284487.23,2284487.23,2300353.76,21407806.8,177,0,0,0,0,,0,0.7,0,0.00023138248014042623,0.0,Low,0.76
MPLAD-2895,NILESH DNYANDEV LANKE,Maharashtra,AHMEDNAGAR,147000000.0,Solar Street Lighting,Vendor_006,1645986.6,1645986.6,1658915.88,1645986.6,181,0,0,0,0,,0,0.8,0,0.009882439595714432,0.01,Low,1.1
MPLAD-2896,NILESH DNYANDEV LANKE,Maharashtra,AHMEDNAGAR,147000000.0,Drinking Water Supply,Vendor_024,3198965.09,3198965.09,3161880.78,4844951.69,258,0,0,0,0,,0,1.2,0,0.07568943013070692,0.076,Low,1.45
MPLAD-2897,NILESH DNYANDEV LANKE,Maharashtra,AHMEDNAGAR,147000000.0,Sports Infrastructure,Vendor_018,3344776.57,3344776.57,3330134.76,8189728.26,208,0,0,0,0,,0,0.4,0,0.003331542374474601,0.003,Low,1.11
MPLAD-2898,NILESH DNYANDEV LANKE,Maharashtra,AHMEDNAGAR,147000000.0,Drinking Water Supply,Vendor_022,1251888.78,1251888.78,1234447.79,9441617.04,192,0,0,0,0,,0,1.4,1,0.00015794218344089187,0.4,Medium,0.57
MPLAD-2899,NILESH DNYANDEV LANKE,Maharashtra,AHMEDNAGAR,147000000.0,Community Hall,Vendor_021,3446759.76,3446759.76,3515243.63,12888376.8,162,0,1,0,0,DUPGRP-2899,0,2.0,0,0.006517935159652964,0.75,High,1.23
MPLAD-2900,NILESH DNYANDEV LANKE,Maharashtra,AHMEDNAGAR,147000000.0,Community Hall,Vendor_021,3428699.49,3428699.49,3411705.03,16317076.29,163,0,1,0,0,DUPGRP-2899,0,0.5,0,0.006143611194998367,0.75,High,1.22
MPLAD-2901,NILESH DNYANDEV LANKE,Maharashtra,AHMEDNAGAR,147000000.0,Drinking Water Supply,Vendor_023,3630152.58,3630152.58,3604700.89,19947228.87,63,0,0,0,0,,0,0.7,0,0.17879480757711244,0.179,Low,1.65
MPLAD-2902,NILESH DNYANDEV LANKE,Maharashtra,AHMEDNAGAR,147000000.0,Sports Infrastructure,Vendor_022,2886645.21,2886645.21,2870798.12,22833874.08,187,0,0,0,0,,0,0.5,1,0.0010267620542883259,0.4,Medium,0.96
MPLAD-2903,NIMUBEN JAYANTIBHAI BAMBHANIYA,Gujarat,BHAVNAGAR,147000000.0,Drinking Water Supply,Vendor_018,1602688.35,1602688.35,1588670.51,1602688.35,153,0,0,0,0,,0,0.9,0,0.000481239353369042,0.0,Low,0.73
MPLAD-2904,NIMUBEN JAYANTIBHAI BAMBHANIYA,Gujarat,BHAVNAGAR,147000000.0,Sports Infrastructure,Vendor_020,1022396.73,1022396.73,1026251.31,2625085.08,208,0,0,0,0,,0,0.4,0,1.6355870052881312e-05,0.0,Low,0.34
MPLAD-2905,NIMUBEN JAYANTIBHAI BAMBHANIYA,Gujarat,BHAVNAGAR,147000000.0,Health Sub-Centre,Vendor_008,8780943.77,8780943.77,8878681.2,11406028.85,181,1,0,0,0,,0,1.1,0,0.9478885398401782,0.948,High,2.09
MPLAD-2906,NIMUBEN JAYANTIBHAI BAMBHANIYA,Gujarat,BHAVNAGAR,147000000.0,School Building,Vendor_025,2920265.87,2920265.87,2906134.37,14326294.72,148,0,0,0,0,,0,0.5,0,5.614135941462323e-06,0.0,Low,0.58
MPLAD-2907,NIMUBEN JAYANTIBHAI BAMBHANIYA,Gujarat,BHAVNAGAR,147000000.0,Health Sub-Centre,Vendor_006,2889582.81,2889582.81,2857987.8,17215877.53,133,0,0,0,0,,0,1.1,0,3.453092102435522e-05,0.0,Low,0.69
MPLAD-2908,NIMUBEN JAYANTIBHAI BAMBHANIYA,Gujarat,BHAVNAGAR,147000000.0,Sports Infrastructure,Vendor_010,2732996.24,2732996.24,2710102.39,19948873.76,232,0,0,0,0,,0,0.8,0,0.0008166529578325962,0.001,Low,0.91
MPLAD-2909,Nishikant Dubey,Jharkhand,GODDA,147000000.0,Health Sub-Centre,Vendor_004,4633871.51,4633871.51,4624948.28,4633871.51,138,0,0,0,0,,0,0.2,1,0.0012798245608198664,0.4,Medium,1.1
MPLAD-2910,Nishikant Dubey,Jharkhand,GODDA,147000000.0,Road Construction,Vendor_009,3179153.79,3179153.79,3183670.45,7813025.3,178,0,0,0,0,,0,0.1,0,0.0003350697508905613,0.0,Low,0.91
MPLAD-2911,Nishikant Dubey,Jharkhand,GODDA,147000000.0,Drinking Water Supply,Vendor_011,3785281.12,3785281.12,3718095.4,11598306.42,284,0,0,1,0,,0,1.8,0,0.37083834419500183,0.371,Medium,1.72
MPLAD-2912,Nishikant Dubey,Jharkhand,GODDA,147000000.0,Health Sub-Centre,Vendor_015,4451877.38,4451877.38,6033754.45,16050183.8,96,0,0,0,1,,0,35.5,0,0.0012035676767870897,0.835,High,1.06
MPLAD-2913,Nishikant Dubey,Jharkhand,GODDA,147000000.0,School Building,Vendor_004,4951729.15,4951729.15,4895797.2,21001912.96,195,0,0,0,0,,0,1.1,1,0.0003597951430894077,0.4,Medium,0.99
MPLAD-2914,Nishikant Dubey,Jharkhand,GODDA,147000000.0,Health Sub-Centre,Vendor_009,4948161.35,4948161.35,4940639.81,25950074.3,80,0,0,0,0,,0,0.2,0,0.004076741635765943,0.004,Low,1.18
MPLAD-2915,Nishikant Dubey,Jharkhand,GODDA,147000000.0,Drinking Water Supply,Vendor_008,1633751.36,1633751.36,1655534.86,27583825.66,154,0,0,0,0,,0,1.3,0,0.0005157557180619955,0.001,Low,0.74
MPLAD-2916,Nitin Jairam Gadkari,Maharashtra,NAGPUR,168195086.11,School Building,Vendor_011,11998336.37,11998336.37,12125350.58,11998336.37,197,1,0,0,0,,0,1.1,0,0.9967571380322956,0.997,High,2.4
MPLAD-2917,Nitin Jairam Gadkari,Maharashtra,NAGPUR,168195086.11,Health Sub-Centre,Vendor_008,3433979.94,3433979.94,3405058.85,15432316.32,158,0,0,0,0,,0,0.8,0,9.587826381392956e-05,0.0,Low,0.82
MPLAD-2918,Nitin Jairam Gadkari,Maharashtra,NAGPUR,168195086.11,Community Hall,Vendor_008,3787523.91,3787523.91,3809572.45,19219840.23,315,0,0,1,0,,0,0.6,0,0.02719293594551188,0.027,Low,1.35
MPLAD-2919,Nitin Jairam Gadkari,Maharashtra,NAGPUR,168195086.11,Community Hall,Vendor_017,3373059.49,3373059.49,3375359.69,22592899.71,180,0,0,0,0,,0,0.1,1,0.004302128887683611,0.4,Medium,1.2
MPLAD-2920,Nityanand Rai,Bihar,UJJARPUR,147000000.0,Health Sub-Centre,Vendor_004,2930646.8,2930646.8,2958130.08,2930646.8,238,0,0,0,0,,0,0.9,1,0.00013864296244211317,0.4,Medium,0.7
MPLAD-2921,Nityanand Rai,Bihar,UJJARPUR,147000000.0,Drinking Water Supply,Vendor_022,2340038.15,2340038.15,2356190.7,5270684.94,151,0,0,0,0,,0,0.7,1,0.0036668281137349715,0.4,Medium,1.06
MPLAD-2922,Nityanand Rai,Bihar,UJJARPUR,147000000.0,Health Sub-Centre,Vendor_018,2056320.07,2056320.07,2876916.24,7327005.02,268,0,0,0,1,,0,39.9,0,8.334189823399628e-05,0.85,High,0.49
MPLAD-2923,Nityanand Rai,Bihar,UJJARPUR,147000000.0,Road Construction,Vendor_020,4852550.66,4852550.66,4872600.17,12179555.68,130,0,0,0,0,,0,0.4,0,0.029372901814530474,0.029,Low,1.39
MPLAD-2924,Nityanand Rai,Bihar,UJJARPUR,147000000.0,Drinking Water Supply,Vendor_006,2277101.7,2277101.7,2283187.86,14456657.37,212,0,0,0,0,,0,0.3,0,0.002940119674919034,0.003,Low,1.04
MPLAD-2925,Nityanand Rai,Bihar,UJJARPUR,147000000.0,School Building,Vendor_024,4181578.77,4181578.77,4201023.58,18638236.14,208,0,0,0,0,,0,0.5,0,7.640697502707499e-05,0.0,Low,0.84
MPLAD-2926,Nityanand Rai,Bihar,UJJARPUR,147000000.0,Sports Infrastructure,Vendor_017,2838714.57,2838714.57,2872248.34,21476950.71,262,0,0,0,0,,0,1.2,1,0.0013310031605919329,0.4,Medium,0.95
MPLAD-2927,Nityanand Rai,Bihar,UJJARPUR,147000000.0,School Building,Vendor_013,9477625.14,9477625.14,9324952.49,30954575.85,144,1,0,0,0,,0,1.6,0,0.8953620000920718,0.895,High,1.9
MPLAD-2928,Om Birla,Rajasthan,KOTA,163906956.6,School Building,Vendor_007,3197852.97,3197852.97,3215054.87,3197852.97,247,0,0,0,0,,0,0.5,0,2.7888687449393178e-05,0.0,Low,0.64
MPLAD-2929,Om Birla,Rajasthan,KOTA,163906956.6,School Building,Vendor_007,5504444.34,5504444.34,5402322.54,8702297.31,137,0,0,0,0,,0,1.9,0,0.001383837666638359,0.001,Low,1.1
MPLAD-2930,Om Birla,Rajasthan,KOTA,163906956.6,Road Construction,Vendor_019,1896331.41,1896331.41,1918835.83,10598628.72,247,0,1,0,0,DUPGRP-2930,0,1.2,0,5.988011671105763e-05,0.75,High,0.54
MPLAD-2931,Om Birla,Rajasthan,KOTA,163906956.6,Road Construction,Vendor_019,1849607.29,1849607.29,1879644.02,12448236.01,239,0,1,0,0,DUPGRP-2930,0,1.6,0,4.4199365662371166e-05,0.75,High,0.53
MPLAD-2932,Omprakash Bhupalsinh Alias Pawan Rajenimbalkar,Maharashtra,OSMANABAD,184758519.11,Sports Infrastructure,Vendor_001,3415490.65,3415490.65,3361120.12,3415490.65,224,0,1,0,0,DUPGRP-2932,0,1.6,0,0.004058804579215568,0.75,High,1.14
MPLAD-2933,Omprakash Bhupalsinh Alias Pawan Rajenimbalkar,Maharashtra,OSMANABAD,184758519.11,Sports Infrastructure,Vendor_001,3443132.23,3443132.23,3422463.59,6858622.88,210,0,1,0,0,DUPGRP-2932,0,0.6,0,0.004293751693858696,0.75,High,1.15
MPLAD-2934,Omprakash Bhupalsinh Alias Pawan Rajenimbalkar,Maharashtra,OSMANABAD,184758519.11,Health Sub-Centre,Vendor_007,2468086.63,2468086.63,2420308.07,9326709.51,283,0,0,1,0,,0,1.9,0,0.0002504725332099339,0.0,Low,0.59
MPLAD-2935,Omprakash Bhupalsinh Alias Pawan Rajenimbalkar,Maharashtra,OSMANABAD,184758519.11,Health Sub-Centre,Vendor_012,11560758.8,11560758.8,11784120.26,20887468.31,126,1,0,0,0,,0,1.9,0,0.9976361115510608,0.998,High,2.75
MPLAD-2936,Omprakash Bhupalsinh Alias Pawan Rajenimbalkar,Maharashtra,OSMANABAD,184758519.11,Community Hall,Vendor_012,2370625.83,2370625.83,2394320.37,23258094.14,163,0,0,0,0,,0,1.0,0,0.0005165508630536306,0.001,Low,0.85
MPLAD-2937,Omprakash Bhupalsinh Alias Pawan Rajenimbalkar,Maharashtra,OSMANABAD,184758519.11,School Building,Vendor_004,3127004.86,3127004.86,3111804.5,26385099.0,227,0,0,0,0,,0,0.5,1,1.4414941236314508e-05,0.4,Medium,0.63
MPLAD-2938,Omprakash Bhupalsinh Alias Pawan Rajenimbalkar,Maharashtra,OSMANABAD,184758519.11,Road Construction,Vendor_018,3422827.46,3422827.46,3416917.66,29807926.46,107,0,0,0,0,,0,0.2,0,0.0012764486576569048,0.001,Low,0.98
MPLAD-2939,Omprakash Bhupalsinh Alias Pawan Rajenimbalkar,Maharashtra,OSMANABAD,184758519.11,Health Sub-Centre,Vendor_009,3837839.86,3837839.86,3851618.54,33645766.32,201,0,1,0,0,DUPGRP-2939,0,0.4,0,0.00037407143970667484,0.75,High,0.91
MPLAD-2940,Omprakash Bhupalsinh Alias Pawan Rajenimbalkar,Maharashtra,OSMANABAD,184758519.11,Health Sub-Centre,Vendor_006,3726319.84,3726319.84,3675995.03,37372086.16,186,0,1,0,0,DUPGRP-2939,0,1.4,0,0.00023140082759725195,0.75,High,0.89
MPLAD-2941,Omprakash Bhupalsinh Alias Pawan Rajenimbalkar,Maharashtra,OSMANABAD,184758519.11,Community Hall,Vendor_022,3200372.4,3200372.4,3137630.16,40572458.56,177,0,1,0,0,DUPGRP-2941,0,2.0,1,0.0029312204697991323,1.0,High,1.14
MPLAD-2942,Omprakash Bhupalsinh Alias Pawan Rajenimbalkar,Maharashtra,OSMANABAD,184758519.11,Community Hall,Vendor_022,3158918.49,3158918.49,3208947.48,43731377.06,176,0,1,0,0,DUPGRP-2941,0,1.6,1,0.0026846957566603394,1.0,High,1.13
MPLAD-2943,P C Mohan BANGALORE,Karnataka,CENTRAL,159995711.11,Drinking Water Supply,Vendor_018,1312031.49,1312031.49,1315386.33,1312031.49,197,0,0,0,0,,0,0.3,0,0.0001895430527642947,0.0,Low,0.6
MPLAD-2944,P C Mohan BANGALORE,Karnataka,CENTRAL,159995711.11,Health Sub-Centre,Vendor_020,6131273.92,6131273.92,6136521.0,7443305.41,145,0,0,0,0,,0,0.1,0,0.03997831967209611,0.04,Low,1.46
MPLAD-2945,P C Mohan BANGALORE,Karnataka,CENTRAL,159995711.11,Road Construction,Vendor_005,3574475.44,3574475.44,3618216.92,11017780.85,136,0,0,0,0,,0,1.2,0,0.0010953591114310247,0.001,Low,1.02
MPLAD-2946,P C Mohan BANGALORE,Karnataka,CENTRAL,159995711.11,Community Hall,Vendor_005,3438783.4,3438783.4,3405058.24,14456564.25,183,0,0,0,0,,0,1.0,0,0.004894947008750996,0.005,Low,1.23
MPLAD-2947,P C Mohan BANGALORE,Karnataka,CENTRAL,159995711.11,Drinking Water Supply,Vendor_020,1554166.81,1554166.81,1548485.08,16010731.06,157,0,1,0,0,DUPGRP-2947,0,0.4,0,0.0004033396152321045,0.75,High,0.71
MPLAD-2948,P C Mohan BANGALORE,Karnataka,CENTRAL,159995711.11,Drinking Water Supply,Vendor_020,1597273.27,1597273.27,1597411.27,17608004.32,156,0,1,0,0,DUPGRP-2947,0,0.0,0,0.00045716191313451736,0.75,High,0.73
MPLAD-2949,P C Mohan BANGALORE,Karnataka,CENTRAL,159995711.11,Health Sub-Centre,Vendor_022,8180087.59,8180087.59,8141071.29,25788091.91,228,1,0,0,0,,0,0.5,1,0.8723879103628244,0.872,High,1.95
MPLAD-2950,P C Mohan BANGALORE,Karnataka,CENTRAL,159995711.11,Community Hall,Vendor_014,2770500.97,2770500.97,2777974.59,28558592.88,134,0,0,0,0,,0,0.3,0,0.0022900703753182335,0.002,Low,0.99
MPLAD-2951,Pankaj Chowdhary,Uttar Pradesh,MAHARAJGANJ_UP,147000000.0,Drinking Water Supply,Vendor_015,1829896.58,1829896.58,1820558.52,1829896.58,207,0,0,0,0,,0,0.5,0,0.0008139403839604806,0.001,Low,0.83
MPLAD-2952,Pankaj Chowdhary,Uttar Pradesh,MAHARAJGANJ_UP,147000000.0,School Building,Vendor_020,7123904.47,7123904.47,6990222.45,8953801.05,137,0,0,0,0,,0,1.9,0,0.05548871418017179,0.055,Low,1.42
MPLAD-2953,Pankaj Chowdhary,Uttar Pradesh,MAHARAJGANJ_UP,147000000.0,Sports Infrastructure,Vendor_021,3738646.4,3738646.4,3708156.56,12692447.45,75,0,0,0,0,,0,0.8,0,0.030574755666020012,0.031,Low,1.25
MPLAD-2954,Pankaj Chowdhary,Uttar Pradesh,MAHARAJGANJ_UP,147000000.0,Sports Infrastructure,Vendor_022,4412495.97,4412495.97,4386153.94,17104943.42,171,0,0,0,0,,0,0.6,1,0.06417325386147514,0.4,Medium,1.47
MPLAD-2955,Pankaj Chowdhary,Uttar Pradesh,MAHARAJGANJ_UP,147000000.0,Community Hall,Vendor_003,8078104.73,8078104.73,8000430.23,25183048.15,269,1,0,0,0,,0,1.0,0,0.9810451744635829,0.981,High,2.89
MPLAD-2956,Pankaj Chowdhary,Uttar Pradesh,MAHARAJGANJ_UP,147000000.0,Solar Street Lighting,Vendor_011,1206514.51,1206514.51,1202023.18,26389562.66,199,0,0,0,0,,0,0.4,0,0.003343024356003955,0.003,Low,0.8
MPLAD-2957,Pankaj Chowdhary,Uttar Pradesh,MAHARAJGANJ_UP,147000000.0,School Building,Vendor_004,7794139.53,7794139.53,7736875.07,34183702.18,142,0,0,0,0,,0,0.7,1,0.21069551801755598,0.4,Medium,1.56
MPLAD-2958,Pankaj Chowdhary,Uttar Pradesh,MAHARAJGANJ_UP,147000000.0,Solar Street Lighting,Vendor_015,1351098.63,1351098.63,1325497.19,35534800.82,182,0,0,0,0,,0,1.9,0,0.004219920761055689,0.004,Low,0.9
MPLAD-2959,PARIMAL SUKLABAIDYA,Assam,SILCHAR,148300157.11,Road Construction,Vendor_016,4933035.31,4933035.31,4860027.76,4933035.31,185,0,0,0,0,,0,1.5,0,0.03149645966807061,0.031,Low,1.41
MPLAD-2960,PARIMAL SUKLABAIDYA,Assam,SILCHAR,148300157.11,Drinking Water Supply,Vendor_022,2077533.01,2077533.01,2108126.49,7010568.32,205,0,0,0,0,,0,1.5,1,0.001571303405448772,0.4,Medium,0.94
MPLAD-2961,PARIMAL SUKLABAIDYA,Assam,SILCHAR,148300157.11,Community Hall,Vendor_008,3635510.48,3635510.48,4540372.78,10646078.8,181,0,0,0,1,,0,24.9,0,0.008069153966209979,0.729,High,1.3
MPLAD-2962,PARIMAL SUKLABAIDYA,Assam,SILCHAR,148300157.11,Health Sub-Centre,Vendor_009,3595907.0,3595907.0,3599392.73,14241985.8,197,0,0,0,0,,0,0.1,0,0.0002074364769953629,0.0,Low,0.86
MPLAD-2963,PARSHOTTAMBHAI RUPALA,Gujarat,RAJKOT,147000000.0,Sports Infrastructure,Vendor_009,7114145.62,7114145.62,7149829.38,7114145.62,98,1,0,0,0,,0,0.5,0,0.9869585130661955,0.987,High,2.37
MPLAD-2964,PARSHOTTAMBHAI RUPALA,Gujarat,RAJKOT,147000000.0,Health Sub-Centre,Vendor_004,4919752.19,4919752.19,5015678.82,12033897.81,246,0,0,0,0,,0,1.9,1,0.008755169715501871,0.4,Medium,1.17
MPLAD-2965,PARSHOTTAMBHAI RUPALA,Gujarat,RAJKOT,147000000.0,Health Sub-Centre,Vendor_003,3561488.28,3561488.28,3520865.38,15595386.1,263,0,0,0,0,,0,1.1,0,0.0008553793981580365,0.001,Low,0.85
MPLAD-2966,PARSHOTTAMBHAI RUPALA,Gujarat,RAJKOT,147000000.0,Road Construction,Vendor_004,935722.24,935722.24,930236.54,16531108.34,199,0,0,0,0,,0,0.6,1,3.6253527522837943e-06,0.4,Medium,0.27
MPLAD-2967,PARSHOTTAMBHAI RUPALA,Gujarat,RAJKOT,147000000.0,Health Sub-Centre,Vendor_023,5577005.56,5577005.56,5666977.09,22108113.9,252,0,0,0,0,,0,1.6,0,0.03641249398092759,0.036,Low,1.33
MPLAD-2968,PARSHOTTAMBHAI RUPALA,Gujarat,RAJKOT,147000000.0,Solar Street Lighting,Vendor_025,2372247.77,2372247.77,2359082.91,24480361.68,176,0,0,0,0,,0,0.6,0,0.07895806183609351,0.079,Low,1.58
MPLAD-2969,PARSHOTTAMBHAI RUPALA,Gujarat,RAJKOT,147000000.0,Drinking Water Supply,Vendor_022,5119798.25,5119798.25,5163926.23,29600159.93,31,1,0,0,0,,0,0.9,1,0.7279209329590801,0.728,High,2.33
MPLAD-2970,PARSHOTTAMBHAI RUPALA,Gujarat,RAJKOT,147000000.0,Sports Infrastructure,Vendor_020,5328454.72,5328454.72,5251848.41,34928614.65,152,0,0,0,0,,0,1.4,0,0.49566491984375827,0.496,Medium,1.78
MPLAD-2971,PARTHA BHOWMICK,West Bengal,BARRACKPUR,147000000.0,Sports Infrastructure,Vendor_007,3055315.81,3055315.81,2994934.64,3055315.81,348,0,0,1,0,,0,2.0,0,0.004176227007026175,0.004,Low,1.02
MPLAD-2972,PARTHA BHOWMICK,West Bengal,BARRACKPUR,147000000.0,Road Construction,Vendor_002,3969049.59,3969049.59,4032687.26,7024365.4,245,0,0,0,0,,0,1.6,0,0.004465515849724988,0.004,Low,1.13
MPLAD-2973,PARTHA BHOWMICK,West Bengal,BARRACKPUR,147000000.0,Sports Infrastructure,Vendor_012,4020196.87,4020196.87,4007856.34,11044562.27,270,0,0,0,0,,0,0.3,0,0.016591746050731184,0.017,Low,1.34
MPLAD-2974,Parvatagouda Chandanagouda Gaddigoudar,Karnataka,BAGALKOT,167541747.11,Drinking Water Supply,Vendor_020,2134692.51,2134692.51,2099204.59,2134692.51,158,0,0,0,0,,0,1.7,0,0.0019245120571061447,0.002,Low,0.97
MPLAD-2975,Parvatagouda Chandanagouda Gaddigoudar,Karnataka,BAGALKOT,167541747.11,Health Sub-Centre,Vendor_002,5044486.32,5044486.32,4969031.42,7179178.84,77,0,0,0,0,,0,1.5,0,0.005131719617320028,0.005,Low,1.2
MPLAD-2976,Parvatagouda Chandanagouda Gaddigoudar,Karnataka,BAGALKOT,167541747.11,Community Hall,Vendor_022,3388920.12,3388920.12,3360496.65,10568098.96,247,0,0,0,0,,0,0.8,1,0.004648722118512913,0.4,Medium,1.21
MPLAD-2977,Parvatagouda Chandanagouda Gaddigoudar,Karnataka,BAGALKOT,167541747.11,Road Construction,Vendor_017,7994332.32,7994332.32,8021657.49,18562431.28,112,1,0,0,0,,0,0.3,1,0.9827417787805129,0.983,High,2.28
MPLAD-2978,Parvatagouda Chandanagouda Gaddigoudar,Karnataka,BAGALKOT,167541747.11,Solar Street Lighting,Vendor_018,1459469.07,1459469.07,1445801.34,20021900.35,56,0,0,0,0,,0,0.9,0,0.011829187139057354,0.012,Low,0.97
MPLAD-2979,Parvatagouda Chandanagouda Gaddigoudar,Karnataka,BAGALKOT,167541747.11,School Building,Vendor_005,2223142.14,2223142.14,2221061.91,22245042.48,144,0,0,0,0,,0,0.1,0,1.8765461033047347e-06,0.0,Low,0.44
MPLAD-2980,Parvatagouda Chandanagouda Gaddigoudar,Karnataka,BAGALKOT,167541747.11,Community Hall,Vendor_022,5007575.46,5007575.46,5091098.49,27252617.94,242,0,1,0,0,DUPGRP-2980,0,1.7,1,0.14564883540173704,1.0,High,1.79
MPLAD-2981,Parvatagouda Chandanagouda Gaddigoudar,Karnataka,BAGALKOT,167541747.11,Community Hall,Vendor_022,5007743.51,5007743.51,5066498.0,32260361.45,241,0,1,0,0,DUPGRP-2980,0,1.2,1,0.14589004631648364,1.0,High,1.79
MPLAD-2982,Parvatagouda Chandanagouda Gaddigoudar,Karnataka,BAGALKOT,167541747.11,Drinking Water Supply,Vendor_011,2256687.12,2256687.12,2211835.41,34517048.58,185,0,0,0,0,,0,2.0,0,0.0023790207894441653,0.002,Low,1.03
MPLAD-2983,Amritpal Singh,Punjab,KHADOOR SAHIB,50000000.0,Road Construction,Vendor_023,2766497.46,2766497.46,2781309.61,2766497.46,224,0,0,0,0,,0,0.5,0,0.00020651644824099671,0.0,Low,0.79
MPLAD-2984,Amritpal Singh,Punjab,KHADOOR SAHIB,50000000.0,Health Sub-Centre,Vendor_024,4806972.08,4806972.08,4812422.17,7573469.54,136,0,0,0,0,,0,0.1,0,0.0018909476352550146,0.002,Low,1.14
MPLAD-2985,Amritpal Singh,Punjab,KHADOOR SAHIB,50000000.0,Sports Infrastructure,Vendor_019,4067140.82,4067140.82,4131329.74,11640610.36,140,0,0,0,0,,0,1.6,0,0.031717131426992985,0.032,Low,1.36
MPLAD-2986,Amritpal Singh,Punjab,KHADOOR SAHIB,50000000.0,School Building,Vendor_017,11710001.75,11710001.75,14925690.72,23350612.11,174,1,0,0,1,,0,27.5,1,0.9961900437959985,1.0,High,2.34
MPLAD-2987,Amritpal Singh,Punjab,KHADOOR SAHIB,50000000.0,Community Hall,Vendor_012,1779721.52,1779721.52,1747159.09,25130333.63,200,0,0,0,0,,0,1.8,0,0.00010610643150177067,0.0,Low,0.64
MPLAD-2988,Amritpal Singh,Punjab,KHADOOR SAHIB,50000000.0,Health Sub-Centre,Vendor_023,4463886.63,4463886.63,6140248.13,29594220.27,130,0,0,0,1,,0,37.6,0,0.0008919405815771205,0.85,High,1.06
MPLAD-2989,Amritpal Singh,Punjab,KHADOOR SAHIB,50000000.0,Drinking Water Supply,Vendor_016,2354336.06,2354336.06,2375364.04,31948556.33,146,0,0,0,0,,0,0.9,0,0.004036649573400489,0.004,Low,1.07
MPLAD-2990,PATHAN YUSUF,West Bengal,BAHARAMPUR,147000000.0,Solar Street Lighting,Vendor_017,1804857.36,1804857.36,1807068.58,1804857.36,196,0,0,0,0,,0,0.1,1,0.018353674461450878,0.4,Medium,1.2
MPLAD-2991,PATHAN YUSUF,West Bengal,BAHARAMPUR,147000000.0,Community Hall,Vendor_002,2334139.53,2334139.53,2294846.5,4138996.89,213,0,0,0,0,,0,1.7,0,0.0003506809170788489,0.0,Low,0.83
MPLAD-2992,PATHAN YUSUF,West Bengal,BAHARAMPUR,147000000.0,Community Hall,Vendor_017,6269352.71,6269352.71,6362440.32,10408349.6,122,1,0,0,0,,0,1.5,1,0.907592811562952,0.908,High,2.24
MPLAD-2993,PATHAN YUSUF,West Bengal,BAHARAMPUR,147000000.0,Road Construction,Vendor_021,5549058.67,5549058.67,5621114.63,15957408.27,235,0,1,0,0,DUPGRP-2993,0,1.3,0,0.1561937176754524,0.75,High,1.59
MPLAD-2994,PATHAN YUSUF,West Bengal,BAHARAMPUR,147000000.0,Road Construction,Vendor_021,5657804.77,5657804.77,5718675.47,21615213.04,242,0,1,0,0,DUPGRP-2993,0,1.1,0,0.19491799997332904,0.75,High,1.62
MPLAD-2995,PHANI BHUSAN CHOUDHURY,Assam,BARPETA,147000000.0,Solar Street Lighting,Vendor_025,1457768.82,1457768.82,1486569.2,1457768.82,190,0,0,0,0,,0,2.0,0,0.0062378281036352835,0.006,Low,0.97
MPLAD-2996,PHANI BHUSAN CHOUDHURY,Assam,BARPETA,147000000.0,Road Construction,Vendor_005,6551807.74,6551807.74,6533831.08,8009576.56,258,1,0,0,0,,0,0.3,0,0.6350862982895493,0.635,Medium,1.87
MPLAD-2997,PHANI BHUSAN CHOUDHURY,Assam,BARPETA,147000000.0,Sports Infrastructure,Vendor_023,2411659.94,2411659.94,2418105.28,10421236.51,234,0,0,0,0,,0,0.3,0,0.00040148818436065676,0.0,Low,0.8
MPLAD-2998,PHANI BHUSAN CHOUDHURY,Assam,BARPETA,147000000.0,Sports Infrastructure,Vendor_016,5333035.56,5333035.56,5426556.96,15754272.07,204,0,0,0,0,,0,1.8,0,0.40842891828994315,0.408,Medium,1.78
MPLAD-2999,PHANI BHUSAN CHOUDHURY,Assam,BARPETA,147000000.0,Sports Infrastructure,Vendor_002,3565247.12,3565247.12,3618274.55,19319519.19,270,0,0,0,0,,0,1.5,0,0.006360448214792381,0.006,Low,1.19
MPLAD-3000,PHANI BHUSAN CHOUDHURY,Assam,BARPETA,147000000.0,Sports Infrastructure,Vendor_020,3488845.89,3488845.89,3500631.06,22808365.08,323,0,1,1,0,DUPGRP-3000,0,0.3,0,0.006379359221388394,0.75,High,1.16
MPLAD-3001,PHANI BHUSAN CHOUDHURY,Assam,BARPETA,147000000.0,Sports Infrastructure,Vendor_020,3518577.98,3518577.98,3569609.92,26326943.06,328,0,1,1,0,DUPGRP-3000,0,1.5,0,0.006769408574263185,0.75,High,1.17
MPLAD-3002,PHANI BHUSAN CHOUDHURY,Assam,BARPETA,147000000.0,Health Sub-Centre,Vendor_013,2089007.56,2089007.56,2052426.88,28415950.62,218,0,0,0,0,,0,1.8,0,1.8203125453317543e-05,0.0,Low,0.5
MPLAD-3003,PHANI BHUSAN CHOUDHURY,Assam,BARPETA,147000000.0,Health Sub-Centre,Vendor_017,3600733.14,3600733.14,3593621.47,32016683.76,184,0,0,0,0,,0,0.2,1,0.0001717271090811589,0.4,Medium,0.86
MPLAD-3004,Piyush Vedprakash Goyal MUMBAI,Maharashtra,NORTH,147000000.0,School Building,Vendor_010,3541324.04,3541324.04,3567987.1,3541324.04,207,0,0,0,0,,0,0.8,0,2.083285633007298e-05,0.0,Low,0.71
MPLAD-3005,Piyush Vedprakash Goyal MUMBAI,Maharashtra,NORTH,147000000.0,Drinking Water Supply,Vendor_017,994000.87,994000.87,988781.33,4535324.91,239,0,0,0,0,,0,0.5,1,0.0001929927113720214,0.4,Medium,0.45
MPLAD-3006,Piyush Vedprakash Goyal MUMBAI,Maharashtra,NORTH,147000000.0,Drinking Water Supply,Vendor_017,2234419.59,2234419.59,2201766.58,6769744.5,244,0,0,0,0,,0,1.5,1,0.004714665907377673,0.4,Medium,1.02
MPLAD-3007,Piyush Vedprakash Goyal MUMBAI,Maharashtra,NORTH,147000000.0,Road Construction,Vendor_004,3230095.72,3230095.72,3233227.19,9999840.22,142,0,0,0,0,,0,0.1,1,0.0004396157881180489,0.4,Medium,0.92
MPLAD-3008,Piyush Vedprakash Goyal MUMBAI,Maharashtra,NORTH,147000000.0,Sports Infrastructure,Vendor_004,2570167.18,2570167.18,2594833.71,12570007.4,150,0,0,0,0,,0,1.0,1,0.0005653741001519068,0.4,Medium,0.86
MPLAD-3009,Piyush Vedprakash Goyal MUMBAI,Maharashtra,NORTH,147000000.0,Health Sub-Centre,Vendor_019,5651597.77,5651597.77,5552306.4,18221605.17,116,0,0,0,0,,0,1.8,0,0.01280072213860731,0.013,Low,1.35
MPLAD-3010,Piyush Vedprakash Goyal MUMBAI,Maharashtra,NORTH,147000000.0,Solar Street Lighting,Vendor_017,874762.93,874762.93,864151.45,19096368.1,223,0,0,0,0,,0,1.2,1,0.0018163023443866389,0.4,Medium,0.58
MPLAD-3011,PRABHAKAR REDDY VEMIREDDY,Andhra Pradesh,NELLORE(SC),147000000.0,Drinking Water Supply,Vendor_013,3138997.14,3138997.14,3197648.82,3138997.14,208,0,0,0,0,,0,1.9,0,0.03284521792447912,0.033,Low,1.43
MPLAD-3012,PRABHAKAR REDDY VEMIREDDY,Andhra Pradesh,NELLORE(SC),147000000.0,Sports Infrastructure,Vendor_023,3362808.28,3362808.28,3375052.13,6501805.41,187,0,0,0,0,,0,0.4,0,0.003565785444633968,0.004,Low,1.12
MPLAD-3013,PRABHAKAR REDDY VEMIREDDY,Andhra Pradesh,NELLORE(SC),147000000.0,Road Construction,Vendor_025,1053864.17,1053864.17,1036863.17,7555669.58,116,0,0,0,0,,0,1.6,0,8.557982479768419e-06,0.0,Low,0.3
MPLAD-3014,PRABHAKAR REDDY VEMIREDDY,Andhra Pradesh,NELLORE(SC),147000000.0,Sports Infrastructure,Vendor_022,5976159.75,5976159.75,6037624.27,13531829.33,163,1,0,0,0,,0,1.0,1,0.8439821044963783,0.844,High,1.99
MPLAD-3015,PRABHAKAR REDDY VEMIREDDY,Andhra Pradesh,NELLORE(SC),147000000.0,Community Hall,Vendor_015,3009679.88,3009679.88,3011644.19,16541509.21,126,0,0,0,0,,0,0.1,0,0.004722764885348352,0.005,Low,1.07
MPLAD-3016,PRABHAKAR REDDY VEMIREDDY,Andhra Pradesh,NELLORE(SC),147000000.0,Community Hall,Vendor_008,3226529.28,3226529.28,3275641.0,19768038.5,213,0,1,0,0,DUPGRP-3016,0,1.5,0,0.0025857247359230206,0.75,High,1.15
MPLAD-3017,PRABHAKAR REDDY VEMIREDDY,Andhra Pradesh,NELLORE(SC),147000000.0,Community Hall,Vendor_008,3262935.46,3262935.46,3225773.07,23030973.95,219,0,1,0,0,DUPGRP-3016,0,1.1,0,0.002850368411775839,0.75,High,1.17
MPLAD-3018,Prabhubhai Nagarbhai Vasava,Gujarat,BARDOLI(ST),147000000.0,Solar Street Lighting,Vendor_012,4175837.23,4175837.23,4119193.39,4175837.23,288,1,0,1,0,,0,1.4,0,0.8978324210355121,0.898,High,2.78
MPLAD-3019,Prabhubhai Nagarbhai Vasava,Gujarat,BARDOLI(ST),147000000.0,Solar Street Lighting,Vendor_025,1507160.2,1507160.2,1510628.14,5682997.43,149,0,0,0,0,,0,0.2,0,0.0052918545399812346,0.005,Low,1.0
MPLAD-3020,Prabhubhai Nagarbhai Vasava,Gujarat,BARDOLI(ST),147000000.0,Health Sub-Centre,Vendor_012,5115529.02,5115529.02,5209207.29,10798526.45,198,0,1,0,0,DUPGRP-3020,0,1.8,0,0.0064088637575592565,0.75,High,1.22
MPLAD-3021,Prabhubhai Nagarbhai Vasava,Gujarat,BARDOLI(ST),147000000.0,Health Sub-Centre,Vendor_002,5216875.68,5216875.68,5228220.1,16015402.13,209,0,1,0,0,DUPGRP-3020,0,0.2,0,0.00947692669431922,0.75,High,1.24
MPLAD-3022,Prabhubhai Nagarbhai Vasava,Gujarat,BARDOLI(ST),147000000.0,Road Construction,Vendor_003,4111874.67,4111874.67,4180327.05,20127276.8,225,0,0,0,0,,0,1.7,0,0.004945267876181519,0.005,Low,1.17
MPLAD-3023,Prabhubhai Nagarbhai Vasava,Gujarat,BARDOLI(ST),147000000.0,Solar Street Lighting,Vendor_005,2220055.06,2220055.06,2183613.7,22347331.86,201,0,0,0,0,,0,1.6,0,0.06438252514661258,0.064,Low,1.48
MPLAD-3024,Prabhubhai Nagarbhai Vasava,Gujarat,BARDOLI(ST),147000000.0,School Building,Vendor_019,6149817.13,6149817.13,6035629.61,28497148.99,154,0,0,0,0,,0,1.9,0,0.005693483301651359,0.006,Low,1.23
MPLAD-3025,Prabhubhai Nagarbhai Vasava,Gujarat,BARDOLI(ST),147000000.0,Road Construction,Vendor_003,7196296.06,7196296.06,8338466.82,35693445.05,137,1,0,0,1,,0,15.9,0,0.917651349279596,0.918,High,2.06
MPLAD-3026,Pradan Baruah,Assam,LAKHIMPUR,147000000.0,Solar Street Lighting,Vendor_019,1498645.94,1498645.94,1473676.66,1498645.94,166,0,0,0,0,,0,1.7,0,0.005654372282643424,0.006,Low,1.0
MPLAD-3027,Pradan Baruah,Assam,LAKHIMPUR,147000000.0,Sports Infrastructure,Vendor_006,2200298.6,2200298.6,2169264.11,3698944.53,223,0,0,0,0,,0,1.4,0,0.00022496439754980676,0.0,Low,0.73
MPLAD-3028,Pradan Baruah,Assam,LAKHIMPUR,147000000.0,School Building,Vendor_022,6706024.65,6706024.65,6836992.55,10404969.19,192,0,0,0,0,,0,2.0,1,0.021074765846391043,0.4,Medium,1.34
MPLAD-3029,Pradan Baruah,Assam,LAKHIMPUR,147000000.0,Road Construction,Vendor_006,3395082.88,3395082.88,3408181.94,13800052.07,168,0,1,0,0,DUPGRP-3029,0,0.4,0,0.0005672178432832137,0.75,High,0.97
MPLAD-3030,Pradan Baruah,Assam,LAKHIMPUR,147000000.0,Road Construction,Vendor_016,3432103.59,3432103.59,3464081.55,17232155.67,179,0,1,0,0,DUPGRP-3029,0,0.9,0,0.0006293586267500223,0.75,High,0.98
MPLAD-3031,Pradeep Kumar Singh,Bihar,ARARIA,147000000.0,Health Sub-Centre,Vendor_002,4225099.79,4225099.79,4202540.66,4225099.79,109,0,0,0,0,,0,0.5,0,0.0006359061182090687,0.001,Low,1.01
MPLAD-3032,Pradeep Kumar Singh,Bihar,ARARIA,147000000.0,Health Sub-Centre,Vendor_020,6188568.76,6188568.76,8609843.28,10413668.54,233,0,0,0,1,,0,39.1,0,0.10329029503843822,0.85,High,1.47
MPLAD-3033,Pradeep Kumar Singh,Bihar,ARARIA,147000000.0,Solar Street Lighting,Vendor_007,1505643.11,1505643.11,1501628.1,11919311.66,181,0,0,0,0,,0,0.3,0,0.006550064979660862,0.007,Low,1.0
MPLAD-3034,PRADEEP PUROHIT,Odisha,BARGARH,147000000.0,Sports Infrastructure,Vendor_019,4672286.25,4672286.25,4734425.18,4672286.25,119,0,0,0,0,,0,1.3,0,0.16595028111365964,0.166,Low,1.56
MPLAD-3035,PRADEEP PUROHIT,Odisha,BARGARH,147000000.0,Drinking Water Supply,Vendor_011,1339730.52,1339730.52,1366084.96,6012016.76,221,0,1,0,0,DUPGRP-3035,0,2.0,0,0.0002805206956523461,0.75,High,0.61
MPLAD-3036,PRADEEP PUROHIT,Odisha,BARGARH,147000000.0,Drinking Water Supply,Vendor_011,1286232.79,1286232.79,1264076.23,7298249.56,229,0,1,0,0,DUPGRP-3035,0,1.7,0,0.0002931608783033395,0.75,High,0.58
MPLAD-3037,PRADEEP PUROHIT,Odisha,BARGARH,147000000.0,Road Construction,Vendor_017,2099804.86,2099804.86,2879735.79,9398054.41,171,0,0,0,1,,0,37.1,1,2.7458997533023337e-05,1.0,High,0.6
MPLAD-3038,PRADEEP PUROHIT,Odisha,BARGARH,147000000.0,Drinking Water Supply,Vendor_022,1729124.01,1729124.01,1737299.33,11127178.43,277,0,0,1,0,,0,0.5,1,0.004070887426191459,0.4,Medium,0.79
MPLAD-3039,PRADEEP PUROHIT,Odisha,BARGARH,147000000.0,Road Construction,Vendor_007,4117850.28,4117850.28,4074765.0,15245028.71,220,0,0,0,0,,0,1.0,0,0.0047700100351579615,0.005,Low,1.18
MPLAD-3040,Pradyut Bordoloi,Assam,NOWGONG,98000000.0,Drinking Water Supply,Vendor_006,961529.58,961529.58,965236.46,961529.58,160,0,0,0,0,,0,0.4,0,8.652420222454854e-05,0.0,Low,0.44
MPLAD-3041,Pradyut Bordoloi,Assam,NOWGONG,98000000.0,Solar Street Lighting,Vendor_013,1914949.3,1914949.3,1934957.57,2876478.87,192,0,0,0,0,,0,1.0,0,0.024349775886887765,0.024,Low,1.28
MPLAD-3042,Pradyut Bordoloi,Assam,NOWGONG,98000000.0,School Building,Vendor_025,11644842.55,11644842.55,11598392.21,14521321.43,281,1,0,1,0,,0,0.4,0,0.9677590450337352,0.968,High,2.33
MPLAD-3043,Pradyut Bordoloi,Assam,NOWGONG,98000000.0,School Building,Vendor_002,5542861.75,5542861.75,5475921.08,20064183.18,106,0,0,0,0,,0,1.2,0,0.002157480381170956,0.002,Low,1.11
MPLAD-3044,Pralhad Venkatesh Joshi,Karnataka,DHARWAD,147000000.0,Drinking Water Supply,Vendor_011,2855091.25,2855091.25,2889764.84,2855091.25,227,0,0,0,0,,0,1.2,0,0.01794497187555182,0.018,Low,1.3
MPLAD-3045,Pralhad Venkatesh Joshi,Karnataka,DHARWAD,147000000.0,School Building,Vendor_003,2145285.19,2145285.19,2152712.9,5000376.44,212,0,0,0,0,,0,0.3,0,2.1052645759829084e-06,0.0,Low,0.43
MPLAD-3046,Pralhad Venkatesh Joshi,Karnataka,DHARWAD,147000000.0,Drinking Water Supply,Vendor_017,2552737.37,2552737.37,2546199.22,7553113.81,30,0,0,0,0,,0,0.3,1,0.029488627885469444,0.4,Medium,1.16
MPLAD-3047,PRANITI SUSHILKUMAR SHINDE,Maharashtra,SOLAPUR(SC),147000000.0,Community Hall,Vendor_007,2715439.1,2715439.1,2720556.21,2715439.1,77,0,0,0,0,,0,0.2,0,0.008415783220986005,0.008,Low,0.97
MPLAD-3048,PRANITI SUSHILKUMAR SHINDE,Maharashtra,SOLAPUR(SC),147000000.0,Drinking Water Supply,Vendor_005,2036749.44,2036749.44,2062622.9,4752188.54,84,0,0,0,0,,0,1.3,0,0.005029797536701942,0.005,Low,0.93
MPLAD-3049,PRANITI SUSHILKUMAR SHINDE,Maharashtra,SOLAPUR(SC),147000000.0,Road Construction,Vendor_010,3030560.98,3030560.98,2976217.32,7782749.52,44,0,0,0,0,,0,1.8,0,0.004422809616779984,0.004,Low,0.87
MPLAD-3050,Prasun Banerjee,West Bengal,HOWRAH,147000000.0,Drinking Water Supply,Vendor_007,5343343.89,5343343.89,5357749.39,5343343.89,82,1,0,0,0,,0,0.3,0,0.924658204719788,0.925,High,2.43
MPLAD-3051,Prasun Banerjee,West Bengal,HOWRAH,147000000.0,Sports Infrastructure,Vendor_011,3847336.33,3847336.33,3888950.91,9190680.21,193,0,0,0,0,,0,1.1,0,0.012788396101271901,0.013,Low,1.28
MPLAD-3052,Prasun Banerjee,West Bengal,HOWRAH,147000000.0,Solar Street Lighting,Vendor_010,652491.1,652491.1,648534.99,9843171.32,202,0,0,0,0,,0,0.6,0,0.0007461898681323904,0.001,Low,0.43
MPLAD-3053,Prasun Banerjee,West Bengal,HOWRAH,147000000.0,Health Sub-Centre,Vendor_012,5379791.99,5379791.99,5350982.77,15222963.31,245,0,0,0,0,,0,0.5,0,0.022473463524590554,0.022,Low,1.28
MPLAD-3054,Prasun Banerjee,West Bengal,HOWRAH,147000000.0,Community Hall,Vendor_005,2033225.88,2033225.88,2030055.71,17256189.19,197,0,0,0,0,,0,0.2,0,0.00017967225805835948,0.0,Low,0.73
MPLAD-3055,Prasun Banerjee,West Bengal,HOWRAH,147000000.0,Health Sub-Centre,Vendor_006,2992642.79,2992642.79,2990986.62,20248831.98,134,0,0,0,0,,0,0.1,0,4.1599975539123975e-05,0.0,Low,0.71
MPLAD-3056,Prasun Banerjee,West Bengal,HOWRAH,147000000.0,Health Sub-Centre,Vendor_004,2670292.36,2670292.36,2645583.37,22919124.33,217,0,0,0,0,,0,0.9,1,4.9468820839896936e-05,0.4,Medium,0.64
MPLAD-3057,Prasun Banerjee,West Bengal,HOWRAH,147000000.0,Drinking Water Supply,Vendor_004,1495400.7,1495400.7,1486440.37,24414525.03,155,0,0,0,0,,0,0.6,1,0.0003542822008212127,0.4,Medium,0.68
MPLAD-3058,Pratap Chandra Sarangi,Odisha,BALASORE,147064254.11,School Building,Vendor_014,7273219.5,7273219.5,9264707.79,7273219.5,172,0,0,0,1,,0,27.4,0,0.07490834383772849,0.754,High,1.45
MPLAD-3059,Pratap Chandra Sarangi,Odisha,BALASORE,147064254.11,School Building,Vendor_006,4940143.53,4940143.53,5034334.41,12213363.03,189,0,0,0,0,,0,1.9,0,0.0003381444863640739,0.0,Low,0.99
MPLAD-3060,Pratap Chandra Sarangi,Odisha,BALASORE,147064254.11,Drinking Water Supply,Vendor_003,5443243.43,5443243.43,5423683.53,17656606.46,223,1,0,0,0,,0,0.4,0,0.9659513008645911,0.966,High,2.47
MPLAD-3061,Prataprao Jadhav,Maharashtra,BULDHANA,147000000.0,Health Sub-Centre,Vendor_021,5556190.63,5556190.63,5563975.79,5556190.63,53,0,0,0,0,,0,0.1,0,0.018504888890719814,0.019,Low,1.32
MPLAD-3062,Prataprao Jadhav,Maharashtra,BULDHANA,147000000.0,Solar Street Lighting,Vendor_002,1693016.72,1693016.72,2365958.34,7249207.35,217,0,0,0,1,,0,39.7,0,0.016496461966535217,0.85,High,1.13
MPLAD-3063,Prataprao Jadhav,Maharashtra,BULDHANA,147000000.0,Drinking Water Supply,Vendor_020,805378.8,805378.8,813437.94,8054586.15,202,0,0,0,0,,0,1.0,0,5.637915579801544e-05,0.0,Low,0.37
MPLAD-3064,Prataprao Jadhav,Maharashtra,BULDHANA,147000000.0,Solar Street Lighting,Vendor_023,2522482.94,2522482.94,2482861.66,10577069.09,170,0,0,0,0,,0,1.6,0,0.1137106572431187,0.114,Low,1.68
MPLAD-3065,Prataprao Jadhav,Maharashtra,BULDHANA,147000000.0,Community Hall,Vendor_008,2139688.1,2139688.1,2143338.76,12716757.19,171,0,1,0,0,DUPGRP-3065,0,0.2,0,0.00027546523924184955,0.75,High,0.76
MPLAD-3066,Prataprao Jadhav,Maharashtra,BULDHANA,147000000.0,Community Hall,Vendor_008,2214441.28,2214441.28,2175901.74,14931198.48,176,0,1,0,0,DUPGRP-3065,0,1.7,0,0.00030488703681199263,0.75,High,0.79
MPLAD-3067,Prataprao Jadhav,Maharashtra,BULDHANA,147000000.0,Solar Street Lighting,Vendor_022,373218.67,373218.67,372052.11,15304417.15,181,0,0,0,0,,0,0.3,1,0.0002798488201511733,0.4,Medium,0.25
MPLAD-3068,Pratima Mondal,West Bengal,JOYNAGAR(SC),147000000.0,Sports Infrastructure,Vendor_013,4253774.02,4253774.02,4191779.53,4253774.02,144,0,0,0,0,,0,1.5,0,0.050233030308052005,0.05,Low,1.42
MPLAD-3069,Pratima Mondal,West Bengal,JOYNAGAR(SC),147000000.0,Community Hall,Vendor_001,3098549.75,3098549.75,3098668.96,7352323.77,220,0,0,0,0,,0,0.0,0,0.001965183440346853,0.002,Low,1.11
MPLAD-3070,Pratima Mondal,West Bengal,JOYNAGAR(SC),147000000.0,Drinking Water Supply,Vendor_008,1858181.93,1858181.93,1827388.89,9210505.7,69,0,0,0,0,,0,1.7,0,0.004610841965640783,0.005,Low,0.84
MPLAD-3071,Pratima Mondal,West Bengal,JOYNAGAR(SC),147000000.0,Sports Infrastructure,Vendor_013,6960455.68,6960455.68,6897540.03,16170961.38,256,1,0,0,0,,0,0.9,0,0.9283171553410458,0.928,High,2.32
MPLAD-3072,Pratima Mondal,West Bengal,JOYNAGAR(SC),147000000.0,Drinking Water Supply,Vendor_012,2491670.8,2491670.8,2526816.54,18662632.19,106,0,0,0,0,,0,1.4,0,0.010214202947549638,0.01,Low,1.13
MPLAD-3073,Pratima Mondal,West Bengal,JOYNAGAR(SC),147000000.0,Solar Street Lighting,Vendor_018,813604.58,813604.58,814942.24,19476236.76,225,0,0,0,0,,0,0.2,0,0.0015869756655941306,0.002,Low,0.54
MPLAD-3074,Pratima Mondal,West Bengal,JOYNAGAR(SC),147000000.0,Road Construction,Vendor_007,5384455.49,5384455.49,5396267.3,24860692.25,129,0,1,0,0,DUPGRP-3074,0,0.2,0,0.10769453005069654,0.75,High,1.54
MPLAD-3075,Pratima Mondal,West Bengal,JOYNAGAR(SC),147000000.0,Road Construction,Vendor_021,5480183.9,5480183.9,5543617.26,30340876.15,131,0,1,0,0,DUPGRP-3074,0,1.2,0,0.13256918633778833,0.75,High,1.57
MPLAD-3076,Pratima Mondal,West Bengal,JOYNAGAR(SC),147000000.0,Road Construction,Vendor_023,4582117.63,4582117.63,4664980.92,34922993.78,175,0,0,0,0,,0,1.8,0,0.012334260266368139,0.012,Low,1.31
MPLAD-3077,Praveen Khandelwal CHANDINI,Delhi,CHOWK,147470276.0,Health Sub-Centre,Vendor_020,4622031.66,4622031.66,4620940.94,4622031.66,267,0,0,0,0,,0,0.0,0,0.006782320593380731,0.007,Low,1.1
MPLAD-3078,Praveen Khandelwal CHANDINI,Delhi,CHOWK,147470276.0,Road Construction,Vendor_013,5244211.16,5244211.16,5192121.34,9866242.83,114,0,0,0,0,,0,1.0,0,0.08668464276432446,0.087,Low,1.5
MPLAD-3079,Praveen Khandelwal CHANDINI,Delhi,CHOWK,147470276.0,Drinking Water Supply,Vendor_010,4966546.4,4966546.4,4884788.26,14832789.23,256,1,0,0,0,,0,1.6,0,0.8903118690064054,0.89,High,2.26
MPLAD-3080,PRAVEEN PATEL,Uttar Pradesh,PHULPUR,151559884.09,Community Hall,Vendor_019,3446641.27,3446641.27,3385036.56,3446641.27,197,0,0,0,0,,0,1.8,0,0.004495786044514242,0.004,Low,1.23
MPLAD-3081,PRAVEEN PATEL,Uttar Pradesh,PHULPUR,151559884.09,Road Construction,Vendor_004,9450993.19,9450993.19,9451434.22,12897634.46,167,1,1,0,0,DUPGRP-3081,0,0.0,1,0.9991886001765399,1.0,High,2.7
MPLAD-3082,PRAVEEN PATEL,Uttar Pradesh,PHULPUR,151559884.09,Road Construction,Vendor_004,9351869.62,9351869.62,9438948.98,22249504.08,172,0,1,0,0,DUPGRP-3081,0,0.9,1,0.9990460649224452,1.0,High,2.67
MPLAD-3083,PRAVEEN PATEL,Uttar Pradesh,PHULPUR,151559884.09,Health Sub-Centre,Vendor_013,5193443.9,5193443.9,5267851.08,27442947.98,298,0,0,1,0,,0,1.4,0,0.02727018224745007,0.027,Low,1.24
MPLAD-3084,PRAVEEN PATEL,Uttar Pradesh,PHULPUR,151559884.09,Drinking Water Supply,Vendor_017,2764853.56,2764853.56,2803416.4,30207801.54,237,0,0,0,0,,0,1.4,1,0.016508320397652022,0.4,Medium,1.26
MPLAD-3085,PRAVEEN PATEL,Uttar Pradesh,PHULPUR,151559884.09,School Building,Vendor_025,5030041.01,5030041.01,5127878.02,35237842.55,115,0,1,0,0,DUPGRP-3085,0,1.9,0,0.0006307624800522496,0.75,High,1.01
MPLAD-3086,PRAVEEN PATEL,Uttar Pradesh,PHULPUR,151559884.09,School Building,Vendor_025,5062190.55,5062190.55,5034169.57,40300033.1,124,0,1,0,0,DUPGRP-3085,0,0.6,0,0.0005918396120268896,0.75,High,1.01
MPLAD-3087,PRAVEEN PATEL,Uttar Pradesh,PHULPUR,151559884.09,Road Construction,Vendor_010,3557892.43,3557892.43,3603145.87,43857925.53,167,0,0,0,0,,0,1.3,0,0.0008556558679918157,0.001,Low,1.02
MPLAD-3088,PRIYA SAROJ,Uttar Pradesh,MACHHLISHAHR(SC),147000000.0,Drinking Water Supply,Vendor_005,2916316.53,2916316.53,2911768.22,2916316.53,116,0,0,0,0,,0,0.2,0,0.026740086393647635,0.027,Low,1.33
MPLAD-3089,PRIYA SAROJ,Uttar Pradesh,MACHHLISHAHR(SC),147000000.0,Health Sub-Centre,Vendor_017,3328696.63,3328696.63,4541374.03,6245013.16,306,0,0,1,1,,0,36.4,1,0.0016727657872973691,1.0,High,0.79
MPLAD-3090,PRIYA SAROJ,Uttar Pradesh,MACHHLISHAHR(SC),147000000.0,School Building,Vendor_012,1802289.82,1802289.82,2467857.34,8047302.98,198,0,0,0,1,,0,36.9,0,9.983072032892501e-07,0.849,High,0.36
MPLAD-3091,PRIYA SAROJ,Uttar Pradesh,MACHHLISHAHR(SC),147000000.0,School Building,Vendor_025,5592382.65,5592382.65,7715998.73,13639685.63,88,0,0,0,1,,0,38.0,0,0.003181516286081951,0.85,High,1.12
MPLAD-3092,PRIYA SAROJ,Uttar Pradesh,MACHHLISHAHR(SC),147000000.0,Community Hall,Vendor_011,6398870.67,6398870.67,6416657.44,20038556.3,165,1,0,0,0,,0,0.3,0,0.9022710332447914,0.902,High,2.29
MPLAD-3093,PRIYA SAROJ,Uttar Pradesh,MACHHLISHAHR(SC),147000000.0,Road Construction,Vendor_021,4131902.44,4131902.44,4063378.58,24170458.73,246,0,0,0,0,,0,1.7,0,0.0065797681836745735,0.007,Low,1.18
MPLAD-3094,PRIYA SAROJ,Uttar Pradesh,MACHHLISHAHR(SC),147000000.0,Solar Street Lighting,Vendor_015,1483807.76,1483807.76,1511650.91,25654266.5,213,0,0,0,0,,0,1.9,0,0.008689565759985484,0.009,Low,0.99
MPLAD-3095,Priyanka Gandhi Vadra,Kerala,WAYANAD,122500000.0,Sports Infrastructure,Vendor_017,2813122.65,2813122.65,2763951.0,2813122.65,170,0,1,0,0,DUPGRP-3095,0,1.7,1,0.0008974464946218616,1.0,High,0.94
MPLAD-3096,Priyanka Gandhi Vadra,Kerala,WAYANAD,122500000.0,Sports Infrastructure,Vendor_017,2835761.92,2835761.92,2853356.01,5648884.58,181,0,1,0,0,DUPGRP-3095,0,0.6,1,0.0009115596308479666,1.0,High,0.95
MPLAD-3097,Priyanka Gandhi Vadra,Kerala,WAYANAD,122500000.0,Sports Infrastructure,Vendor_008,1771621.87,1771621.87,1777460.9,7420506.45,183,0,0,0,0,,0,0.3,0,6.864581663292936e-05,0.0,Low,0.59
MPLAD-3098,Priyanka Gandhi Vadra,Kerala,WAYANAD,122500000.0,Health Sub-Centre,Vendor_004,5024305.22,5024305.22,5079336.59,12444811.66,204,0,0,0,0,,0,1.1,1,0.005662235107426624,0.4,Medium,1.2
MPLAD-3099,Priyanka Gandhi Vadra,Kerala,WAYANAD,122500000.0,Sports Infrastructure,Vendor_007,3833389.49,3833389.49,3808899.99,16278201.15,193,0,0,0,0,,0,0.6,0,0.012319784982104879,0.012,Low,1.28
MPLAD-3100,Priyanka Gandhi Vadra,Kerala,WAYANAD,122500000.0,Health Sub-Centre,Vendor_015,4373723.15,4373723.15,5855952.99,20651924.31,111,0,0,0,1,,0,33.9,0,0.0008445227536723311,0.819,High,1.04
MPLAD-3101,Priyanka Gandhi Vadra,Kerala,WAYANAD,122500000.0,Road Construction,Vendor_020,5700564.63,5700564.63,5591818.29,26352488.94,138,0,0,0,0,,0,1.9,0,0.20817823865737875,0.208,Low,1.63
MPLAD-3102,PRIYANKA SATISH JARKIHOLI,Karnataka,CHIKKODI,147000000.0,Solar Street Lighting,Vendor_008,1291842.37,1291842.37,1294035.49,1291842.37,172,0,0,0,0,,0,0.2,0,0.0032564997980786712,0.003,Low,0.86
MPLAD-3103,PRIYANKA SATISH JARKIHOLI,Karnataka,CHIKKODI,147000000.0,Community Hall,Vendor_009,1154651.56,1154651.56,1160515.9,2446493.94,277,0,0,1,0,,0,0.5,0,0.00015897159788302536,0.0,Low,0.41
MPLAD-3104,PRIYANKA SATISH JARKIHOLI,Karnataka,CHIKKODI,147000000.0,School Building,Vendor_024,6676448.66,6676448.66,6548333.01,9122942.6,210,0,0,0,0,,0,1.9,0,0.020533636877899417,0.021,Low,1.34
MPLAD-3105,PRIYANKA SATISH JARKIHOLI,Karnataka,CHIKKODI,147000000.0,Solar Street Lighting,Vendor_010,1400254.39,1400254.39,1426685.91,10523196.99,200,0,0,0,0,,0,1.9,0,0.005893087895156829,0.006,Low,0.93
MPLAD-3106,PRIYANKA SATISH JARKIHOLI,Karnataka,CHIKKODI,147000000.0,Sports Infrastructure,Vendor_001,3513951.76,3513951.76,3583455.32,14037148.75,86,0,0,0,0,,0,2.0,0,0.01551974718935991,0.016,Low,1.17
MPLAD-3107,PRIYANKA SATISH JARKIHOLI,Karnataka,CHIKKODI,147000000.0,School Building,Vendor_016,4094116.11,4094116.11,4088732.03,18131264.86,159,0,0,0,0,,0,0.1,0,5.1018042096862974e-05,0.0,Low,0.82
MPLAD-3108,PRIYANKA SATISH JARKIHOLI,Karnataka,CHIKKODI,147000000.0,Health Sub-Centre,Vendor_002,4015696.23,4015696.23,4024215.42,22146961.09,170,0,0,0,0,,0,0.2,0,0.00036430991724197443,0.0,Low,0.96
MPLAD-3109,PRIYANKA SATISH JARKIHOLI,Karnataka,CHIKKODI,147000000.0,School Building,Vendor_016,3693615.1,3693615.1,3643584.84,25840576.18,135,0,0,0,0,,0,1.4,0,2.8718453409319718e-05,0.0,Low,0.74
MPLAD-3110,Prof Sougata Ray DUM,West Bengal,DUM,147000000.0,Solar Street Lighting,Vendor_004,1464358.63,1464358.63,1484785.67,1464358.63,202,0,0,0,0,,0,1.4,1,0.007253656455642096,0.4,Medium,0.98
MPLAD-3111,Prof Sougata Ray DUM,West Bengal,DUM,147000000.0,Solar Street Lighting,Vendor_017,2556217.19,2556217.19,2527358.79,4020575.82,190,0,0,0,0,,0,1.1,1,0.147997686739824,0.4,Medium,1.7
MPLAD-3112,Prof Sougata Ray DUM,West Bengal,DUM,147000000.0,Road Construction,Vendor_013,1868809.79,1868809.79,1863475.88,5889385.62,91,0,0,0,0,,0,0.3,0,8.496137066985641e-05,0.0,Low,0.53
MPLAD-3113,Prof Sougata Ray DUM,West Bengal,DUM,147000000.0,Solar Street Lighting,Vendor_018,768098.04,768098.04,783362.47,6657483.66,197,0,0,0,0,,0,2.0,0,0.0009585922757700937,0.001,Low,0.51
MPLAD-3114,Prof SP Singh Baghel,Uttar Pradesh,AGRA(SC),147000000.0,Health Sub-Centre,Vendor_016,9412152.56,9412152.56,9597440.73,9412152.56,147,1,0,0,0,,0,2.0,0,0.9750294269270431,0.975,High,2.24
MPLAD-3115,Prof SP Singh Baghel,Uttar Pradesh,AGRA(SC),147000000.0,Solar Street Lighting,Vendor_025,1466475.4,1466475.4,1469274.36,10878627.96,186,0,0,0,0,,0,0.2,0,0.006138244889928951,0.006,Low,0.98
MPLAD-3116,Prof SP Singh Baghel,Uttar Pradesh,AGRA(SC),147000000.0,Sports Infrastructure,Vendor_021,3567557.41,3567557.41,3554182.61,14446185.37,124,0,0,0,0,,0,0.4,0,0.010084113911285454,0.01,Low,1.19
MPLAD-3117,Prof SP Singh Baghel,Uttar Pradesh,AGRA(SC),147000000.0,Health Sub-Centre,Vendor_017,2958710.47,2958710.47,2930563.85,17404895.84,176,0,1,0,0,DUPGRP-3117,0,1.0,1,4.129738780448723e-05,1.0,High,0.7
MPLAD-3118,Prof SP Singh Baghel,Uttar Pradesh,AGRA(SC),147000000.0,Health Sub-Centre,Vendor_017,2956616.46,2956616.46,2987621.5,20361512.3,168,0,1,0,0,DUPGRP-3117,0,1.0,1,3.829570409960748e-05,1.0,High,0.7
MPLAD-3119,Prof SP Singh Baghel,Uttar Pradesh,AGRA(SC),147000000.0,Solar Street Lighting,Vendor_011,959430.33,959430.33,969750.47,21320942.64,212,0,0,0,0,,0,1.1,0,0.0019673920190088133,0.002,Low,0.64
MPLAD-3120,PUSHPENDRA SAROJ,Uttar Pradesh,KAUSHAMBI(SC),147000000.0,School Building,Vendor_002,6042099.28,6042099.28,6137296.18,6042099.28,182,0,0,0,0,,0,1.6,0,0.004340195717834419,0.004,Low,1.21
MPLAD-3121,PUSHPENDRA SAROJ,Uttar Pradesh,KAUSHAMBI(SC),147000000.0,School Building,Vendor_013,12197469.86,12197469.86,12162426.86,18239569.14,165,1,1,0,0,DUPGRP-3121,0,0.3,0,0.9976285793493269,0.998,High,2.44
MPLAD-3122,PUSHPENDRA SAROJ,Uttar Pradesh,KAUSHAMBI(SC),147000000.0,School Building,Vendor_013,12274128.57,12274128.57,12487630.55,30513697.71,170,0,1,0,0,DUPGRP-3121,0,1.7,0,0.9977986987659955,0.998,High,2.45
MPLAD-3123,PUSHPENDRA SAROJ,Uttar Pradesh,KAUSHAMBI(SC),147000000.0,Health Sub-Centre,Vendor_011,3480737.86,3480737.86,3421041.91,33994435.56,106,0,0,0,0,,0,1.7,0,0.00015313621040139754,0.0,Low,0.83
MPLAD-3124,PUSHPENDRA SAROJ,Uttar Pradesh,KAUSHAMBI(SC),147000000.0,School Building,Vendor_023,3194878.9,3194878.9,4065005.43,37189314.46,266,0,0,0,1,,0,27.2,0,5.0883883054952824e-05,0.752,High,0.64
MPLAD-3125,PUSHPENDRA SAROJ,Uttar Pradesh,KAUSHAMBI(SC),147000000.0,Drinking Water Supply,Vendor_001,4350411.43,4350411.43,4396833.9,41539725.89,218,0,0,0,0,,0,1.1,0,0.5604122050596514,0.56,Medium,1.98
MPLAD-3126,PUSHPENDRA SAROJ,Uttar Pradesh,KAUSHAMBI(SC),147000000.0,Community Hall,Vendor_006,3093152.53,3093152.53,3141332.23,44632878.42,231,0,0,0,0,,0,1.6,0,0.002081751399907346,0.002,Low,1.1
MPLAD-3127,Putta Mahesh Kumar,Andhra Pradesh,ELURU,147000000.0,Road Construction,Vendor_004,3613076.78,3613076.78,3649964.34,3613076.78,205,0,0,0,0,,0,1.0,1,0.001171510754721981,0.4,Medium,1.03
MPLAD-3128,Putta Mahesh Kumar,Andhra Pradesh,ELURU,147000000.0,Sports Infrastructure,Vendor_004,2656681.84,2656681.84,2641695.01,6269758.61,136,0,1,0,0,DUPGRP-3128,0,0.6,1,0.0008358959760337892,1.0,High,0.89
MPLAD-3129,Putta Mahesh Kumar,Andhra Pradesh,ELURU,147000000.0,Sports Infrastructure,Vendor_025,2664989.6,2664989.6,2654460.76,8934748.21,129,0,1,0,0,DUPGRP-3128,0,0.4,0,0.0009481300784939449,0.75,High,0.89
MPLAD-3130,Putta Mahesh Kumar,Andhra Pradesh,ELURU,147000000.0,Sports Infrastructure,Vendor_007,7056604.18,7056604.18,6967125.79,15991352.39,131,1,0,0,0,,0,1.3,0,0.9886194194359125,0.989,High,2.35
MPLAD-3131,Putta Mahesh Kumar,Andhra Pradesh,ELURU,147000000.0,Road Construction,Vendor_025,2440723.86,2440723.86,2475034.1,18432076.25,202,0,0,0,0,,0,1.4,0,7.136944635654398e-05,0.0,Low,0.7
MPLAD-3132,Putta Mahesh Kumar,Andhra Pradesh,ELURU,147000000.0,Community Hall,Vendor_002,7520512.0,7520512.0,7557168.81,25952588.25,81,1,0,0,0,,0,0.5,0,0.988329371125823,0.988,High,2.69
MPLAD-3133,Putta Mahesh Kumar,Andhra Pradesh,ELURU,147000000.0,Road Construction,Vendor_019,4016554.66,4016554.66,4077012.81,29969142.91,106,0,0,0,0,,0,1.5,0,0.00521112519382216,0.005,Low,1.15
MPLAD-3134,Putta Mahesh Kumar,Andhra Pradesh,ELURU,147000000.0,Drinking Water Supply,Vendor_014,2304539.92,2304539.92,2307924.7,32273682.83,223,0,0,0,0,,0,0.1,0,0.0036908885459392606,0.004,Low,1.05
MPLAD-3135,Putta Mahesh Kumar,Andhra Pradesh,ELURU,147000000.0,Community Hall,Vendor_022,3339983.98,3339983.98,3401053.12,35613666.81,161,0,0,0,0,,0,1.8,1,0.005114869401245305,0.4,Medium,1.19
MPLAD-3136,R.K. CHAUDHARY,Uttar Pradesh,MOHANLALGANJ(SC),147000000.0,Sports Infrastructure,Vendor_004,4520664.17,4520664.17,4556921.16,4520664.17,164,0,0,0,0,,0,0.8,1,0.08827254850017392,0.4,Medium,1.51
MPLAD-3137,R.K. CHAUDHARY,Uttar Pradesh,MOHANLALGANJ(SC),147000000.0,Road Construction,Vendor_014,3475886.72,3475886.72,3482437.4,7996550.9,147,0,0,0,0,,0,0.2,0,0.0007654437639230701,0.001,Low,0.99
MPLAD-3138,R.K. CHAUDHARY,Uttar Pradesh,MOHANLALGANJ(SC),147000000.0,Drinking Water Supply,Vendor_021,2536747.54,2536747.54,2569543.62,10533298.43,170,0,0,0,0,,0,1.3,0,0.005523135061341305,0.006,Low,1.15
MPLAD-3139,R.K. CHAUDHARY,Uttar Pradesh,MOHANLALGANJ(SC),147000000.0,Sports Infrastructure,Vendor_004,3279888.56,3279888.56,3243153.43,13813187.0,94,0,0,0,0,,0,1.1,1,0.007825546304128156,0.4,Medium,1.09
MPLAD-3140,R.K. CHAUDHARY,Uttar Pradesh,MOHANLALGANJ(SC),147000000.0,Solar Street Lighting,Vendor_001,1117726.55,1117726.55,1126596.57,14930913.54,218,0,0,0,0,,0,0.8,0,0.0032941169749823532,0.003,Low,0.75
MPLAD-3141,RABINDRA NARAYAN BEHERA,Odisha,JAJPUR(SC),147064617.11,Community Hall,Vendor_017,3113139.12,3113139.12,3109126.44,3113139.12,168,0,0,0,0,,0,0.1,1,0.002669680096989147,0.4,Medium,1.11
MPLAD-3142,RABINDRA NARAYAN BEHERA,Odisha,JAJPUR(SC),147064617.11,Sports Infrastructure,Vendor_013,2743382.18,2743382.18,2776843.4,5856521.31,112,0,0,0,0,,0,1.2,0,0.0015489519266942008,0.002,Low,0.91
MPLAD-3143,RABINDRA NARAYAN BEHERA,Odisha,JAJPUR(SC),147064617.11,Health Sub-Centre,Vendor_005,3748934.51,3748934.51,3719453.12,9605455.82,127,0,0,0,0,,0,0.8,0,0.00019805586786605898,0.0,Low,0.89
MPLAD-3144,RABINDRA NARAYAN BEHERA,Odisha,JAJPUR(SC),147064617.11,School Building,Vendor_017,11214930.01,11214930.01,11040802.43,20820385.82,134,1,0,0,0,,0,1.6,1,0.9913967906084461,0.991,High,2.24
MPLAD-3145,RABINDRA NARAYAN BEHERA,Odisha,JAJPUR(SC),147064617.11,Road Construction,Vendor_017,3526519.19,3526519.19,3469442.31,24346905.01,105,0,0,0,0,,0,1.6,1,0.0016959290759136776,0.4,Medium,1.01
MPLAD-3146,RABINDRA NARAYAN BEHERA,Odisha,JAJPUR(SC),147064617.11,Solar Street Lighting,Vendor_021,1623015.04,1623015.04,1630052.94,25969920.05,196,0,1,0,0,DUPGRP-3146,0,0.4,0,0.010771496088339001,0.75,High,1.08
MPLAD-3147,RABINDRA NARAYAN BEHERA,Odisha,JAJPUR(SC),147064617.11,Solar Street Lighting,Vendor_021,1605541.77,1605541.77,1585941.58,27575461.82,205,0,1,0,0,DUPGRP-3146,0,1.2,0,0.011286800701649214,0.75,High,1.07
MPLAD-3148,RACHNA BANERJEE,West Bengal,HOOGHLY,147000000.0,Community Hall,Vendor_021,4030561.13,4030561.13,3956710.92,4030561.13,204,0,0,0,0,,0,1.8,0,0.01781926928957121,0.018,Low,1.44
MPLAD-3149,RACHNA BANERJEE,West Bengal,HOOGHLY,147000000.0,Community Hall,Vendor_013,2105697.56,2105697.56,2124351.14,6136258.69,160,0,0,0,0,,0,0.9,0,0.0003037686259805579,0.0,Low,0.75
MPLAD-3150,RACHNA BANERJEE,West Bengal,HOOGHLY,147000000.0,Community Hall,Vendor_024,3919191.04,3919191.04,3985980.76,10055449.73,231,0,0,0,0,,0,1.7,0,0.01345996334909516,0.013,Low,1.4
MPLAD-3151,RACHNA BANERJEE,West Bengal,HOOGHLY,147000000.0,Road Construction,Vendor_005,4312402.88,4312402.88,4336702.81,14367852.61,246,0,0,0,0,,0,0.6,0,0.009984957075802263,0.01,Low,1.23
MPLAD-3152,RACHNA BANERJEE,West Bengal,HOOGHLY,147000000.0,Sports Infrastructure,Vendor_017,1631059.44,1631059.44,1643447.8,15998912.05,199,0,0,0,0,,0,0.8,1,5.264536880308039e-05,0.4,Medium,0.54
MPLAD-3153,RACHNA BANERJEE,West Bengal,HOOGHLY,147000000.0,Solar Street Lighting,Vendor_006,1385471.64,1385471.64,1408715.49,17384383.69,205,0,0,0,0,,0,1.7,0,0.005981520784622811,0.006,Low,0.92
MPLAD-3154,RACHNA BANERJEE,West Bengal,HOOGHLY,147000000.0,School Building,Vendor_022,9989551.14,9989551.14,9965193.92,27373934.83,124,1,0,0,0,,0,0.2,1,0.9464151162749723,0.946,High,2.0
MPLAD-3155,Radha Mohan Singh PURVI,Bihar,CHAMPARAN,147000000.0,Sports Infrastructure,Vendor_025,3513218.2,3513218.2,3462410.58,3513218.2,135,0,0,0,0,,0,1.4,0,0.007673626173726759,0.008,Low,1.17
MPLAD-3156,Radha Mohan Singh PURVI,Bihar,CHAMPARAN,147000000.0,Solar Street Lighting,Vendor_025,1633848.13,1633848.13,1654693.64,5147066.33,231,0,0,0,0,,0,1.3,0,0.016016206168572515,0.016,Low,1.09
MPLAD-3157,Radha Mohan Singh PURVI,Bihar,CHAMPARAN,147000000.0,Health Sub-Centre,Vendor_010,6086788.1,6086788.1,6020457.21,11233854.43,195,0,0,0,0,,0,1.1,0,0.057165713134522955,0.057,Low,1.45
MPLAD-3158,Radha Mohan Singh PURVI,Bihar,CHAMPARAN,147000000.0,School Building,Vendor_017,4182694.89,4182694.89,4163241.47,15416549.32,188,0,0,0,0,,0,0.5,1,6.302916726321365e-05,0.4,Medium,0.84
MPLAD-3159,Radha Mohan Singh PURVI,Bihar,CHAMPARAN,147000000.0,Community Hall,Vendor_023,2751170.86,2751170.86,2720839.57,18167720.18,102,0,0,0,0,,0,1.1,0,0.004853183622947341,0.005,Low,0.98
MPLAD-3160,Radha Mohan Singh PURVI,Bihar,CHAMPARAN,147000000.0,Solar Street Lighting,Vendor_002,1400921.21,1400921.21,1406114.6,19568641.39,173,0,1,0,0,DUPGRP-3160,0,0.4,0,0.004496100367646126,0.75,High,0.93
MPLAD-3161,Radha Mohan Singh PURVI,Bihar,CHAMPARAN,147000000.0,Solar Street Lighting,Vendor_002,1385051.83,1385051.83,1408680.38,20953693.22,179,0,1,0,0,DUPGRP-3160,0,1.7,0,0.004525770319098669,0.75,High,0.92
MPLAD-3162,Radha Mohan Singh PURVI,Bihar,CHAMPARAN,147000000.0,Drinking Water Supply,Vendor_009,2309049.04,2309049.04,2329632.29,23262742.25,125,0,0,0,0,,0,0.9,0,0.004761691201035654,0.005,Low,1.05
MPLAD-3163,RADHAKRISHNA,Karnataka,GULBARGA(SC),147000000.0,School Building,Vendor_011,6218172.19,6218172.19,6195393.46,6218172.19,204,0,0,0,0,,0,0.4,0,0.007039647994248486,0.007,Low,1.24
MPLAD-3164,RADHAKRISHNA,Karnataka,GULBARGA(SC),147000000.0,Road Construction,Vendor_008,3364217.92,3364217.92,3309001.45,9582390.11,101,0,0,0,0,,0,1.6,0,0.001293416316810553,0.001,Low,0.96
MPLAD-3165,RADHAKRISHNA,Karnataka,GULBARGA(SC),147000000.0,Drinking Water Supply,Vendor_016,3643404.11,3643404.11,3671326.74,13225794.22,108,0,0,0,0,,0,0.8,0,0.17083992537149062,0.171,Low,1.66
MPLAD-3166,RADHAKRISHNA,Karnataka,GULBARGA(SC),147000000.0,School Building,Vendor_003,10410422.16,10410422.16,10544021.93,23636216.37,166,1,0,0,0,,0,1.3,0,0.9788128172815651,0.979,High,2.08
MPLAD-3167,RADHAKRISHNA,Karnataka,GULBARGA(SC),147000000.0,Health Sub-Centre,Vendor_010,1441226.56,1441226.56,2002441.76,25077442.94,130,0,0,0,1,,0,38.9,0,3.322999169725112e-06,0.85,High,0.34
MPLAD-3168,RADHE SHYAM RATHIYA,Chhattisgarh,RAIGARH(ST),159706972.09,School Building,Vendor_025,5207054.53,5207054.53,5287935.07,5207054.53,261,0,0,0,0,,0,1.6,0,0.0014661506208013368,0.001,Low,1.04
MPLAD-3169,RADHE SHYAM RATHIYA,Chhattisgarh,RAIGARH(ST),159706972.09,Health Sub-Centre,Vendor_008,3039060.35,3039060.35,3071187.74,8246114.88,96,0,0,0,0,,0,1.1,0,8.503635236892582e-05,0.0,Low,0.72
MPLAD-3170,RADHE SHYAM RATHIYA,Chhattisgarh,RAIGARH(ST),159706972.09,Road Construction,Vendor_013,7127624.73,7127624.73,7195229.99,15373739.61,143,1,0,0,0,,0,0.9,0,0.9055676711101045,0.906,High,2.04
MPLAD-3171,RADHE SHYAM RATHIYA,Chhattisgarh,RAIGARH(ST),159706972.09,Sports Infrastructure,Vendor_024,4079523.52,4079523.52,4161064.19,19453263.13,221,0,0,0,0,,0,2.0,0,0.021679650234476756,0.022,Low,1.36
MPLAD-3172,RADHE SHYAM RATHIYA,Chhattisgarh,RAIGARH(ST),159706972.09,School Building,Vendor_024,4245543.48,4245543.48,4218981.74,23698806.61,103,0,0,0,0,,0,0.6,0,0.00016265091539072966,0.0,Low,0.85
MPLAD-3173,RAHUL GANDHI RAE,Uttar Pradesh,BARELI,147000000.0,School Building,Vendor_019,11922633.48,11922633.48,12126055.32,11922633.48,243,1,0,0,0,,0,1.7,0,0.9917557605832877,0.992,High,2.38
MPLAD-3174,RAHUL GANDHI RAE,Uttar Pradesh,BARELI,147000000.0,Solar Street Lighting,Vendor_001,1734196.21,1734196.21,2267565.08,13656829.69,189,0,0,0,1,,0,30.8,0,0.013872857819216903,0.788,High,1.16
MPLAD-3175,RAHUL GANDHI RAE,Uttar Pradesh,BARELI,147000000.0,Community Hall,Vendor_014,2387150.5,2387150.5,2401259.11,16043980.19,186,0,0,0,0,,0,0.6,0,0.00040713189778339177,0.0,Low,0.85
MPLAD-3176,Rahul Kaswan,Rajasthan,CHURU,147000000.0,Drinking Water Supply,Vendor_004,3598544.37,3598544.37,4731242.16,3598544.37,237,0,0,0,1,,0,31.5,1,0.14573823027523922,1.0,High,1.64
MPLAD-3177,Rahul Kaswan,Rajasthan,CHURU,147000000.0,Drinking Water Supply,Vendor_022,2319412.41,2319412.41,2361779.73,5917956.77,275,0,1,1,0,DUPGRP-3177,0,1.8,1,0.014390103303278811,1.0,High,1.05
MPLAD-3178,Rahul Kaswan,Rajasthan,CHURU,147000000.0,Drinking Water Supply,Vendor_022,2268182.74,2268182.74,2226478.66,8186139.51,287,0,1,1,0,DUPGRP-3177,0,1.8,1,0.019212647135622422,1.0,High,1.03
MPLAD-3179,Rahul Kaswan,Rajasthan,CHURU,147000000.0,Road Construction,Vendor_016,4294039.92,4294039.92,5855465.65,12480179.43,287,0,0,1,1,,0,36.4,0,0.015024525143935114,0.844,High,1.23
MPLAD-3180,Rahul Kaswan,Rajasthan,CHURU,147000000.0,Community Hall,Vendor_002,1925796.0,1925796.0,1960457.31,14405975.42,92,0,0,0,0,,0,1.8,0,0.0012735767163341981,0.001,Low,0.69
MPLAD-3181,Rahul Kaswan,Rajasthan,CHURU,147000000.0,Community Hall,Vendor_024,3400414.63,3400414.63,3455420.4,17806390.05,136,0,0,0,0,,0,1.6,0,0.009342574242942738,0.009,Low,1.21
MPLAD-3182,Rahul Kaswan,Rajasthan,CHURU,147000000.0,School Building,Vendor_002,2848156.43,2848156.43,2852658.24,20654546.48,93,0,0,0,0,,0,0.2,0,1.937145686077673e-05,0.0,Low,0.57
MPLAD-3183,RAHUL SINGH LODHI,Madhya Pradesh,DAMOH,163058785.37,Drinking Water Supply,Vendor_022,4283005.42,4283005.42,4228770.14,4283005.42,166,1,0,0,0,,0,1.3,1,0.5096677684914114,0.51,Medium,1.95
MPLAD-3184,RAHUL SINGH LODHI,Madhya Pradesh,DAMOH,163058785.37,Drinking Water Supply,Vendor_021,1621922.57,1621922.57,1591562.6,5904928.0,206,0,0,0,0,,0,1.9,0,0.00046158641379634934,0.0,Low,0.74
MPLAD-3185,RAHUL SINGH LODHI,Madhya Pradesh,DAMOH,163058785.37,Solar Street Lighting,Vendor_023,1255993.6,1255993.6,1278556.87,7160921.6,190,0,0,0,0,,0,1.8,0,0.0034808685086764137,0.003,Low,0.84
MPLAD-3186,RAHUL SINGH LODHI,Madhya Pradesh,DAMOH,163058785.37,Drinking Water Supply,Vendor_004,2397866.64,2397866.64,2438182.32,9558788.24,161,0,0,0,0,,0,1.7,1,0.003932140274215514,0.4,Medium,1.09
MPLAD-3187,RAHUL SINGH LODHI,Madhya Pradesh,DAMOH,163058785.37,Road Construction,Vendor_006,6097272.0,6097272.0,6161401.48,15656060.24,140,1,0,0,0,,0,1.1,0,0.42242625893890723,0.422,Medium,1.74
MPLAD-3188,RAHUL SINGH LODHI,Madhya Pradesh,DAMOH,163058785.37,Sports Infrastructure,Vendor_019,1382378.54,1382378.54,1409730.96,17038438.78,206,0,0,0,0,,0,2.0,0,3.2769411898505407e-05,0.0,Low,0.46
MPLAD-3189,RAHUL SINGH LODHI,Madhya Pradesh,DAMOH,163058785.37,Drinking Water Supply,Vendor_024,493452.46,493452.46,497002.84,17531891.24,305,0,0,1,0,,0,0.7,0,0.0013838352857104884,0.001,Low,0.22
MPLAD-3190,RAJ BHUSHAN CHOUDHARY,Bihar,MUZAFFARPUR,147000000.0,Drinking Water Supply,Vendor_014,2401108.83,2401108.83,2446025.15,2401108.83,311,0,0,1,0,,0,1.9,0,0.05637739014506171,0.056,Low,1.09
MPLAD-3191,RAJ BHUSHAN CHOUDHARY,Bihar,MUZAFFARPUR,147000000.0,Sports Infrastructure,Vendor_017,3574720.32,3574720.32,3580368.89,5975829.15,224,0,0,0,0,,0,0.2,1,0.0060378923432531165,0.4,Medium,1.19
MPLAD-3192,RAJ BHUSHAN CHOUDHARY,Bihar,MUZAFFARPUR,147000000.0,Health Sub-Centre,Vendor_004,4201261.52,4201261.52,4180305.31,10177090.67,83,0,0,0,0,,0,0.5,1,0.0009358087852572124,0.4,Medium,1.0
MPLAD-3193,RAJ BHUSHAN CHOUDHARY,Bihar,MUZAFFARPUR,147000000.0,Solar Street Lighting,Vendor_022,1348205.97,1348205.97,1372769.25,11525296.63,114,0,0,0,0,,0,1.8,1,0.0036932287653791613,0.4,Medium,0.9
MPLAD-3194,RAJ BHUSHAN CHOUDHARY,Bihar,MUZAFFARPUR,147000000.0,Road Construction,Vendor_022,4769821.64,4769821.64,5748906.08,16295118.28,211,0,0,0,1,,0,20.5,1,0.02296028291584995,1.0,High,1.36
MPLAD-3195,RAJ BHUSHAN CHOUDHARY,Bihar,MUZAFFARPUR,147000000.0,Sports Infrastructure,Vendor_018,3346622.89,3346622.89,3408623.46,19641741.17,202,0,0,0,0,,0,1.9,0,0.0033456138922202667,0.003,Low,1.12
MPLAD-3196,RAJ BHUSHAN CHOUDHARY,Bihar,MUZAFFARPUR,147000000.0,Drinking Water Supply,Vendor_022,1376603.0,1376603.0,1351833.45,21018344.17,236,0,0,0,0,,0,1.8,1,0.0004381925262298171,0.4,Medium,0.63
MPLAD-3197,RAJ KUMAR ROAT,Rajasthan,BANSWARA(ST),147000000.0,Road Construction,Vendor_002,3200095.45,3200095.45,3167366.91,3200095.45,138,0,0,0,0,,0,1.0,0,0.00042897994399277367,0.0,Low,0.91
MPLAD-3198,RAJ KUMAR ROAT,Rajasthan,BANSWARA(ST),147000000.0,Community Hall,Vendor_022,2046057.51,2046057.51,2034639.42,5246152.97,198,0,0,0,0,,0,0.6,1,0.0001843652569242519,0.4,Medium,0.73
MPLAD-3199,RAJ KUMAR ROAT,Rajasthan,BANSWARA(ST),147000000.0,Health Sub-Centre,Vendor_004,2648155.88,2648155.88,3229356.19,7894308.85,181,0,0,0,1,,0,21.9,1,2.3932526732329527e-05,1.0,High,0.63
MPLAD-3200,RAJ KUMAR ROAT,Rajasthan,BANSWARA(ST),147000000.0,Road Construction,Vendor_002,2173792.3,2173792.3,2186102.05,10068101.15,172,0,0,0,0,,0,0.6,0,3.2215224771029476e-05,0.0,Low,0.62
MPLAD-3201,RAJ KUMAR ROAT,Rajasthan,BANSWARA(ST),147000000.0,Community Hall,Vendor_016,3333122.57,3333122.57,3399068.97,13401223.72,129,0,0,0,0,,0,2.0,0,0.009236346117063782,0.009,Low,1.19
MPLAD-3202,RAJA RAM SINGH,Bihar,KARAKAT,147000000.0,Sports Infrastructure,Vendor_012,2378288.34,2378288.34,2362504.01,2378288.34,164,0,0,0,0,,0,0.7,0,0.0003100258025976155,0.0,Low,0.79
MPLAD-3203,RAJA RAM SINGH,Bihar,KARAKAT,147000000.0,Sports Infrastructure,Vendor_023,2152515.82,2152515.82,2189614.27,4530804.17,271,0,0,1,0,,0,1.7,0,0.0003897989387063928,0.0,Low,0.72
MPLAD-3204,RAJA RAM SINGH,Bihar,KARAKAT,147000000.0,Community Hall,Vendor_021,3519419.61,3519419.61,3462239.92,8050223.77,250,0,0,0,0,,0,1.6,0,0.006356295200995532,0.006,Low,1.26
MPLAD-3205,RAJA RAM SINGH,Bihar,KARAKAT,147000000.0,Sports Infrastructure,Vendor_007,3514532.47,3514532.47,3467012.51,11564756.24,100,0,0,0,0,,0,1.4,0,0.01240362884141342,0.012,Low,1.17
MPLAD-3206,RAJA RAM SINGH,Bihar,KARAKAT,147000000.0,Road Construction,Vendor_014,8198177.28,8198177.28,8135879.66,19762933.52,193,1,0,0,0,,0,0.8,0,0.9909639209916058,0.991,High,2.34
MPLAD-3207,RAJA RAM SINGH,Bihar,KARAKAT,147000000.0,Solar Street Lighting,Vendor_009,2148876.86,2148876.86,2677361.19,21911810.38,175,0,0,0,1,,0,24.6,0,0.04108370009163845,0.726,High,1.43
MPLAD-3208,RAJA RAM SINGH,Bihar,KARAKAT,147000000.0,Drinking Water Supply,Vendor_004,883538.35,883538.35,873162.39,22795348.73,176,0,0,0,0,,0,1.2,1,6.276777549834817e-05,0.4,Medium,0.4
MPLAD-3209,RAJABHAU,Maharashtra,NASHIK,152878682.11,Health Sub-Centre,Vendor_004,3862537.79,3862537.79,3933782.2,3862537.79,104,0,0,0,0,,0,1.8,1,0.00033048250355081904,0.4,Medium,0.92
MPLAD-3210,RAJABHAU,Maharashtra,NASHIK,152878682.11,School Building,Vendor_016,6045395.95,6045395.95,5964058.08,9907933.74,34,0,0,0,0,,0,1.3,0,0.017464998823043015,0.017,Low,1.21
MPLAD-3211,RAJABHAU,Maharashtra,NASHIK,152878682.11,Drinking Water Supply,Vendor_013,3130322.06,3130322.06,3122775.31,13038255.8,171,0,0,0,0,,0,0.2,0,0.03082220126759598,0.031,Low,1.42
MPLAD-3212,RAJABHAU,Maharashtra,NASHIK,152878682.11,Sports Infrastructure,Vendor_004,3556947.88,3556947.88,3626760.08,16595203.68,131,0,0,0,0,,0,2.0,1,0.009011386030005848,0.4,Medium,1.19
MPLAD-3213,RAJABHAU,Maharashtra,NASHIK,152878682.11,Community Hall,Vendor_020,855178.66,855178.66,867246.21,17450382.34,150,0,0,0,0,,0,1.4,0,3.191231522708353e-05,0.0,Low,0.31
MPLAD-3214,RAJABHAU,Maharashtra,NASHIK,152878682.11,Sports Infrastructure,Vendor_001,2598826.83,2598826.83,2617393.05,20049209.16,231,0,0,0,0,,0,0.7,0,0.0005953902202138911,0.001,Low,0.87
MPLAD-3215,RAJABHAU,Maharashtra,NASHIK,152878682.11,Community Hall,Vendor_009,2689019.56,2689019.56,3654020.37,22738228.72,150,0,0,0,1,,0,35.9,0,0.0013459780788839522,0.839,High,0.96
MPLAD-3216,RAJEEV BHARDWAJ,Himachal Pradesh,KANGRA,179388967.11,Drinking Water Supply,Vendor_023,5175649.77,5175649.77,6277174.2,5175649.77,172,1,0,0,1,,0,21.3,0,0.9354034606635346,0.935,High,2.35
MPLAD-3217,RAJEEV BHARDWAJ,Himachal Pradesh,KANGRA,179388967.11,Sports Infrastructure,Vendor_002,4468369.87,4468369.87,4384476.08,9644019.64,162,0,0,0,0,,0,1.9,0,0.07809108151788066,0.078,Low,1.49
MPLAD-3218,RAJEEV BHARDWAJ,Himachal Pradesh,KANGRA,179388967.11,School Building,Vendor_004,5333388.58,5333388.58,5323589.07,14977408.22,224,0,0,0,0,,0,0.2,1,0.001109743344076466,0.4,Medium,1.07
MPLAD-3219,RAJEEV BHARDWAJ,Himachal Pradesh,KANGRA,179388967.11,Solar Street Lighting,Vendor_020,1537124.79,1537124.79,1540927.41,16514533.01,33,0,0,0,0,,0,0.2,0,0.022767604712957773,0.023,Low,1.02
MPLAD-3220,RAJEEV BHARDWAJ,Himachal Pradesh,KANGRA,179388967.11,Sports Infrastructure,Vendor_004,5530882.34,5530882.34,5555780.55,22045415.35,153,1,0,0,0,,0,0.5,1,0.6300832765196787,0.63,Medium,1.84
MPLAD-3221,RAJEEV RAI,Uttar Pradesh,GHOSI,147000000.0,Sports Infrastructure,Vendor_024,4550996.36,4550996.36,4465688.78,4550996.36,187,0,0,0,0,,0,1.9,0,0.08424909696464054,0.084,Low,1.52
MPLAD-3222,RAJEEV RAI,Uttar Pradesh,GHOSI,147000000.0,Drinking Water Supply,Vendor_017,2393970.38,2393970.38,2403051.22,6944966.73,199,0,0,0,0,,0,0.4,1,0.0036608361566747563,0.4,Medium,1.09
MPLAD-3223,RAJEEV RAI,Uttar Pradesh,GHOSI,147000000.0,Solar Street Lighting,Vendor_021,2046031.9,2046031.9,2013272.77,8990998.63,171,0,0,0,0,,0,1.6,0,0.029312056213295606,0.029,Low,1.36
MPLAD-3224,RAJEEV RAI,Uttar Pradesh,GHOSI,147000000.0,Sports Infrastructure,Vendor_002,4303561.89,4303561.89,4319885.35,13294560.52,166,0,0,0,0,,0,0.4,0,0.049554426372563486,0.05,Low,1.43
MPLAD-3225,RAJEEV RAI,Uttar Pradesh,GHOSI,147000000.0,School Building,Vendor_017,9698949.31,9698949.31,9844088.12,22993509.83,185,1,0,0,0,,0,1.5,1,0.9313356369567046,0.931,High,1.94
MPLAD-3226,RAJEEV RAI,Uttar Pradesh,GHOSI,147000000.0,Drinking Water Supply,Vendor_010,1985555.39,1985555.39,2003851.85,24979065.22,253,0,0,0,0,,0,0.9,0,0.0032169570222517737,0.003,Low,0.9
MPLAD-3227,RAJESH RANJAN ALIAS PAPPU YADAV,Bihar,PURNEA,147000000.0,Solar Street Lighting,Vendor_011,1493043.46,1493043.46,1488479.4,1493043.46,146,0,0,0,0,,0,0.3,0,0.005039708080830482,0.005,Low,1.0
MPLAD-3228,RAJESH RANJAN ALIAS PAPPU YADAV,Bihar,PURNEA,147000000.0,Solar Street Lighting,Vendor_020,1338175.48,1338175.48,1347666.97,2831218.94,166,0,0,0,0,,0,0.7,0,0.003559289250684598,0.004,Low,0.89
MPLAD-3229,RAJESH RANJAN ALIAS PAPPU YADAV,Bihar,PURNEA,147000000.0,Health Sub-Centre,Vendor_014,2403942.47,2403942.47,2440489.77,5235161.41,134,0,1,0,0,DUPGRP-3229,0,1.5,0,1.4230914503132966e-05,0.75,High,0.57
MPLAD-3230,RAJESH RANJAN ALIAS PAPPU YADAV,Bihar,PURNEA,147000000.0,Health Sub-Centre,Vendor_001,2411918.33,2411918.33,2402030.99,7647079.74,131,0,1,0,0,DUPGRP-3229,0,0.4,0,1.491569675599234e-05,0.75,High,0.57
MPLAD-3231,RAJESH RANJAN ALIAS PAPPU YADAV,Bihar,PURNEA,147000000.0,Sports Infrastructure,Vendor_009,3789239.95,3789239.95,5079590.76,11436319.7,135,0,1,0,1,DUPGRP-3231,0,34.1,0,0.0159111349455366,1.0,High,1.26
MPLAD-3232,RAJESH RANJAN ALIAS PAPPU YADAV,Bihar,PURNEA,147000000.0,Sports Infrastructure,Vendor_020,3807460.18,3807460.18,3772643.35,15243779.88,139,0,1,0,0,DUPGRP-3231,0,0.9,0,0.01605632369832739,0.75,High,1.27
MPLAD-3233,RAJESH RANJAN ALIAS PAPPU YADAV,Bihar,PURNEA,147000000.0,School Building,Vendor_022,5811540.33,5811540.33,5768550.25,21055320.21,92,0,0,0,0,,0,0.7,1,0.004633217726195865,0.4,Medium,1.16
MPLAD-3234,RAJESH RANJAN ALIAS PAPPU YADAV,Bihar,PURNEA,147000000.0,Community Hall,Vendor_008,2719964.32,2719964.32,2691188.67,23775284.53,154,0,0,0,0,,0,1.1,0,0.0013371587714102963,0.001,Low,0.97
MPLAD-3235,RAJESH RANJAN ALIAS PAPPU YADAV,Bihar,PURNEA,147000000.0,School Building,Vendor_019,10414807.71,10414807.71,10585401.87,34190092.24,176,1,0,0,0,,0,1.6,0,0.9789551640399154,0.979,High,2.08
MPLAD-3236,RAJESH RANJAN ALIAS PAPPU YADAV,Bihar,PURNEA,147000000.0,School Building,Vendor_023,6848386.22,6848386.22,6802414.17,41038478.47,252,0,0,0,0,,0,0.7,0,0.03367425481675986,0.034,Low,1.37
MPLAD-3237,RAJESH VERMA,Bihar,KHAGARIA,147000000.0,Solar Street Lighting,Vendor_015,1540876.37,1540876.37,1541719.22,1540876.37,182,0,0,0,0,,0,0.1,0,0.007330943837604141,0.007,Low,1.03
MPLAD-3238,RAJESH VERMA,Bihar,KHAGARIA,147000000.0,Road Construction,Vendor_022,4919332.84,4919332.84,4917627.93,6460209.22,261,0,0,0,0,,0,0.0,1,0.04396034075136312,0.4,Medium,1.41
MPLAD-3239,RAJESH VERMA,Bihar,KHAGARIA,147000000.0,Drinking Water Supply,Vendor_004,1934601.77,1934601.77,1915000.8,8394810.98,179,0,0,0,0,,0,1.0,1,0.0009688354878798185,0.4,Medium,0.88
MPLAD-3240,RAJESH VERMA,Bihar,KHAGARIA,147000000.0,Sports Infrastructure,Vendor_013,4368408.02,4368408.02,4296167.03,12763219.0,240,0,0,0,0,,0,1.7,0,0.04091371773270776,0.041,Low,1.46
MPLAD-3241,Rajeshbhai Naranbhai Chudasama,Gujarat,JUNAGADH,147000000.0,Sports Infrastructure,Vendor_011,4573913.98,4573913.98,4572859.41,4573913.98,209,0,0,0,0,,0,0.0,0,0.07946275874488078,0.079,Low,1.52
MPLAD-3242,Rajeshbhai Naranbhai Chudasama,Gujarat,JUNAGADH,147000000.0,Sports Infrastructure,Vendor_018,2902973.28,2902973.28,2933277.25,7476887.26,180,0,0,0,0,,0,1.0,0,0.0010870937284436471,0.001,Low,0.97
MPLAD-3243,Rajeshbhai Naranbhai Chudasama,Gujarat,JUNAGADH,147000000.0,Solar Street Lighting,Vendor_011,1905148.6,1905148.6,1905189.73,9382035.86,180,0,0,0,0,,0,0.0,0,0.021018692357230816,0.021,Low,1.27
MPLAD-3244,Rajeshbhai Naranbhai Chudasama,Gujarat,JUNAGADH,147000000.0,Drinking Water Supply,Vendor_001,2477997.44,2477997.44,2509143.62,11860033.31,103,0,0,0,0,,0,1.3,0,0.010323901994589596,0.01,Low,1.13
MPLAD-3245,Rajeshbhai Naranbhai Chudasama,Gujarat,JUNAGADH,147000000.0,Drinking Water Supply,Vendor_006,2932694.85,2932694.85,2921754.79,14792728.15,155,0,0,0,0,,0,0.4,0,0.019072853820480518,0.019,Low,1.33
MPLAD-3246,Rajiv Pratap Rudy,Bihar,SARAN,147000000.0,School Building,Vendor_022,4727164.41,4727164.41,4767447.28,4727164.41,186,0,0,0,0,,0,0.9,1,0.000205867686506441,0.4,Medium,0.95
MPLAD-3247,Rajiv Pratap Rudy,Bihar,SARAN,147000000.0,Solar Street Lighting,Vendor_005,1594365.2,1594365.2,1604066.01,6321529.61,71,0,0,0,0,,0,0.6,0,0.011756400517860466,0.012,Low,1.06
MPLAD-3248,Rajiv Pratap Rudy,Bihar,SARAN,147000000.0,Health Sub-Centre,Vendor_016,3082178.79,3082178.79,3027920.69,9403708.4,177,0,1,0,0,DUPGRP-3248,0,1.8,0,5.345838196373683e-05,0.75,High,0.73
MPLAD-3249,Rajiv Pratap Rudy,Bihar,SARAN,147000000.0,Health Sub-Centre,Vendor_016,3014976.96,3014976.96,3056866.13,12418685.37,181,0,1,0,0,DUPGRP-3248,0,1.4,0,4.8949123489878806e-05,0.75,High,0.72
MPLAD-3250,Rajiv Pratap Rudy,Bihar,SARAN,147000000.0,Solar Street Lighting,Vendor_013,1555716.17,1555716.17,1529203.57,13974401.53,169,0,0,0,0,,0,1.7,0,0.0068266446405870485,0.007,Low,1.04
MPLAD-3251,Rajiv Pratap Rudy,Bihar,SARAN,147000000.0,School Building,Vendor_017,3803501.95,3803501.95,4952037.83,17777903.48,266,0,1,0,1,DUPGRP-3251,0,30.2,1,0.00013349211790840347,1.0,High,0.76
MPLAD-3252,Rajiv Pratap Rudy,Bihar,SARAN,147000000.0,School Building,Vendor_017,3797277.57,3797277.57,3737170.88,21575181.05,277,0,1,1,0,DUPGRP-3251,0,1.6,1,0.00018401669379131239,1.0,High,0.76
MPLAD-3253,Rajiv Pratap Rudy,Bihar,SARAN,147000000.0,Health Sub-Centre,Vendor_004,4090559.15,4090559.15,4009088.4,25665740.2,173,0,0,0,0,,0,2.0,1,0.0004429577412787169,0.4,Medium,0.97
MPLAD-3254,Rajiv Pratap Rudy,Bihar,SARAN,147000000.0,Drinking Water Supply,Vendor_020,3489998.21,3489998.21,3499185.09,29155738.41,160,0,0,0,0,,0,0.3,0,0.08934314840615144,0.089,Low,1.59
MPLAD-3255,Rajiv Pratap Rudy,Bihar,SARAN,147000000.0,Community Hall,Vendor_021,3124884.93,3124884.93,3102080.53,32280623.34,247,0,0,0,0,,0,0.7,0,0.002649793865463004,0.003,Low,1.12
MPLAD-3256,Rajiv Ranjan (Lalan) Singh,Bihar,MUNGER,147000000.0,Sports Infrastructure,Vendor_007,3076975.43,3076975.43,3092982.12,3076975.43,148,0,0,0,0,,0,0.5,0,0.0021167401645191875,0.002,Low,1.03
MPLAD-3257,Rajiv Ranjan (Lalan) Singh,Bihar,MUNGER,147000000.0,Sports Infrastructure,Vendor_017,2502164.67,2502164.67,2493210.22,5579140.1,180,0,0,0,0,,0,0.4,1,0.00039263061552353534,0.4,Medium,0.83
MPLAD-3258,Rajiv Ranjan (Lalan) Singh,Bihar,MUNGER,147000000.0,School Building,Vendor_010,6564389.49,6564389.49,6683982.73,12143529.59,249,0,0,0,0,,0,1.8,0,0.018927309807124624,0.019,Low,1.31
MPLAD-3259,Rajiv Ranjan (Lalan) Singh,Bihar,MUNGER,147000000.0,Road Construction,Vendor_018,7725684.85,7725684.85,7855356.92,19869214.44,250,1,0,0,0,,0,1.7,0,0.9565777546631832,0.957,High,2.21
MPLAD-3260,Rajiv Ranjan (Lalan) Singh,Bihar,MUNGER,147000000.0,Community Hall,Vendor_022,6298193.7,6298193.7,6222707.86,26167408.14,192,1,0,0,0,,0,1.2,1,0.8412487368751119,0.841,High,2.25
MPLAD-3261,Rajiv Ranjan (Lalan) Singh,Bihar,MUNGER,147000000.0,Health Sub-Centre,Vendor_012,5580067.44,5580067.44,5504426.25,31747475.58,105,0,0,0,0,,0,1.4,0,0.011391280515038838,0.011,Low,1.33
MPLAD-3262,Rajiv Ranjan (Lalan) Singh,Bihar,MUNGER,147000000.0,Road Construction,Vendor_022,1344468.12,1344468.12,1344506.07,33091943.7,159,0,0,0,0,,0,0.0,1,6.279761025255942e-06,0.4,Medium,0.38
MPLAD-3263,Rajkumar Chahar FATEHPUR,Uttar Pradesh,SIKRI,147000000.0,School Building,Vendor_006,2723543.89,2723543.89,3184519.01,2723543.89,102,0,0,0,1,,0,16.9,0,1.1717579445034136e-05,0.649,Medium,0.54
MPLAD-3264,Rajkumar Chahar FATEHPUR,Uttar Pradesh,SIKRI,147000000.0,Solar Street Lighting,Vendor_004,1956790.54,1956790.54,1994617.7,4680334.43,208,0,0,0,0,,0,1.9,1,0.03224074995622436,0.4,Medium,1.3
MPLAD-3265,Rajkumar Chahar FATEHPUR,Uttar Pradesh,SIKRI,147000000.0,Drinking Water Supply,Vendor_009,2549283.5,2549283.5,2526416.05,7229617.94,194,0,0,0,0,,0,0.9,0,0.0055896492812830285,0.006,Low,1.16
MPLAD-3266,Rajkumar Chahar FATEHPUR,Uttar Pradesh,SIKRI,147000000.0,Drinking Water Supply,Vendor_004,2977702.51,2977702.51,3029930.83,10207320.44,249,0,0,0,0,,0,1.8,1,0.036466326631358875,0.4,Medium,1.35
MPLAD-3267,Rajkumar Chahar FATEHPUR,Uttar Pradesh,SIKRI,147000000.0,Health Sub-Centre,Vendor_004,4257011.63,4257011.63,4314197.47,14464332.07,228,0,0,0,0,,0,1.3,1,0.0015537258869071046,0.4,Medium,1.01
MPLAD-3268,Rajkumar Chahar FATEHPUR,Uttar Pradesh,SIKRI,147000000.0,Sports Infrastructure,Vendor_022,2675597.08,2675597.08,2645631.74,17139929.15,164,0,0,0,0,,0,1.1,1,0.0006537455315366842,0.4,Medium,0.89
MPLAD-3269,Rajkumar Chahar FATEHPUR,Uttar Pradesh,SIKRI,147000000.0,School Building,Vendor_010,4027488.22,4027488.22,3988968.09,21167417.37,169,0,0,0,0,,0,1.0,0,4.300900056668033e-05,0.0,Low,0.81
MPLAD-3270,Rajnath Singh,Uttar Pradesh,LUCKNOW,154808797.11,Health Sub-Centre,Vendor_007,6679984.82,6679984.82,6619004.71,6679984.82,155,0,0,0,0,,0,0.9,0,0.1387569934175602,0.139,Low,1.59
MPLAD-3271,Rajnath Singh,Uttar Pradesh,LUCKNOW,154808797.11,Solar Street Lighting,Vendor_004,2210177.51,2210177.51,2225829.16,8890162.33,216,0,0,0,0,,0,0.7,1,0.07091334870257943,0.4,Medium,1.47
MPLAD-3272,Rajnath Singh,Uttar Pradesh,LUCKNOW,154808797.11,Health Sub-Centre,Vendor_010,5181946.18,5181946.18,5145879.41,14072108.51,211,0,0,0,0,,0,0.7,0,0.009012059468353492,0.009,Low,1.23
MPLAD-3273,Rajnath Singh,Uttar Pradesh,LUCKNOW,154808797.11,Solar Street Lighting,Vendor_006,2282712.83,2282712.83,2306653.99,16354821.35,204,0,1,0,0,DUPGRP-3273,0,1.0,0,0.0788601632695026,0.75,High,1.52
MPLAD-3274,Rajnath Singh,Uttar Pradesh,LUCKNOW,154808797.11,Solar Street Lighting,Vendor_007,2365471.69,2365471.69,2408086.54,18720293.04,200,0,1,0,0,DUPGRP-3273,0,1.8,0,0.09600030694197138,0.75,High,1.58
MPLAD-3275,Rajnath Singh,Uttar Pradesh,LUCKNOW,154808797.11,Solar Street Lighting,Vendor_005,1260887.63,1260887.63,1253720.64,19981180.66,290,0,0,1,0,,0,0.6,0,0.00949957377502718,0.009,Low,0.84
MPLAD-3276,Rajnath Singh,Uttar Pradesh,LUCKNOW,154808797.11,Road Construction,Vendor_002,2492243.11,2492243.11,2517599.67,22473423.77,149,0,0,0,0,,0,1.0,0,7.267478289258308e-05,0.0,Low,0.71
MPLAD-3277,Rajnath Singh,Uttar Pradesh,LUCKNOW,154808797.11,Road Construction,Vendor_015,4360255.44,4360255.44,4419043.76,26833679.22,66,0,0,0,0,,0,1.3,0,0.027120312453661144,0.027,Low,1.25
MPLAD-3278,Rajnath Singh,Uttar Pradesh,LUCKNOW,154808797.11,School Building,Vendor_014,5953127.85,5953127.85,6038284.07,32786807.07,108,0,1,0,0,DUPGRP-3278,0,1.4,0,0.005050091198804056,0.75,High,1.19
MPLAD-3279,Rajnath Singh,Uttar Pradesh,LUCKNOW,154808797.11,School Building,Vendor_023,5745402.26,5745402.26,5814550.88,38532209.33,105,0,1,0,0,DUPGRP-3278,0,1.2,0,0.0033625515632986053,0.75,High,1.15
MPLAD-3280,RAJPALSINH MAHENDRASINH JADAV,Gujarat,PANCHMAHAL,147000000.0,Road Construction,Vendor_001,2857458.93,2857458.93,2814610.33,2857458.93,281,0,0,1,0,,0,1.5,0,0.0008817645874083929,0.001,Low,0.82
MPLAD-3281,RAJPALSINH MAHENDRASINH JADAV,Gujarat,PANCHMAHAL,147000000.0,Community Hall,Vendor_004,3030710.82,3030710.82,4054868.29,5888169.75,298,0,0,1,1,,0,33.8,1,0.005831993105773125,1.0,High,1.08
MPLAD-3282,RAJPALSINH MAHENDRASINH JADAV,Gujarat,PANCHMAHAL,147000000.0,Community Hall,Vendor_006,1935782.14,1935782.14,1940428.35,7823951.89,134,0,0,0,0,,0,0.2,0,0.00037745319111948534,0.0,Low,0.69
MPLAD-3283,RAJPALSINH MAHENDRASINH JADAV,Gujarat,PANCHMAHAL,147000000.0,Drinking Water Supply,Vendor_001,2571601.73,2571601.73,2585493.63,10395553.62,175,0,0,0,0,,0,0.5,0,0.005981394357271688,0.006,Low,1.17
MPLAD-3284,RAJPALSINH MAHENDRASINH JADAV,Gujarat,PANCHMAHAL,147000000.0,Sports Infrastructure,Vendor_015,2339597.1,2339597.1,2381841.38,12735150.72,223,0,0,0,0,,0,1.8,0,0.00030798414386460943,0.0,Low,0.78
MPLAD-3285,RAJPALSINH MAHENDRASINH JADAV,Gujarat,PANCHMAHAL,147000000.0,Health Sub-Centre,Vendor_008,10500423.96,10500423.96,10408362.14,23235574.68,201,1,0,0,0,,0,0.9,0,0.9965342800279627,0.997,High,2.5
MPLAD-3286,RAJPALSINH MAHENDRASINH JADAV,Gujarat,PANCHMAHAL,147000000.0,Sports Infrastructure,Vendor_014,1123304.89,1123304.89,1414934.03,24358879.57,210,0,0,0,1,,0,26.0,0,2.0328716756384085e-05,0.74,High,0.37
MPLAD-3287,RAJPALSINH MAHENDRASINH JADAV,Gujarat,PANCHMAHAL,147000000.0,Road Construction,Vendor_017,2150304.16,2150304.16,2192979.17,26509183.74,87,0,0,0,0,,0,2.0,1,0.0001658595101155875,0.4,Medium,0.61
MPLAD-3288,Raju Bista,West Bengal,DARJEELING,147000000.0,Drinking Water Supply,Vendor_021,1599323.9,1599323.9,1572173.87,1599323.9,167,0,0,0,0,,0,1.7,0,0.0004127961231535317,0.0,Low,0.73
MPLAD-3289,Raju Bista,West Bengal,DARJEELING,147000000.0,Health Sub-Centre,Vendor_017,10443720.9,10443720.9,10447847.28,12043044.8,109,1,0,0,0,,0,0.0,1,0.9892472437543042,0.989,High,2.49
MPLAD-3290,Raju Bista,West Bengal,DARJEELING,147000000.0,Drinking Water Supply,Vendor_007,3168620.42,3168620.42,3125903.9,15211665.21,176,0,0,0,0,,0,1.3,0,0.03389360388189691,0.034,Low,1.44
MPLAD-3291,Raju Bista,West Bengal,DARJEELING,147000000.0,Community Hall,Vendor_017,3189717.21,3189717.21,3230748.25,18401382.43,98,0,0,0,0,,0,1.3,1,0.01331145713446717,0.4,Medium,1.14
MPLAD-3292,Raju Bista,West Bengal,DARJEELING,147000000.0,Community Hall,Vendor_022,3395463.23,3395463.23,3336219.83,21796845.65,79,0,0,0,0,,0,1.7,1,0.029542929994391887,0.4,Medium,1.21
MPLAD-3293,Raju Bista,West Bengal,DARJEELING,147000000.0,Health Sub-Centre,Vendor_019,3516664.86,3516664.86,3521558.21,25313510.51,154,0,0,0,0,,0,0.1,0,0.00011264329803947351,0.0,Low,0.84
MPLAD-3294,Raju Bista,West Bengal,DARJEELING,147000000.0,Drinking Water Supply,Vendor_015,1697363.93,1697363.93,1700462.88,27010874.44,207,0,0,0,0,,0,0.2,0,0.0005702944425092845,0.001,Low,0.77
MPLAD-3295,Raju Bista,West Bengal,DARJEELING,147000000.0,Road Construction,Vendor_004,7811417.38,7811417.38,7901449.91,34822291.82,192,1,0,0,0,,0,1.2,1,0.9794512526458693,0.979,High,2.23
MPLAD-3296,RAKESH RATHOR,Uttar Pradesh,SITAPUR,147000000.0,Sports Infrastructure,Vendor_007,3674144.01,3674144.01,3696103.21,3674144.01,222,0,0,0,0,,0,0.6,0,0.0077489576452733355,0.008,Low,1.22
MPLAD-3297,RAKESH RATHOR,Uttar Pradesh,SITAPUR,147000000.0,Health Sub-Centre,Vendor_010,3251004.33,3251004.33,3220124.43,6925148.33,233,0,0,0,0,,0,0.9,0,0.00022253940764884863,0.0,Low,0.77
MPLAD-3298,RAKESH RATHOR,Uttar Pradesh,SITAPUR,147000000.0,Health Sub-Centre,Vendor_011,6250834.99,6250834.99,6360190.27,13175983.33,190,1,0,0,0,,0,1.7,0,0.07761522874996397,0.078,Low,1.49
MPLAD-3299,RAKIBUL HUSSAIN,Assam,DHUBRI,147000000.0,Sports Infrastructure,Vendor_016,1908058.79,1908058.79,1870517.26,1908058.79,185,0,0,0,0,,0,2.0,0,9.379954515295697e-05,0.0,Low,0.64
MPLAD-3300,RAKIBUL HUSSAIN,Assam,DHUBRI,147000000.0,Solar Street Lighting,Vendor_015,348534.01,348534.01,345168.51,2256592.81,65,0,0,0,0,,0,1.0,0,0.001041269041227325,0.001,Low,0.23
MPLAD-3301,RAKIBUL HUSSAIN,Assam,DHUBRI,147000000.0,Road Construction,Vendor_008,3544286.41,3544286.41,3500127.73,5800879.21,241,0,0,0,0,,0,1.2,0,0.0015933807408931534,0.002,Low,1.01
MPLAD-3302,RAKIBUL HUSSAIN,Assam,DHUBRI,147000000.0,Sports Infrastructure,Vendor_023,1614465.8,1614465.8,1584816.07,7415345.01,185,0,0,0,0,,0,1.8,0,4.836062131796736e-05,0.0,Low,0.54
MPLAD-3303,RAKIBUL HUSSAIN,Assam,DHUBRI,147000000.0,Drinking Water Supply,Vendor_007,2049307.32,2049307.32,2035890.64,9464652.34,173,0,1,0,0,DUPGRP-3303,0,0.7,0,0.0013613125833025893,0.75,High,0.93
MPLAD-3304,RAKIBUL HUSSAIN,Assam,DHUBRI,147000000.0,Drinking Water Supply,Vendor_007,2079158.8,2079158.8,2108512.32,11543811.13,161,0,1,0,0,DUPGRP-3303,0,1.4,0,0.001604342292714427,0.75,High,0.95
MPLAD-3305,RAKIBUL HUSSAIN,Assam,DHUBRI,147000000.0,Road Construction,Vendor_017,1608272.97,1608272.97,1578184.99,13152084.1,83,0,0,0,0,,0,1.9,1,7.48423209131405e-05,0.4,Medium,0.46
MPLAD-3306,RAKIBUL HUSSAIN,Assam,DHUBRI,147000000.0,Sports Infrastructure,Vendor_020,2621607.31,2621607.31,2598492.18,15773691.41,231,0,0,0,0,,0,0.9,0,0.0006272420349555095,0.001,Low,0.87
MPLAD-3307,RAM PRASAD CHAUDHARY,Uttar Pradesh,BASTI,204176957.11,Health Sub-Centre,Vendor_016,2103078.14,2103078.14,2108930.24,2103078.14,184,0,0,0,0,,0,0.3,0,9.274655937891994e-06,0.0,Low,0.5
MPLAD-3308,RAM PRASAD CHAUDHARY,Uttar Pradesh,BASTI,204176957.11,Drinking Water Supply,Vendor_012,3650325.78,3650325.78,3629533.45,5753403.92,123,0,0,0,0,,0,0.6,0,0.16283257208307766,0.163,Low,1.66
MPLAD-3309,RAM PRASAD CHAUDHARY,Uttar Pradesh,BASTI,204176957.11,Road Construction,Vendor_017,5109079.43,5109079.43,5211117.86,10862483.35,123,0,0,0,0,,0,2.0,1,0.05852044166347044,0.4,Medium,1.46
MPLAD-3310,RAM PRASAD CHAUDHARY,Uttar Pradesh,BASTI,204176957.11,Sports Infrastructure,Vendor_009,1799846.19,1799846.19,1793618.09,12662329.54,206,0,0,0,0,,0,0.3,0,7.977714676428888e-05,0.0,Low,0.6
MPLAD-3311,RAM PRASAD CHAUDHARY,Uttar Pradesh,BASTI,204176957.11,Community Hall,Vendor_021,2930247.82,2930247.82,2964296.4,15592577.36,147,0,0,0,0,,0,1.2,0,0.00249119361054564,0.002,Low,1.05
MPLAD-3312,RAM PRASAD CHAUDHARY,Uttar Pradesh,BASTI,204176957.11,Community Hall,Vendor_019,162012.91,162012.91,161665.13,15754590.27,298,0,0,1,0,,0,0.2,0,0.00010853393530228678,0.0,Low,0.06
MPLAD-3313,Ram Shiromani,Uttar Pradesh,SHRAWASTI,151746878.11,School Building,Vendor_017,10577182.21,10577182.21,10685140.8,10577182.21,127,1,1,0,0,DUPGRP-3313,0,1.0,1,0.9782670632438338,1.0,High,2.12
MPLAD-3314,Ram Shiromani,Uttar Pradesh,SHRAWASTI,151746878.11,School Building,Vendor_017,10659220.01,10659220.01,10810606.83,21236402.22,140,0,1,0,0,DUPGRP-3313,0,1.4,1,0.983186179318154,1.0,High,2.13
MPLAD-3315,Ram Shiromani,Uttar Pradesh,SHRAWASTI,151746878.11,Solar Street Lighting,Vendor_015,1283076.24,1283076.24,1303134.06,22519478.46,191,0,0,0,0,,0,1.6,0,0.0038033012934173263,0.004,Low,0.86
MPLAD-3316,Ram Shiromani,Uttar Pradesh,SHRAWASTI,151746878.11,Health Sub-Centre,Vendor_022,3385417.78,3385417.78,3382965.55,25904896.24,155,0,0,0,0,,0,0.1,1,8.587243493929958e-05,0.4,Medium,0.81
MPLAD-3317,Ram Shiromani,Uttar Pradesh,SHRAWASTI,151746878.11,Health Sub-Centre,Vendor_010,5501285.43,5501285.43,5402381.04,31406181.67,110,0,0,0,0,,0,1.8,0,0.009408834429052099,0.009,Low,1.31
MPLAD-3318,Ram Shiromani,Uttar Pradesh,SHRAWASTI,151746878.11,Drinking Water Supply,Vendor_022,3526192.44,3526192.44,3556596.05,34932374.11,176,0,0,0,0,,0,0.9,1,0.09333795876792018,0.4,Medium,1.6
MPLAD-3319,Ram Shiromani,Uttar Pradesh,SHRAWASTI,151746878.11,Solar Street Lighting,Vendor_024,1908245.17,1908245.17,1890288.75,36840619.28,229,0,0,0,0,,0,0.9,0,0.03376395611589454,0.034,Low,1.27
MPLAD-3320,Ram Shiromani,Uttar Pradesh,SHRAWASTI,151746878.11,Sports Infrastructure,Vendor_012,2590907.56,2590907.56,2611666.49,39431526.84,151,0,0,0,0,,0,0.8,0,0.00058936490796984,0.001,Low,0.86
MPLAD-3321,Ram Shiromani,Uttar Pradesh,SHRAWASTI,151746878.11,Health Sub-Centre,Vendor_024,3876659.55,3876659.55,3887427.67,43308186.39,230,0,0,0,0,,0,0.3,0,0.0007274733423021366,0.001,Low,0.92
MPLAD-3322,RAMASAHAYAM RAGHURAM REDDY,Telangana,KHAMMAM,147000000.0,Sports Infrastructure,Vendor_009,2813449.03,2813449.03,2808611.63,2813449.03,64,0,0,0,0,,0,0.2,0,0.00527458158085508,0.005,Low,0.94
MPLAD-3323,RAMASAHAYAM RAGHURAM REDDY,Telangana,KHAMMAM,147000000.0,Solar Street Lighting,Vendor_016,1247155.8,1247155.8,1258586.45,4060604.83,209,0,0,0,0,,0,0.9,0,0.0042291541205147646,0.004,Low,0.83
MPLAD-3324,RAMASAHAYAM RAGHURAM REDDY,Telangana,KHAMMAM,147000000.0,Solar Street Lighting,Vendor_002,3308310.49,3308310.49,3272212.95,7368915.32,233,1,0,0,0,,0,1.1,0,0.6787571394192334,0.679,High,2.21
MPLAD-3325,RAMASAHAYAM RAGHURAM REDDY,Telangana,KHAMMAM,147000000.0,Drinking Water Supply,Vendor_020,3071422.59,3071422.59,3027951.56,10440337.91,64,0,0,0,0,,0,1.4,0,0.06075461240990792,0.061,Low,1.4
MPLAD-3326,RAMASAHAYAM RAGHURAM REDDY,Telangana,KHAMMAM,147000000.0,Solar Street Lighting,Vendor_017,715691.46,715691.46,714852.41,11156029.37,259,0,0,0,0,,0,0.1,1,0.002015001976402813,0.4,Medium,0.48
MPLAD-3327,RAMASAHAYAM RAGHURAM REDDY,Telangana,KHAMMAM,147000000.0,Community Hall,Vendor_006,3946420.73,3946420.73,3887206.0,15102450.09,145,0,0,0,0,,0,1.5,0,0.028830453714050172,0.029,Low,1.41
MPLAD-3328,RAMASAHAYAM RAGHURAM REDDY,Telangana,KHAMMAM,147000000.0,Solar Street Lighting,Vendor_022,2791714.43,2791714.43,2783702.29,17894164.52,140,1,0,0,0,,0,0.3,1,0.18079263842110155,0.4,Medium,1.86
MPLAD-3329,RAMASAHAYAM RAGHURAM REDDY,Telangana,KHAMMAM,147000000.0,Solar Street Lighting,Vendor_001,2778314.14,2778314.14,2825349.81,20672478.66,137,1,0,0,0,,0,1.7,0,0.17150586471224807,0.172,Low,1.85
MPLAD-3330,RAMASHANKAR RAJBHAR,Uttar Pradesh,SALEMPUR,160056927.07,Drinking Water Supply,Vendor_023,5671647.48,5671647.48,6583002.69,5671647.48,150,1,0,0,1,,0,16.1,0,0.9829652259398938,0.983,High,2.58
MPLAD-3331,RAMASHANKAR RAJBHAR,Uttar Pradesh,SALEMPUR,160056927.07,Road Construction,Vendor_023,3595948.38,3595948.38,3622539.46,9267595.87,178,0,1,0,0,DUPGRP-3331,0,0.7,0,0.0009492236975632688,0.75,High,1.03
MPLAD-3332,RAMASHANKAR RAJBHAR,Uttar Pradesh,SALEMPUR,160056927.07,Road Construction,Vendor_023,3586343.93,3586343.93,3592079.36,12853939.79,190,0,1,0,0,DUPGRP-3331,0,0.2,0,0.0009742639245048538,0.75,High,1.02
MPLAD-3333,RAMASHANKAR RAJBHAR,Uttar Pradesh,SALEMPUR,160056927.07,Community Hall,Vendor_022,2114057.38,2114057.38,2104606.71,14967997.18,41,0,1,0,0,DUPGRP-3333,0,0.4,1,0.007180457757601279,1.0,High,0.76
MPLAD-3334,RAMASHANKAR RAJBHAR,Uttar Pradesh,SALEMPUR,160056927.07,Community Hall,Vendor_013,2106862.49,2106862.49,2066772.5,17074859.67,30,0,1,0,0,DUPGRP-3333,0,1.9,0,0.009041092303222016,0.75,High,0.75
MPLAD-3335,RAMASHANKAR RAJBHAR,Uttar Pradesh,SALEMPUR,160056927.07,Sports Infrastructure,Vendor_016,2557437.74,2557437.74,2533812.24,19632297.41,304,0,0,1,0,,0,0.9,0,0.0012905849200740523,0.001,Low,0.85
MPLAD-3336,RAMASHANKAR RAJBHAR,Uttar Pradesh,SALEMPUR,160056927.07,Community Hall,Vendor_017,2325406.71,2325406.71,2300914.13,21957704.12,139,0,0,0,0,,0,1.1,1,0.0007603601250149157,0.4,Medium,0.83
MPLAD-3337,RAMASHANKAR RAJBHAR,Uttar Pradesh,SALEMPUR,160056927.07,Sports Infrastructure,Vendor_023,6384538.86,6384538.86,6358633.82,28342242.98,177,0,0,0,0,,0,0.4,0,0.9354284069607481,0.935,High,2.13
MPLAD-3338,RAMASHANKAR RAJBHAR,Uttar Pradesh,SALEMPUR,160056927.07,Community Hall,Vendor_025,3099111.73,3099111.73,4325943.18,31441354.71,219,0,0,0,1,,0,39.6,0,0.001959512938197131,0.85,High,1.11
MPLAD-3339,RAMASHANKAR RAJBHAR,Uttar Pradesh,SALEMPUR,160056927.07,Sports Infrastructure,Vendor_012,3107603.44,3107603.44,3091267.5,34548958.15,143,0,0,0,0,,0,0.5,0,0.002418477566672467,0.002,Low,1.04
MPLAD-3340,RAMBHUAL NISHAD,Uttar Pradesh,SULTANPUR,151231957.11,Health Sub-Centre,Vendor_023,5871935.24,5871935.24,5847168.07,5871935.24,110,0,0,0,0,,0,0.4,0,0.020837063275553312,0.021,Low,1.4
MPLAD-3341,RAMBHUAL NISHAD,Uttar Pradesh,SULTANPUR,151231957.11,Drinking Water Supply,Vendor_004,2900395.91,2900395.91,2941037.28,8772331.14,161,0,0,0,0,,0,1.4,1,0.01666400866946919,0.4,Medium,1.32
MPLAD-3342,RAMBHUAL NISHAD,Uttar Pradesh,SULTANPUR,151231957.11,Drinking Water Supply,Vendor_017,575669.14,575669.14,564561.83,9348000.28,192,0,0,0,0,,0,1.9,1,3.03683755225223e-05,0.4,Medium,0.26
MPLAD-3343,RAMBHUAL NISHAD,Uttar Pradesh,SULTANPUR,151231957.11,Road Construction,Vendor_012,5899568.57,5899568.57,5818436.87,15247568.85,226,0,0,0,0,,0,1.4,0,0.303979337460822,0.304,Low,1.69
MPLAD-3344,RAMBHUAL NISHAD,Uttar Pradesh,SULTANPUR,151231957.11,Solar Street Lighting,Vendor_005,3917228.49,3917228.49,3987191.5,19164797.34,205,1,0,0,0,,0,1.8,0,0.9275006192005345,0.928,High,2.61
MPLAD-3345,RAMBHUAL NISHAD,Uttar Pradesh,SULTANPUR,151231957.11,Road Construction,Vendor_009,1570789.44,1570789.44,2045312.6,20735586.78,182,0,0,0,1,,0,30.2,0,9.599039920062704e-06,0.782,High,0.45
MPLAD-3346,RAMBHUAL NISHAD,Uttar Pradesh,SULTANPUR,151231957.11,Community Hall,Vendor_024,2991563.35,2991563.35,3024529.87,23727150.13,152,0,0,0,0,,0,1.1,0,0.002608546257721051,0.003,Low,1.07
MPLAD-3347,RAMBHUAL NISHAD,Uttar Pradesh,SULTANPUR,151231957.11,Solar Street Lighting,Vendor_025,2176918.02,2176918.02,2174080.24,25904068.16,95,0,1,0,0,DUPGRP-3347,0,0.1,0,0.03514930276014343,0.75,High,1.45
MPLAD-3348,RAMBHUAL NISHAD,Uttar Pradesh,SULTANPUR,151231957.11,Solar Street Lighting,Vendor_025,2206948.07,2206948.07,2179388.17,28111016.22,100,0,1,0,0,DUPGRP-3347,0,1.2,0,0.03696744834864766,0.75,High,1.47
MPLAD-3349,RAMESH AWASTHI,Uttar Pradesh,KANPUR,147000000.0,Health Sub-Centre,Vendor_014,4784363.95,4784363.95,4786447.26,4784363.95,223,0,0,0,0,,0,0.0,0,0.004464592507880119,0.004,Low,1.14
MPLAD-3350,RAMESH AWASTHI,Uttar Pradesh,KANPUR,147000000.0,School Building,Vendor_005,6828452.65,6828452.65,6883348.49,11612816.6,210,0,0,0,0,,0,0.8,0,0.028859431006570423,0.029,Low,1.37
MPLAD-3351,RAMESH AWASTHI,Uttar Pradesh,KANPUR,147000000.0,Health Sub-Centre,Vendor_015,5004854.07,5004854.07,5861166.51,16617670.67,174,0,0,0,1,,0,17.1,0,0.0036713573374951188,0.651,Medium,1.19
MPLAD-3352,RAMESH AWASTHI,Uttar Pradesh,KANPUR,147000000.0,School Building,Vendor_013,6480036.83,6480036.83,6549547.88,23097707.5,234,0,0,0,0,,0,1.1,0,0.014690053691745074,0.015,Low,1.3
MPLAD-3353,RAMESH AWASTHI,Uttar Pradesh,KANPUR,147000000.0,Drinking Water Supply,Vendor_011,3669378.55,3669378.55,3621328.37,26767086.05,48,1,0,0,0,,0,1.3,0,0.18600397916059766,0.186,Low,1.67
MPLAD-3354,RAMESH AWASTHI,Uttar Pradesh,KANPUR,147000000.0,Drinking Water Supply,Vendor_017,2718020.94,2718020.94,2682454.07,29485106.99,178,0,0,0,0,,0,1.3,1,0.009072531620477296,0.4,Medium,1.24
MPLAD-3355,Ramesh Chandappa Jigajinagi,Karnataka,BIJAPUR(SC),269500000.0,School Building,Vendor_017,6688519.9,6688519.9,7884817.93,6688519.9,194,0,0,0,1,,0,17.9,1,0.020311340882757746,1.0,High,1.34
MPLAD-3356,Ramesh Chandappa Jigajinagi,Karnataka,BIJAPUR(SC),269500000.0,Road Construction,Vendor_001,3512088.88,3512088.88,3460174.92,10200608.78,115,0,0,0,0,,0,1.5,0,0.0013216466854389544,0.001,Low,1.0
MPLAD-3357,Ramesh Chandappa Jigajinagi,Karnataka,BIJAPUR(SC),269500000.0,Road Construction,Vendor_024,3379598.73,3379598.73,3444732.61,13580207.51,206,0,0,0,0,,0,1.9,0,0.0006665608922377182,0.001,Low,0.97
MPLAD-3358,Ramesh Chandappa Jigajinagi,Karnataka,BIJAPUR(SC),269500000.0,Health Sub-Centre,Vendor_011,3290084.23,3290084.23,3247287.85,16870291.73,166,0,0,0,0,,0,1.3,0,7.415392841265251e-05,0.0,Low,0.78
MPLAD-3359,Ramprit Mandal,Bihar,JHANJHARPUR,147000000.0,Road Construction,Vendor_025,3294545.0,3294545.0,3336802.15,3294545.0,185,0,0,0,0,,0,1.3,0,0.00045739288645361455,0.0,Low,0.94
MPLAD-3360,Ramprit Mandal,Bihar,JHANJHARPUR,147000000.0,Health Sub-Centre,Vendor_012,3152380.76,3152380.76,3191735.65,6446925.75,227,0,0,0,0,,0,1.2,0,0.00015820503311418774,0.0,Low,0.75
MPLAD-3361,Ramprit Mandal,Bihar,JHANJHARPUR,147000000.0,Solar Street Lighting,Vendor_016,663721.81,663721.81,664694.06,7110647.57,213,0,0,0,0,,0,0.1,0,0.0008950742215026913,0.001,Low,0.44
MPLAD-3362,Ramvir Singh Bidhuri SOUTH,Delhi,DELHI,147559100.0,Health Sub-Centre,Vendor_001,502873.24,502873.24,504841.32,502873.24,96,0,0,0,0,,0,0.4,0,2.7617109121828972e-06,0.0,Low,0.12
MPLAD-3363,Ramvir Singh Bidhuri SOUTH,Delhi,DELHI,147559100.0,School Building,Vendor_013,5649569.57,5649569.57,5554805.4,6152442.8,198,0,0,0,0,,0,1.7,0,0.001822401176939152,0.002,Low,1.13
MPLAD-3364,Ramvir Singh Bidhuri SOUTH,Delhi,DELHI,147559100.0,Solar Street Lighting,Vendor_019,1053767.52,1053767.52,1068855.93,7206210.32,236,0,0,0,0,,0,1.4,0,0.0034912004154156137,0.003,Low,0.7
MPLAD-3365,Ramvir Singh Bidhuri SOUTH,Delhi,DELHI,147559100.0,Sports Infrastructure,Vendor_004,3731914.88,3731914.88,3727069.4,10938125.2,171,0,0,0,0,,0,0.1,1,0.010282159055915903,0.4,Medium,1.24
MPLAD-3366,Ramvir Singh Bidhuri SOUTH,Delhi,DELHI,147559100.0,Sports Infrastructure,Vendor_006,3761250.5,3761250.5,3828772.59,14699375.7,249,0,0,0,0,,0,1.8,0,0.009585784469742972,0.01,Low,1.25
MPLAD-3367,Ramvir Singh Bidhuri SOUTH,Delhi,DELHI,147559100.0,Road Construction,Vendor_004,3988766.74,3988766.74,4889927.34,18688142.44,158,0,1,0,1,DUPGRP-3367,0,22.6,1,0.002643963540039639,1.0,High,1.14
MPLAD-3368,Ramvir Singh Bidhuri SOUTH,Delhi,DELHI,147559100.0,Road Construction,Vendor_004,3970680.08,3970680.08,4009578.65,22658822.52,164,0,1,0,0,DUPGRP-3367,0,1.0,1,0.002481640832576307,1.0,High,1.13
MPLAD-3369,RANJIT DUTTA,Assam,Sonitpur,147000000.0,Health Sub-Centre,Vendor_019,4248269.54,4248269.54,4202446.71,4248269.54,121,0,0,0,0,,0,1.1,0,0.0005905593266491608,0.001,Low,1.01
MPLAD-3370,RANJIT DUTTA,Assam,Sonitpur,147000000.0,Drinking Water Supply,Vendor_023,1662931.3,1662931.3,1694339.62,5911200.84,169,0,0,0,0,,0,1.9,0,0.00048246417846061515,0.0,Low,0.76
MPLAD-3371,RANJIT DUTTA,Assam,Sonitpur,147000000.0,Drinking Water Supply,Vendor_019,4949687.25,4949687.25,4949500.5,10860888.09,200,1,0,0,0,,0,0.0,0,0.8783425153194236,0.878,High,2.25
MPLAD-3372,RANJIT DUTTA,Assam,Sonitpur,147000000.0,Road Construction,Vendor_017,7335363.88,7335363.88,7225392.89,18196251.97,166,1,0,0,0,,0,1.5,1,0.9423539877110066,0.942,High,2.1
MPLAD-3373,RANJIT DUTTA,Assam,Sonitpur,147000000.0,Road Construction,Vendor_004,1728523.42,1728523.42,1743000.01,19924775.4,206,0,0,0,0,,0,0.8,1,1.7097861897992104e-05,0.4,Medium,0.49
MPLAD-3374,RANJIT DUTTA,Assam,Sonitpur,147000000.0,Solar Street Lighting,Vendor_011,1268783.62,1268783.62,1245617.99,21193559.01,228,0,0,0,0,,0,1.8,0,0.005656057445912309,0.006,Low,0.85
MPLAD-3375,RANJIT DUTTA,Assam,Sonitpur,147000000.0,Community Hall,Vendor_016,3472023.11,3472023.11,3463410.55,24665582.12,197,0,0,0,0,,0,0.2,0,0.004778908075612936,0.005,Low,1.24
MPLAD-3376,Rao Inderjit Singh,Haryana,GURGAON,147000000.0,Drinking Water Supply,Vendor_022,3209821.16,3209821.16,3165268.3,3209821.16,122,0,0,0,0,,0,1.4,1,0.05442048081015891,0.4,Medium,1.46
MPLAD-3377,Rao Inderjit Singh,Haryana,GURGAON,147000000.0,Solar Street Lighting,Vendor_013,1484033.05,1484033.05,1495699.38,4693854.21,265,0,0,0,0,,0,0.8,0,0.014031734486118707,0.014,Low,0.99
MPLAD-3378,Rao Inderjit Singh,Haryana,GURGAON,147000000.0,Road Construction,Vendor_016,2755100.74,2755100.74,2740709.04,7448954.95,245,0,0,0,0,,0,0.5,0,0.00030698349705663883,0.0,Low,0.79
MPLAD-3379,Rao Inderjit Singh,Haryana,GURGAON,147000000.0,Sports Infrastructure,Vendor_023,3864365.35,3864365.35,3805271.94,11313320.3,235,0,0,0,0,,0,1.5,0,0.012338507904060077,0.012,Low,1.29
MPLAD-3380,Rao Inderjit Singh,Haryana,GURGAON,147000000.0,School Building,Vendor_002,4800053.65,4800053.65,4851386.89,16113373.95,161,0,0,0,0,,0,1.1,0,0.00023867494864347811,0.0,Low,0.96
MPLAD-3381,Rao Rajendra Singh JAIPUR,Rajasthan,RURAL,147000000.0,Road Construction,Vendor_022,3919598.33,3919598.33,5268461.4,3919598.33,145,0,0,0,1,,0,34.4,1,0.002383878932968911,1.0,High,1.12
MPLAD-3382,Rao Rajendra Singh JAIPUR,Rajasthan,RURAL,147000000.0,School Building,Vendor_004,6242542.94,6242542.94,6291311.71,10162141.26,168,0,0,0,0,,0,0.8,1,0.006933124288971139,0.4,Medium,1.25
MPLAD-3383,Rao Rajendra Singh JAIPUR,Rajasthan,RURAL,147000000.0,School Building,Vendor_025,4354346.64,4354346.64,5281559.9,14516487.9,207,0,0,0,1,,0,21.3,0,0.000108468838009275,0.693,High,0.87
MPLAD-3384,Rao Rajendra Singh JAIPUR,Rajasthan,RURAL,147000000.0,Health Sub-Centre,Vendor_018,5452929.93,5452929.93,5486081.75,19969417.83,195,0,0,0,0,,0,0.6,0,0.01347392146493984,0.013,Low,1.3
MPLAD-3385,Rao Rajendra Singh JAIPUR,Rajasthan,RURAL,147000000.0,Drinking Water Supply,Vendor_022,2171085.12,2171085.12,2182637.14,22140502.95,86,0,0,0,0,,0,0.5,1,0.006564373214012782,0.4,Medium,0.99
MPLAD-3386,Rao Rajendra Singh JAIPUR,Rajasthan,RURAL,147000000.0,Health Sub-Centre,Vendor_016,9191228.92,9191228.92,9355104.28,31331731.88,188,1,0,0,0,,0,1.8,0,0.9755606503780819,0.976,High,2.19
MPLAD-3387,Ravi Shankar Prasad PATNA,Bihar,SAHIB,147000000.0,Health Sub-Centre,Vendor_011,2405493.2,2405493.2,2415850.9,2405493.2,131,0,0,0,0,,0,0.4,0,1.475139918146494e-05,0.0,Low,0.57
MPLAD-3388,Ravi Shankar Prasad PATNA,Bihar,SAHIB,147000000.0,Solar Street Lighting,Vendor_022,2816171.79,2816171.79,2821186.15,5221664.99,161,1,0,0,0,,0,0.2,1,0.2245949297073713,0.4,Medium,1.88
MPLAD-3389,Ravi Shankar Prasad PATNA,Bihar,SAHIB,147000000.0,Solar Street Lighting,Vendor_025,704904.34,704904.34,711557.93,5926569.32,178,0,0,0,0,,0,0.9,0,0.0006607366879218565,0.001,Low,0.47
MPLAD-3390,Ravi Shankar Prasad PATNA,Bihar,SAHIB,147000000.0,Sports Infrastructure,Vendor_024,4382137.99,4382137.99,4434215.2,10308707.32,251,0,0,0,0,,0,1.2,0,0.03983420352394421,0.04,Low,1.46
MPLAD-3391,Ravi Shankar Prasad PATNA,Bihar,SAHIB,147000000.0,School Building,Vendor_024,8427812.93,8427812.93,8523218.65,18736520.25,310,0,0,1,0,,0,1.1,0,0.279296656670935,0.279,Low,1.69
MPLAD-3392,RAVINDRA DATTARAM WAIKAR MUMBAI NORTH,Maharashtra,WEST,147000000.0,Community Hall,Vendor_007,2280198.68,2280198.68,2305580.42,2280198.68,141,0,1,0,0,DUPGRP-3392,0,1.1,0,0.0006576186526881292,0.75,High,0.81
MPLAD-3393,RAVINDRA DATTARAM WAIKAR MUMBAI NORTH,Maharashtra,WEST,147000000.0,Community Hall,Vendor_007,2240490.82,2240490.82,2266020.62,4520689.5,131,0,1,0,0,DUPGRP-3392,0,1.1,0,0.0007720078590969981,0.75,High,0.8
MPLAD-3394,RAVINDRA DATTARAM WAIKAR MUMBAI NORTH,Maharashtra,WEST,147000000.0,School Building,Vendor_009,7510213.77,7510213.77,7581723.57,12030903.28,113,0,0,0,0,,0,1.0,0,0.1251321084575269,0.125,Low,1.5
MPLAD-3395,RAVINDRA DATTARAM WAIKAR MUMBAI NORTH,Maharashtra,WEST,147000000.0,Sports Infrastructure,Vendor_020,2648470.57,2648470.57,2684125.66,14679373.85,239,0,0,0,0,,0,1.3,0,0.0007136427244256881,0.001,Low,0.88
MPLAD-3396,RAVINDRA DATTARAM WAIKAR MUMBAI NORTH,Maharashtra,WEST,147000000.0,Sports Infrastructure,Vendor_021,2681437.2,2681437.2,2684198.85,17360811.04,159,0,0,0,0,,0,0.1,0,0.000688542729506468,0.001,Low,0.89
MPLAD-3397,RAVINDRA DATTARAM WAIKAR MUMBAI NORTH,Maharashtra,WEST,147000000.0,School Building,Vendor_024,3474574.28,3474574.28,3414851.57,20835385.32,137,0,0,0,0,,0,1.7,0,1.8201815585538356e-05,0.0,Low,0.69
MPLAD-3398,Ravindra Shyamnarayan Alias Ravi Kishan Shukla,Uttar Pradesh,GORAKHPUR,147000000.0,Community Hall,Vendor_023,3919732.66,3919732.66,4618646.27,3919732.66,181,0,0,0,1,,0,17.8,0,0.01620546430518326,0.658,Medium,1.4
MPLAD-3399,Ravindra Shyamnarayan Alias Ravi Kishan Shukla,Uttar Pradesh,GORAKHPUR,147000000.0,Health Sub-Centre,Vendor_024,3080528.53,3080528.53,3141811.9,7000261.2,184,0,0,0,0,,0,2.0,0,5.808066527746869e-05,0.0,Low,0.73
MPLAD-3400,Ravindra Shyamnarayan Alias Ravi Kishan Shukla,Uttar Pradesh,GORAKHPUR,147000000.0,Drinking Water Supply,Vendor_017,3102698.77,3102698.77,3135159.3,10102959.97,277,0,0,1,0,,0,1.0,1,0.09073371864680324,0.4,Medium,1.41
MPLAD-3401,Ravindra Shyamnarayan Alias Ravi Kishan Shukla,Uttar Pradesh,GORAKHPUR,147000000.0,School Building,Vendor_021,4563001.99,4563001.99,4566360.03,14665961.96,208,0,0,0,0,,0,0.1,0,0.00017151053495510722,0.0,Low,0.91
MPLAD-3402,Ravindra Shyamnarayan Alias Ravi Kishan Shukla,Uttar Pradesh,GORAKHPUR,147000000.0,Community Hall,Vendor_014,3365139.17,3365139.17,4579695.64,18031101.13,195,0,0,0,1,,0,36.1,0,0.0037362929074089904,0.841,High,1.2
MPLAD-3403,Ravindra Vasantrao Chavan,Maharashtra,NANDED,147000000.0,Solar Street Lighting,Vendor_007,1554876.7,1554876.7,1571162.16,1554876.7,152,0,0,0,0,,0,1.0,0,0.006133706095611548,0.006,Low,1.04
MPLAD-3404,Ravindra Vasantrao Chavan,Maharashtra,NANDED,147000000.0,Drinking Water Supply,Vendor_023,2762794.82,2762794.82,2763131.23,4317671.52,239,0,0,0,0,,0,0.0,0,0.01704137204891183,0.017,Low,1.26
MPLAD-3405,Ravindra Vasantrao Chavan,Maharashtra,NANDED,147000000.0,Drinking Water Supply,Vendor_014,1547435.16,1547435.16,1543659.56,5865106.68,121,0,0,0,0,,0,0.2,0,0.0007318230740333833,0.001,Low,0.7
MPLAD-3406,Ravindra Vasantrao Chavan,Maharashtra,NANDED,147000000.0,School Building,Vendor_003,3991671.69,3991671.69,5140439.48,9856778.37,255,0,0,0,1,,0,28.8,0,0.00013581855374202294,0.768,High,0.8
MPLAD-3407,Ravindra Vasantrao Chavan,Maharashtra,NANDED,147000000.0,Road Construction,Vendor_015,4040060.77,4040060.77,4112259.44,13896839.14,137,0,1,0,0,DUPGRP-3407,0,1.8,0,0.0034825709628487542,0.75,High,1.15
MPLAD-3408,Ravindra Vasantrao Chavan,Maharashtra,NANDED,147000000.0,Road Construction,Vendor_015,4049827.71,4049827.71,3981381.66,17946666.84,141,0,1,0,0,DUPGRP-3407,0,1.7,0,0.003438509876289634,0.75,High,1.16
MPLAD-3409,Ravindra Vasantrao Chavan,Maharashtra,NANDED,147000000.0,Road Construction,Vendor_022,5041975.66,5041975.66,5130813.11,22988642.5,170,0,0,0,0,,0,1.8,1,0.04104423288616231,0.4,Medium,1.44
MPLAD-3410,Ravindra Vasantrao Chavan,Maharashtra,NANDED,147000000.0,Road Construction,Vendor_004,3954948.36,3954948.36,3930418.2,26943590.86,148,0,0,0,0,,0,0.6,1,0.002552725680492974,0.4,Medium,1.13
MPLAD-3411,RICHARD VANLALHMANGAIHA MIZORAM,Mizoram,(ST),147000000.0,Road Construction,Vendor_017,6143607.76,6143607.76,6159810.6,6143607.76,86,0,0,0,0,,0,0.3,1,0.501034970990224,0.501,Medium,1.76
MPLAD-3412,RICHARD VANLALHMANGAIHA MIZORAM,Mizoram,(ST),147000000.0,Community Hall,Vendor_011,2104541.73,2104541.73,2600482.97,8248149.48,146,0,0,0,1,,0,23.6,0,0.0004017624231293327,0.716,High,0.75
MPLAD-3413,RICHARD VANLALHMANGAIHA MIZORAM,Mizoram,(ST),147000000.0,Solar Street Lighting,Vendor_005,1458029.82,1458029.82,1483947.63,9706179.31,172,0,0,0,0,,0,1.8,0,0.005262335751900854,0.005,Low,0.97
MPLAD-3414,RICHARD VANLALHMANGAIHA MIZORAM,Mizoram,(ST),147000000.0,Solar Street Lighting,Vendor_022,1572058.18,1572058.18,1556009.32,11278237.49,227,0,0,0,0,,0,1.0,1,0.012970461560774249,0.4,Medium,1.05
MPLAD-3415,RICHARD VANLALHMANGAIHA MIZORAM,Mizoram,(ST),147000000.0,Community Hall,Vendor_023,1681692.4,1681692.4,1677191.82,12959929.88,211,0,0,0,0,,0,0.3,0,9.062067258116333e-05,0.0,Low,0.6
MPLAD-3416,ROBERT BRUCE C,Tamil Nadu,TIRUNELVELI,147475440.11,Sports Infrastructure,Vendor_001,3594679.77,3594679.77,4196264.67,3594679.77,139,0,0,0,1,,0,16.7,0,0.009117101966143753,0.647,Medium,1.2
MPLAD-3417,ROBERT BRUCE C,Tamil Nadu,TIRUNELVELI,147475440.11,Community Hall,Vendor_020,3038659.26,3038659.26,3079244.61,6633339.03,137,0,0,0,0,,0,1.3,0,0.003944863065329417,0.004,Low,1.09
MPLAD-3418,ROBERT BRUCE C,Tamil Nadu,TIRUNELVELI,147475440.11,Drinking Water Supply,Vendor_018,569355.67,569355.67,573378.93,7202694.7,183,0,0,0,0,,0,0.7,0,2.9297432583899858e-05,0.0,Low,0.26
MPLAD-3419,ROBERT BRUCE C,Tamil Nadu,TIRUNELVELI,147475440.11,Solar Street Lighting,Vendor_015,1911773.06,1911773.06,1943813.72,9114467.76,181,0,0,0,0,,0,1.7,0,0.021639720192849227,0.022,Low,1.27
MPLAD-3420,ROBERT BRUCE C,Tamil Nadu,TIRUNELVELI,147475440.11,Road Construction,Vendor_025,3672357.0,3672357.0,3666950.69,12786824.76,110,0,0,0,0,,0,0.1,0,0.0021335796498527966,0.002,Low,1.05
MPLAD-3421,ROBERT BRUCE C,Tamil Nadu,TIRUNELVELI,147475440.11,Health Sub-Centre,Vendor_004,9880530.05,9880530.05,10049797.36,22667354.8,161,1,0,0,0,,0,1.7,1,0.989906550274847,0.99,High,2.35
MPLAD-3422,ROBERT BRUCE C,Tamil Nadu,TIRUNELVELI,147475440.11,Solar Street Lighting,Vendor_011,1938004.98,1938004.98,1964768.21,24605359.78,287,0,0,1,0,,0,1.4,0,0.04272752021929523,0.043,Low,1.29
MPLAD-3423,ROBERT BRUCE C,Tamil Nadu,TIRUNELVELI,147475440.11,Drinking Water Supply,Vendor_017,1977866.53,1977866.53,1956477.46,26583226.31,126,0,0,0,0,,0,1.1,1,0.0019665476784676223,0.4,Medium,0.9
MPLAD-3424,Rodmal Nagar,Madhya Pradesh,RAJGARH,147000000.0,Community Hall,Vendor_006,2415305.82,2415305.82,2408827.69,2415305.82,199,0,0,0,0,,0,0.3,0,0.00040904245921533896,0.0,Low,0.86
MPLAD-3425,Rodmal Nagar,Madhya Pradesh,RAJGARH,147000000.0,Community Hall,Vendor_012,5984190.58,5984190.58,5907341.71,8399496.39,136,1,0,0,0,,0,1.3,0,0.824291193319533,0.824,High,2.14
MPLAD-3426,Rodmal Nagar,Madhya Pradesh,RAJGARH,147000000.0,Solar Street Lighting,Vendor_025,1868912.56,1868912.56,1877278.85,10268408.95,157,0,0,0,0,,0,0.4,0,0.01563459200173029,0.016,Low,1.25
MPLAD-3427,Rodmal Nagar,Madhya Pradesh,RAJGARH,147000000.0,School Building,Vendor_023,6847864.27,6847864.27,6967488.1,17116273.23,186,0,0,0,0,,0,1.7,0,0.028995681148308333,0.029,Low,1.37
MPLAD-3428,Rodmal Nagar,Madhya Pradesh,RAJGARH,147000000.0,Drinking Water Supply,Vendor_021,1428866.67,1428866.67,1404342.36,18545139.9,98,0,0,0,0,,0,1.7,0,0.0009442289161400454,0.001,Low,0.65
MPLAD-3429,Rodmal Nagar,Madhya Pradesh,RAJGARH,147000000.0,Community Hall,Vendor_001,3362117.05,3362117.05,4362313.8,21907256.95,199,0,0,0,1,,0,29.7,0,0.0036369671688220645,0.777,High,1.2
MPLAD-3430,Rodmal Nagar,Madhya Pradesh,RAJGARH,147000000.0,Drinking Water Supply,Vendor_012,2935171.86,2935171.86,2924532.34,24842428.81,248,0,0,0,0,,0,0.4,0,0.03202791896118268,0.032,Low,1.33
MPLAD-3431,Rodmal Nagar,Madhya Pradesh,RAJGARH,147000000.0,Sports Infrastructure,Vendor_015,2133713.79,2133713.79,2742531.07,26976142.6,259,0,0,0,1,,0,28.5,0,0.00031030807753644864,0.765,High,0.71
MPLAD-3432,ROOP KUMARI CHOUDHARY,Chhattisgarh,MAHASAMUND,153035414.0,School Building,Vendor_020,7684686.05,7684686.05,7548240.29,7684686.05,224,0,0,0,0,,0,1.8,0,0.16646161674006313,0.166,Low,1.54
MPLAD-3433,ROOP KUMARI CHOUDHARY,Chhattisgarh,MAHASAMUND,153035414.0,Health Sub-Centre,Vendor_022,10040741.62,10040741.62,10024589.05,17725427.67,188,1,0,0,0,,0,0.2,1,0.9935166507373445,0.994,High,2.39
MPLAD-3434,ROOP KUMARI CHOUDHARY,Chhattisgarh,MAHASAMUND,153035414.0,Health Sub-Centre,Vendor_010,3104484.81,3104484.81,3051128.75,20829912.47,278,0,0,1,0,,0,1.7,0,0.0005761506808017253,0.001,Low,0.74
MPLAD-3435,ROOP KUMARI CHOUDHARY,Chhattisgarh,MAHASAMUND,153035414.0,School Building,Vendor_005,6692818.67,6692818.67,6742248.7,27522731.14,186,0,0,0,0,,0,0.7,0,0.02026071549938627,0.02,Low,1.34
MPLAD-3436,RUCHI VIRA,Uttar Pradesh,MORADABAD,147000000.0,Health Sub-Centre,Vendor_009,4853179.14,4853179.14,4794102.57,4853179.14,158,0,0,0,0,,0,1.2,0,0.0022497909451107134,0.002,Low,1.16
MPLAD-3437,RUCHI VIRA,Uttar Pradesh,MORADABAD,147000000.0,Health Sub-Centre,Vendor_018,4800928.03,4800928.03,4879436.31,9654107.17,242,0,0,0,0,,0,1.6,0,0.0063966841832171165,0.006,Low,1.14
MPLAD-3438,RUCHI VIRA,Uttar Pradesh,MORADABAD,147000000.0,Community Hall,Vendor_025,1760053.56,1760053.56,1781058.05,11414160.73,30,0,0,0,0,,0,1.2,0,0.005682464879919006,0.006,Low,0.63
MPLAD-3439,RUDRA NARAYAN PANY,Odisha,DHENKANAL,155013957.11,Health Sub-Centre,Vendor_005,10196281.19,10196281.19,10336789.99,10196281.19,167,1,0,0,0,,0,1.4,0,0.9939919021492363,0.994,High,2.43
MPLAD-3440,RUDRA NARAYAN PANY,Odisha,DHENKANAL,155013957.11,School Building,Vendor_020,3488978.86,3488978.86,4303815.78,13685260.05,125,0,0,0,1,,0,23.4,0,2.3267810554695296e-05,0.714,High,0.7
MPLAD-3441,RUDRA NARAYAN PANY,Odisha,DHENKANAL,155013957.11,Sports Infrastructure,Vendor_022,2821779.61,2821779.61,2766492.48,16507039.66,128,0,0,0,0,,0,2.0,1,0.0014214955970707655,0.4,Medium,0.94
MPLAD-3442,RUDRA NARAYAN PANY,Odisha,DHENKANAL,155013957.11,School Building,Vendor_003,6910829.04,6910829.04,6810926.51,23417868.7,159,0,0,0,0,,0,1.4,0,0.033460526088997224,0.033,Low,1.38
MPLAD-3443,RUDRA NARAYAN PANY,Odisha,DHENKANAL,155013957.11,Sports Infrastructure,Vendor_022,2759403.56,2759403.56,2801340.62,26177272.26,168,0,0,0,0,,0,1.5,1,0.0007901589455445937,0.4,Medium,0.92
MPLAD-3444,RUDRA NARAYAN PANY,Odisha,DHENKANAL,155013957.11,Road Construction,Vendor_004,2857966.86,2857966.86,2897744.11,29035239.12,193,0,0,0,0,,0,1.4,1,0.0001682067604278,0.4,Medium,0.82
MPLAD-3445,RUDRA NARAYAN PANY,Odisha,DHENKANAL,155013957.11,Community Hall,Vendor_008,5538227.11,5538227.11,5533390.1,34573466.23,91,1,0,0,0,,0,0.1,0,0.6942222261916331,0.694,High,1.98
MPLAD-3446,S SUPONGMEREN JAMIR,Nagaland,NAGALAND,147000000.0,Sports Infrastructure,Vendor_004,4262226.75,4262226.75,4302012.13,4262226.75,373,0,0,1,0,,0,0.9,1,0.016592944479164307,0.4,Medium,1.42
MPLAD-3447,S SUPONGMEREN JAMIR,Nagaland,NAGALAND,147000000.0,Community Hall,Vendor_003,1492727.1,1492727.1,1483801.2,5754953.85,131,0,0,0,0,,0,0.6,0,0.00016952804098611772,0.0,Low,0.53
MPLAD-3448,S SUPONGMEREN JAMIR,Nagaland,NAGALAND,147000000.0,School Building,Vendor_015,5318365.23,5318365.23,5219234.42,11073319.08,200,0,0,0,0,,0,1.9,0,0.0008585570746056835,0.001,Low,1.06
MPLAD-3449,S SUPONGMEREN JAMIR,Nagaland,NAGALAND,147000000.0,School Building,Vendor_017,4369631.11,4369631.11,4353012.13,15442950.2,84,0,0,0,0,,0,0.4,1,0.0003364927480029433,0.4,Medium,0.87
MPLAD-3450,S Venkatesan,Tamil Nadu,MADURAI,147000000.0,Drinking Water Supply,Vendor_010,1327498.4,1327498.4,1351449.95,1327498.4,308,0,0,1,0,,0,1.8,0,0.006855861395752462,0.007,Low,0.6
MPLAD-3451,S Venkatesan,Tamil Nadu,MADURAI,147000000.0,Drinking Water Supply,Vendor_018,1589559.1,1589559.1,1612921.52,2917057.5,267,0,0,0,0,,0,1.5,0,0.0020266856371424016,0.002,Low,0.72
MPLAD-3452,S Venkatesan,Tamil Nadu,MADURAI,147000000.0,Solar Street Lighting,Vendor_014,1916814.8,1916814.8,1909401.32,4833872.29,200,0,0,0,0,,0,0.4,0,0.02653684075153817,0.027,Low,1.28
MPLAD-3453,S Venkatesan,Tamil Nadu,MADURAI,147000000.0,Road Construction,Vendor_018,3541251.78,3541251.78,3552133.3,8375124.07,156,0,0,0,0,,0,0.3,0,0.0008485964142972396,0.001,Low,1.01
MPLAD-3454,S Venkatesan,Tamil Nadu,MADURAI,147000000.0,Road Construction,Vendor_010,6538772.72,6538772.72,6502227.18,14913896.79,117,1,0,0,0,,0,0.6,0,0.6943304360494059,0.694,High,1.87
MPLAD-3455,S Venkatesan,Tamil Nadu,MADURAI,147000000.0,Solar Street Lighting,Vendor_016,1580797.66,1580797.66,1977703.08,16494694.45,257,0,0,0,1,,0,25.1,0,0.017058338278813145,0.731,High,1.05
MPLAD-3456,S. Jagathrakshakan,Tamil Nadu,ARAKKONAM,180589332.34,Health Sub-Centre,Vendor_008,3243115.22,3243115.22,3230943.13,3243115.22,52,0,0,0,0,,0,0.4,0,0.00045172095878410893,0.0,Low,0.77
MPLAD-3457,S. Jagathrakshakan,Tamil Nadu,ARAKKONAM,180589332.34,Drinking Water Supply,Vendor_002,1576364.42,1576364.42,1601762.71,4819479.64,204,0,0,0,0,,0,1.6,0,0.0004007360822165111,0.0,Low,0.72
MPLAD-3458,S. Jagathrakshakan,Tamil Nadu,ARAKKONAM,180589332.34,Sports Infrastructure,Vendor_018,1456369.48,1456369.48,1480399.0,6275849.11,238,0,0,0,0,,0,1.6,0,5.8736569274550386e-05,0.0,Low,0.49
MPLAD-3459,S. Jagathrakshakan,Tamil Nadu,ARAKKONAM,180589332.34,Sports Infrastructure,Vendor_013,3988526.1,3988526.1,3987659.42,10264375.22,183,0,1,0,0,DUPGRP-3459,0,0.0,0,0.01943519190271449,0.75,High,1.33
MPLAD-3460,S. Jagathrakshakan,Tamil Nadu,ARAKKONAM,180589332.34,Sports Infrastructure,Vendor_013,3983690.79,3983690.79,4033837.77,14248066.01,168,0,1,0,0,DUPGRP-3459,0,1.3,0,0.020722078171658772,0.75,High,1.33
MPLAD-3461,SACHITHANANTHAM R,Tamil Nadu,DINDIGUL,147000000.0,Road Construction,Vendor_021,4003210.25,4003210.25,3968258.1,4003210.25,132,0,0,0,0,,0,0.9,0,0.0033506902546409038,0.003,Low,1.14
MPLAD-3462,SACHITHANANTHAM R,Tamil Nadu,DINDIGUL,147000000.0,Community Hall,Vendor_018,6191292.32,6191292.32,6138569.3,10194502.57,247,1,0,0,0,,0,0.9,0,0.6941270821709072,0.694,High,2.21
MPLAD-3463,SACHITHANANTHAM R,Tamil Nadu,DINDIGUL,147000000.0,School Building,Vendor_017,11150250.89,11150250.89,11076433.26,21344753.46,154,1,0,0,0,,0,0.7,1,0.9922321377349816,0.992,High,2.23
MPLAD-3464,SACHITHANANTHAM R,Tamil Nadu,DINDIGUL,147000000.0,Health Sub-Centre,Vendor_020,6933294.26,6933294.26,7059255.78,28278047.72,207,0,0,0,0,,0,1.8,0,0.32285677753590286,0.323,Low,1.65
MPLAD-3465,SACHITHANANTHAM R,Tamil Nadu,DINDIGUL,147000000.0,Community Hall,Vendor_010,1964646.5,1964646.5,1965858.49,30242694.22,284,0,0,1,0,,0,0.1,0,0.0006932677887481107,0.001,Low,0.7
MPLAD-3466,SACHITHANANTHAM R,Tamil Nadu,DINDIGUL,147000000.0,Road Construction,Vendor_009,3247150.58,3247150.58,3195571.06,33489844.81,212,0,0,0,0,,0,1.6,0,0.0005196819999736739,0.001,Low,0.93
MPLAD-3467,SACHITHANANTHAM R,Tamil Nadu,DINDIGUL,147000000.0,Health Sub-Centre,Vendor_004,6967902.62,6967902.62,7083115.86,40457747.43,188,0,0,0,0,,0,1.7,1,0.3019374942116439,0.4,Medium,1.66
MPLAD-3468,SACHITHANANTHAM R,Tamil Nadu,DINDIGUL,147000000.0,Health Sub-Centre,Vendor_016,4661098.28,4661098.28,4730324.35,45118845.71,170,0,0,0,0,,0,1.5,0,0.001582375838539793,0.002,Low,1.11
MPLAD-3469,SAGAR ESHWAR KHANDRE,Karnataka,BIDAR,147000000.0,Community Hall,Vendor_017,2555631.32,2555631.32,2598366.34,2555631.32,230,0,0,0,0,,0,1.7,1,0.0006442278717065092,0.4,Medium,0.91
MPLAD-3470,SAGAR ESHWAR KHANDRE,Karnataka,BIDAR,147000000.0,Road Construction,Vendor_016,3602309.07,3602309.07,3551514.2,6157940.39,167,0,0,0,0,,0,1.4,0,0.000957788378837581,0.001,Low,1.03
MPLAD-3471,SAGAR ESHWAR KHANDRE,Karnataka,BIDAR,147000000.0,Road Construction,Vendor_024,4640278.03,4640278.03,4568281.36,10798218.42,139,0,0,0,0,,0,1.6,0,0.015965135203288138,0.016,Low,1.33
MPLAD-3472,SALENG A SANGMA,Meghalaya,TURA,147000000.0,School Building,Vendor_011,8638118.89,8638118.89,8598353.75,8638118.89,175,0,0,0,0,,0,0.5,0,0.6325953548344198,0.633,Medium,1.73
MPLAD-3473,SALENG A SANGMA,Meghalaya,TURA,147000000.0,Community Hall,Vendor_007,2121298.77,2121298.77,2104471.29,10759417.66,112,0,0,0,0,,0,0.8,0,0.0010172677701948069,0.001,Low,0.76
MPLAD-3474,SALENG A SANGMA,Meghalaya,TURA,147000000.0,Solar Street Lighting,Vendor_022,2092492.22,2092492.22,2120077.39,12851909.88,289,0,0,1,0,,0,1.3,1,0.05974562760318136,0.4,Medium,1.39
MPLAD-3475,SALENG A SANGMA,Meghalaya,TURA,147000000.0,Community Hall,Vendor_005,2988933.45,2988933.45,2991011.38,15840843.33,142,0,0,0,0,,0,0.1,0,0.003162252621414124,0.003,Low,1.07
MPLAD-3476,SALENG A SANGMA,Meghalaya,TURA,147000000.0,Solar Street Lighting,Vendor_012,1152177.27,1152177.27,1515058.42,16993020.6,123,0,0,0,1,,0,31.5,0,0.0020761624338169926,0.795,High,0.77
MPLAD-3477,SALENG A SANGMA,Meghalaya,TURA,147000000.0,Drinking Water Supply,Vendor_004,2448123.06,2448123.06,3409365.52,19441143.66,188,0,0,0,1,,0,39.3,1,0.004121625980052762,1.0,High,1.11
MPLAD-3478,SALENG A SANGMA,Meghalaya,TURA,147000000.0,Sports Infrastructure,Vendor_023,2784523.28,2784523.28,2739395.36,22225666.95,213,0,0,0,0,,0,1.6,0,0.0008257917730628556,0.001,Low,0.93
MPLAD-3479,SALENG A SANGMA,Meghalaya,TURA,147000000.0,School Building,Vendor_008,5528017.39,5528017.39,5480722.33,27753684.33,167,0,0,0,0,,0,0.9,0,0.0012722999172451936,0.001,Low,1.11
MPLAD-3480,SAMBIT PATRA,Odisha,PURI,147000000.0,Health Sub-Centre,Vendor_006,3719072.57,3719072.57,3752934.48,3719072.57,198,0,0,0,0,,0,0.9,0,0.00027468321416466995,0.0,Low,0.89
MPLAD-3481,SAMBIT PATRA,Odisha,PURI,147000000.0,Solar Street Lighting,Vendor_004,2462016.75,2462016.75,2424928.37,6181089.32,175,0,1,0,0,DUPGRP-3481,0,1.5,1,0.10063820057801291,1.0,High,1.64
MPLAD-3482,SAMBIT PATRA,Odisha,PURI,147000000.0,Solar Street Lighting,Vendor_004,2439461.49,2439461.49,2474224.8,8620550.8,164,0,1,0,0,DUPGRP-3481,0,1.4,1,0.08580095669924645,1.0,High,1.63
MPLAD-3483,SAMBIT PATRA,Odisha,PURI,147000000.0,Sports Infrastructure,Vendor_019,4474971.43,4474971.43,4398853.57,13095522.24,174,0,1,0,0,DUPGRP-3483,0,1.7,0,0.07426220209330094,0.75,High,1.49
MPLAD-3484,SAMBIT PATRA,Odisha,PURI,147000000.0,Sports Infrastructure,Vendor_019,4311396.63,4311396.63,4269265.91,17406918.86,185,0,1,0,0,DUPGRP-3483,0,1.0,0,0.04569563261005947,0.75,High,1.44
MPLAD-3485,SAMBIT PATRA,Odisha,PURI,147000000.0,Road Construction,Vendor_004,4610811.96,4610811.96,4698040.18,22017730.82,92,0,0,0,0,,0,1.9,1,0.02701546144407856,0.4,Medium,1.32
MPLAD-3486,SAMBIT PATRA,Odisha,PURI,147000000.0,Solar Street Lighting,Vendor_021,1770172.46,1770172.46,1743870.57,23787903.28,154,0,0,0,0,,0,1.5,0,0.011521810829199347,0.012,Low,1.18
MPLAD-3487,SAMBIT PATRA,Odisha,PURI,147000000.0,Health Sub-Centre,Vendor_002,3638097.29,3638097.29,3594979.04,27426000.57,211,0,1,0,0,DUPGRP-3487,0,1.2,0,0.00029497883020516193,0.75,High,0.87
MPLAD-3488,SAMBIT PATRA,Odisha,PURI,147000000.0,Health Sub-Centre,Vendor_002,3714698.12,3714698.12,3770592.72,31140698.69,203,0,1,0,0,DUPGRP-3487,0,1.5,0,0.0002974000916954115,0.75,High,0.88
MPLAD-3489,SAMBIT PATRA,Odisha,PURI,147000000.0,School Building,Vendor_022,4096124.28,4096124.28,5650953.32,35236822.97,262,0,0,0,1,,0,38.0,1,0.0001961249836576496,1.0,High,0.82
MPLAD-3490,SANATAN PANDEY,Uttar Pradesh,BALLIA,180420041.4,Sports Infrastructure,Vendor_013,4455498.29,4455498.29,4444466.6,4455498.29,309,0,0,1,0,,0,0.2,0,0.030744974322135146,0.031,Low,1.49
MPLAD-3491,SANATAN PANDEY,Uttar Pradesh,BALLIA,180420041.4,Drinking Water Supply,Vendor_011,1593848.81,1593848.81,1570442.3,6049347.1,276,0,0,1,0,,0,1.5,0,0.0029078579584130688,0.003,Low,0.72
MPLAD-3492,SANATAN PANDEY,Uttar Pradesh,BALLIA,180420041.4,Health Sub-Centre,Vendor_010,10212394.02,10212394.02,10132916.06,16261741.12,106,1,1,0,0,DUPGRP-3492,0,0.8,0,0.9847573958955138,0.985,High,2.43
MPLAD-3493,SANATAN PANDEY,Uttar Pradesh,BALLIA,180420041.4,Health Sub-Centre,Vendor_010,10559456.49,10559456.49,10417207.93,26821197.61,93,0,1,0,0,DUPGRP-3492,0,1.3,0,0.9867368874261847,0.987,High,2.51
MPLAD-3494,SANATAN PANDEY,Uttar Pradesh,BALLIA,180420041.4,Road Construction,Vendor_005,5943251.4,5943251.4,7007872.04,32764449.01,154,0,0,0,1,,0,17.9,0,0.3247996032470514,0.659,Medium,1.7
MPLAD-3495,SANATAN PANDEY,Uttar Pradesh,BALLIA,180420041.4,Road Construction,Vendor_017,10377795.6,10377795.6,10197655.97,43142244.62,158,1,0,0,0,,0,1.7,1,0.9997788324244681,1.0,High,2.97
MPLAD-3496,SANATAN PANDEY,Uttar Pradesh,BALLIA,180420041.4,Health Sub-Centre,Vendor_014,6844833.16,6844833.16,8971238.38,49987077.78,267,0,0,0,1,,0,31.1,0,0.3345472800980689,0.791,High,1.63
MPLAD-3497,SANATAN PANDEY,Uttar Pradesh,BALLIA,180420041.4,Health Sub-Centre,Vendor_022,2571787.05,2571787.05,2562647.61,52558864.83,199,0,0,0,0,,0,0.4,1,2.7675999228492492e-05,0.4,Medium,0.61
MPLAD-3498,SANATAN PANDEY,Uttar Pradesh,BALLIA,180420041.4,Sports Infrastructure,Vendor_002,2636718.89,2636718.89,2606362.71,55195583.72,170,0,0,0,0,,0,1.2,0,0.000571533144064302,0.001,Low,0.88
MPLAD-3499,SANJAY DINA PATIL MUMBAI NORTH,Maharashtra,EAST,147000000.0,Health Sub-Centre,Vendor_015,3082357.38,3082357.38,3096568.95,3082357.38,106,0,0,0,0,,0,0.5,0,7.340956522296949e-05,0.0,Low,0.73
MPLAD-3500,SANJAY DINA PATIL MUMBAI NORTH,Maharashtra,EAST,147000000.0,School Building,Vendor_009,11340970.69,11340970.69,11137264.67,14423328.08,114,1,0,0,0,,0,1.8,0,0.9898863395667006,0.99,High,2.27
MPLAD-3501,SANJAY DINA PATIL MUMBAI NORTH,Maharashtra,EAST,147000000.0,School Building,Vendor_017,5624785.32,5624785.32,5663280.01,20048113.39,191,0,0,0,0,,0,0.7,1,0.0016631285437785789,0.4,Medium,1.12
MPLAD-3502,SANJAY DINA PATIL MUMBAI NORTH,Maharashtra,EAST,147000000.0,Drinking Water Supply,Vendor_014,1713250.37,1713250.37,1701188.69,21761363.76,204,0,0,0,0,,0,0.7,0,0.0005767336202959519,0.001,Low,0.78
MPLAD-3503,SANJAY DINA PATIL MUMBAI NORTH,Maharashtra,EAST,147000000.0,Drinking Water Supply,Vendor_016,2285235.74,2285235.74,2318836.42,24046599.5,218,0,0,0,0,,0,1.5,0,0.0032463338536322145,0.003,Low,1.04
MPLAD-3504,Sanjay Haribhau Jadhav,Maharashtra,PARBHANI,147000000.0,Community Hall,Vendor_002,3020297.36,3020297.36,3036821.51,3020297.36,165,0,1,0,0,DUPGRP-3504,0,0.5,0,0.002237263881859053,0.75,High,1.08
MPLAD-3505,Sanjay Haribhau Jadhav,Maharashtra,PARBHANI,147000000.0,Community Hall,Vendor_013,3005487.97,3005487.97,3038190.2,6025785.33,176,0,1,0,0,DUPGRP-3504,0,1.1,0,0.001862553989836938,0.75,High,1.07
MPLAD-3506,Sanjay Haribhau Jadhav,Maharashtra,PARBHANI,147000000.0,Health Sub-Centre,Vendor_020,5934149.81,5934149.81,5828928.69,11959935.14,195,0,0,0,0,,0,1.8,0,0.040658068016431625,0.041,Low,1.41
MPLAD-3507,Sanjay Haribhau Jadhav,Maharashtra,PARBHANI,147000000.0,School Building,Vendor_009,12556956.34,12556956.34,15740319.29,24516891.48,196,1,0,0,1,,0,25.4,0,0.9979977685079535,0.998,High,2.51
MPLAD-3508,Sanjay Haribhau Jadhav,Maharashtra,PARBHANI,147000000.0,Road Construction,Vendor_004,3408995.94,3408995.94,3388824.88,27925887.42,156,0,0,0,0,,0,0.6,1,0.0006091618095566718,0.4,Medium,0.97
MPLAD-3509,Sanjay Haribhau Jadhav,Maharashtra,PARBHANI,147000000.0,School Building,Vendor_012,4415608.44,4415608.44,5839910.89,32341495.86,223,0,0,0,1,,0,32.3,0,0.0001550310194834853,0.803,High,0.88
MPLAD-3510,Sanjay Haribhau Jadhav,Maharashtra,PARBHANI,147000000.0,Road Construction,Vendor_007,2503803.05,2503803.05,2535836.14,34845298.91,297,0,0,1,0,,0,1.3,0,0.000736801408612959,0.001,Low,0.72
MPLAD-3511,Sanjay Haribhau Jadhav,Maharashtra,PARBHANI,147000000.0,Drinking Water Supply,Vendor_022,3114134.0,3114134.0,3167227.75,37959432.91,159,0,0,0,0,,0,1.7,1,0.03123452593287938,0.4,Medium,1.42
MPLAD-3512,Sanjay Jaiswal PASCHIM,Bihar,CHAMPARAN,147000000.0,School Building,Vendor_011,3026740.15,3026740.15,3031335.91,3026740.15,171,0,0,0,0,,0,0.2,0,5.918014146641849e-06,0.0,Low,0.61
MPLAD-3513,Sanjay Jaiswal PASCHIM,Bihar,CHAMPARAN,147000000.0,Drinking Water Supply,Vendor_014,3759140.43,3759140.43,3757299.77,6785880.58,129,1,0,0,0,,0,0.0,0,0.20386839457124073,0.204,Low,1.71
MPLAD-3514,Sanjay Jaiswal PASCHIM,Bihar,CHAMPARAN,147000000.0,Health Sub-Centre,Vendor_013,6249904.77,6249904.77,6299984.5,13035785.35,129,0,0,0,0,,0,0.8,0,0.047960681488658556,0.048,Low,1.49
MPLAD-3515,Sanjay Jaiswal PASCHIM,Bihar,CHAMPARAN,147000000.0,Drinking Water Supply,Vendor_004,3152582.92,3152582.92,3089815.37,16188368.27,285,0,0,1,0,,0,2.0,1,0.12077147653944822,0.4,Medium,1.43
MPLAD-3516,Sanjay Jaiswal PASCHIM,Bihar,CHAMPARAN,147000000.0,School Building,Vendor_005,6434824.19,6434824.19,6506785.61,22623192.47,119,0,0,0,0,,0,1.1,0,0.013078537085822852,0.013,Low,1.29
MPLAD-3517,Sanjay Jaiswal PASCHIM,Bihar,CHAMPARAN,147000000.0,Community Hall,Vendor_019,1919740.29,1919740.29,1906705.89,24542932.76,151,0,0,0,0,,0,0.7,0,0.0002435650328194838,0.0,Low,0.69
MPLAD-3518,Sanjay Jaiswal PASCHIM,Bihar,CHAMPARAN,147000000.0,Road Construction,Vendor_004,2359044.0,2359044.0,2321405.44,26901976.76,109,0,0,0,0,,0,1.6,1,0.00011910592440295126,0.4,Medium,0.67
MPLAD-3519,Sanjay Kumar Bandi,Telangana,KARIMNAGAR,172775317.11,Community Hall,Vendor_002,2992210.24,2992210.24,3016915.19,2992210.24,258,0,0,0,0,,0,0.8,0,0.002381576417158608,0.002,Low,1.07
MPLAD-3520,Sanjay Kumar Bandi,Telangana,KARIMNAGAR,172775317.11,Drinking Water Supply,Vendor_017,2604851.31,2604851.31,2613516.27,5597061.55,141,0,0,0,0,,0,0.3,1,0.008596721702903593,0.4,Medium,1.18
MPLAD-3521,Sanjay Kumar Bandi,Telangana,KARIMNAGAR,172775317.11,Community Hall,Vendor_023,2435630.37,2435630.37,2405274.09,8032691.92,252,0,1,0,0,DUPGRP-3521,0,1.2,0,0.0007078254427265207,0.75,High,0.87
MPLAD-3522,Sanjay Kumar Bandi,Telangana,KARIMNAGAR,172775317.11,Community Hall,Vendor_005,2386575.32,2386575.32,2391228.83,10419267.25,237,0,1,0,0,DUPGRP-3521,0,0.2,0,0.0004962026352505438,0.75,High,0.85
MPLAD-3523,Sanjay Kumar Bandi,Telangana,KARIMNAGAR,172775317.11,Health Sub-Centre,Vendor_007,9303502.91,9303502.91,9286014.86,19722770.16,140,1,0,0,0,,0,0.2,0,0.967254283361373,0.967,High,2.22
MPLAD-3524,Sanjay Kumar Bandi,Telangana,KARIMNAGAR,172775317.11,Road Construction,Vendor_013,3746495.92,3746495.92,3761795.32,23469266.08,252,0,0,0,0,,0,0.4,0,0.0029849068483386652,0.003,Low,1.07
MPLAD-3525,Sanjay Seth,Jharkhand,RANCHI,147064357.11,Health Sub-Centre,Vendor_020,4245495.85,4245495.85,4253638.08,4245495.85,171,0,0,0,0,,0,0.2,0,0.0006159660498218607,0.001,Low,1.01
MPLAD-3526,Sanjay Seth,Jharkhand,RANCHI,147064357.11,Solar Street Lighting,Vendor_019,1213647.27,1213647.27,1199637.56,5459143.12,84,0,0,0,0,,0,1.2,0,0.003958465348598915,0.004,Low,0.81
MPLAD-3527,Sanjay Seth,Jharkhand,RANCHI,147064357.11,Sports Infrastructure,Vendor_013,3249045.3,3249045.3,4158923.7,8708188.42,158,0,0,0,1,,0,28.0,0,0.0030479126261876667,0.76,High,1.08
MPLAD-3528,Sanjay Seth,Jharkhand,RANCHI,147064357.11,Solar Street Lighting,Vendor_005,2826969.09,2826969.09,2841715.3,11535157.51,169,1,0,0,0,,0,0.5,0,0.2454504876316719,0.245,Low,1.88
MPLAD-3529,Sanjay Seth,Jharkhand,RANCHI,147064357.11,Health Sub-Centre,Vendor_020,5544592.91,5544592.91,5644709.17,17079750.42,168,0,0,0,0,,0,1.8,0,0.012318381780624195,0.012,Low,1.32
MPLAD-3530,Sanjay Seth,Jharkhand,RANCHI,147064357.11,Road Construction,Vendor_024,3759883.17,3759883.17,3805422.79,20839633.59,186,0,0,0,0,,0,1.2,0,0.0014827563914425336,0.001,Low,1.07
MPLAD-3531,Sanjay Seth,Jharkhand,RANCHI,147064357.11,Road Construction,Vendor_003,9431940.24,9431940.24,9299805.6,30271573.83,192,1,0,0,0,,0,1.4,0,0.999101459597111,0.999,High,2.69
MPLAD-3532,Sanjay Uttamrao Deshmukh,Maharashtra,YAVATMAL-WASHIM,185640423.0,Sports Infrastructure,Vendor_016,3268463.35,3268463.35,3238074.96,3268463.35,239,0,0,0,0,,0,0.9,0,0.002966615796043017,0.003,Low,1.09
MPLAD-3533,Sanjay Uttamrao Deshmukh,Maharashtra,YAVATMAL-WASHIM,185640423.0,Sports Infrastructure,Vendor_013,3804500.37,3804500.37,3849098.93,7072963.72,170,0,0,0,0,,0,1.2,0,0.012592159230569205,0.013,Low,1.27
MPLAD-3534,Sanjay Uttamrao Deshmukh,Maharashtra,YAVATMAL-WASHIM,185640423.0,Solar Street Lighting,Vendor_022,1342216.15,1342216.15,1351996.98,8415179.87,236,0,0,0,0,,0,0.7,1,0.007567405888825329,0.4,Medium,0.89
MPLAD-3535,Sanjay Uttamrao Deshmukh,Maharashtra,YAVATMAL-WASHIM,185640423.0,Health Sub-Centre,Vendor_023,4251845.43,4251845.43,4251440.66,12667025.3,88,0,1,0,0,DUPGRP-3535,0,0.0,0,0.0009328001117439837,0.75,High,1.01
MPLAD-3536,Sanjay Uttamrao Deshmukh,Maharashtra,YAVATMAL-WASHIM,185640423.0,Health Sub-Centre,Vendor_023,4370948.29,4370948.29,4286713.83,17037973.59,81,0,1,0,0,DUPGRP-3535,0,1.9,0,0.0013382652257652398,0.75,High,1.04
MPLAD-3537,Sanjay Uttamrao Deshmukh,Maharashtra,YAVATMAL-WASHIM,185640423.0,School Building,Vendor_024,3822349.03,3822349.03,3830278.66,20860322.61,254,0,0,0,0,,0,0.2,0,9.819054729443474e-05,0.0,Low,0.76
MPLAD-3538,Sanjay Uttamrao Deshmukh,Maharashtra,YAVATMAL-WASHIM,185640423.0,Solar Street Lighting,Vendor_017,865237.8,865237.8,878895.42,21725560.42,197,0,0,0,0,,0,1.6,1,0.0012521710597428605,0.4,Medium,0.58
MPLAD-3539,SANJNA JATAV,Rajasthan,BHARATPUR(SC),147000000.0,Community Hall,Vendor_003,3317553.82,3317553.82,3377519.77,3317553.82,185,0,0,0,0,,0,1.8,0,0.0035831284606305217,0.004,Low,1.18
MPLAD-3540,SANJNA JATAV,Rajasthan,BHARATPUR(SC),147000000.0,Health Sub-Centre,Vendor_025,5431372.88,5431372.88,5351024.1,8748926.7,169,0,1,0,0,DUPGRP-3540,0,1.5,0,0.009529262049333744,0.75,High,1.29
MPLAD-3541,SANJNA JATAV,Rajasthan,BHARATPUR(SC),147000000.0,Health Sub-Centre,Vendor_025,5573319.87,5573319.87,5572085.56,14322246.57,183,0,1,0,0,DUPGRP-3540,0,0.0,0,0.015412737869259485,0.75,High,1.33
MPLAD-3542,SANJNA JATAV,Rajasthan,BHARATPUR(SC),147000000.0,Road Construction,Vendor_017,4796351.31,4796351.31,4718683.22,19118597.88,254,0,0,0,0,,0,1.6,1,0.032219603809323656,0.4,Medium,1.37
MPLAD-3543,SANJNA JATAV,Rajasthan,BHARATPUR(SC),147000000.0,Road Construction,Vendor_004,1798036.51,1798036.51,1831963.07,20916634.39,174,0,0,0,0,,0,1.9,1,1.46563474203448e-05,0.4,Medium,0.51
MPLAD-3544,SANJNA JATAV,Rajasthan,BHARATPUR(SC),147000000.0,Solar Street Lighting,Vendor_015,1592965.15,1592965.15,1600423.6,22509599.53,123,0,1,0,0,DUPGRP-3544,0,0.5,0,0.006705391177507693,0.75,High,1.06
MPLAD-3545,SANJNA JATAV,Rajasthan,BHARATPUR(SC),147000000.0,Solar Street Lighting,Vendor_012,1630986.26,1630986.26,1630353.12,24140585.79,133,0,1,0,0,DUPGRP-3544,0,0.0,0,0.007309420640914918,0.75,High,1.09
MPLAD-3546,SANJNA JATAV,Rajasthan,BHARATPUR(SC),147000000.0,Community Hall,Vendor_011,2864797.8,2864797.8,2863512.36,27005383.59,46,0,0,0,0,,0,0.0,0,0.020570361185121226,0.021,Low,1.02
MPLAD-3547,SANJNA JATAV,Rajasthan,BHARATPUR(SC),147000000.0,Community Hall,Vendor_008,3103561.12,3103561.12,3125306.21,30108944.71,204,0,0,0,0,,0,0.7,0,0.0019449258433797832,0.002,Low,1.11
MPLAD-3548,Santosh Pandey,Chhattisgarh,RAJNANDGAON,147000000.0,Road Construction,Vendor_004,1589589.85,1589589.85,1563807.69,1589589.85,207,0,0,0,0,,0,1.6,1,1.3290701898583383e-05,0.4,Medium,0.45
MPLAD-3549,Santosh Pandey,Chhattisgarh,RAJNANDGAON,147000000.0,Community Hall,Vendor_022,2157442.38,2157442.38,2122352.87,3747032.23,212,0,0,0,0,,0,1.6,1,0.0002398962600273084,0.4,Medium,0.77
MPLAD-3550,Santosh Pandey,Chhattisgarh,RAJNANDGAON,147000000.0,Sports Infrastructure,Vendor_017,4123080.4,4123080.4,4195932.68,7870112.63,175,0,0,0,0,,0,1.8,1,0.029061188803306538,0.4,Medium,1.37
MPLAD-3551,Saptagiri Sankar Ulaka,Odisha,KORAPUT(ST),269500000.0,Community Hall,Vendor_017,3429921.42,3429921.42,3438507.34,3429921.42,223,0,0,0,0,,0,0.3,1,0.004244303725015029,0.4,Medium,1.22
MPLAD-3552,Saptagiri Sankar Ulaka,Odisha,KORAPUT(ST),269500000.0,Community Hall,Vendor_019,2505057.16,2505057.16,2460618.54,5934978.58,206,0,0,0,0,,0,1.8,0,0.0004979758331905181,0.0,Low,0.89
MPLAD-3553,Saptagiri Sankar Ulaka,Odisha,KORAPUT(ST),269500000.0,Drinking Water Supply,Vendor_024,3668459.18,3668459.18,3708418.93,9603437.76,234,0,0,0,0,,0,1.1,0,0.16703068874497048,0.167,Low,1.67
MPLAD-3554,Saptagiri Sankar Ulaka,Odisha,KORAPUT(ST),269500000.0,Drinking Water Supply,Vendor_006,1395113.69,1395113.69,1412670.17,10998551.44,262,0,0,0,0,,0,1.3,0,0.0010791137647334402,0.001,Low,0.63
MPLAD-3555,Saptagiri Sankar Ulaka,Odisha,KORAPUT(ST),269500000.0,Community Hall,Vendor_017,3782404.76,3782404.76,3754496.55,14780956.2,184,0,1,0,0,DUPGRP-3555,0,0.7,1,0.011221673106460009,1.0,High,1.35
MPLAD-3556,Saptagiri Sankar Ulaka,Odisha,KORAPUT(ST),269500000.0,Community Hall,Vendor_017,3738594.41,3738594.41,3673007.12,18519550.61,196,0,1,0,0,DUPGRP-3555,0,1.8,1,0.009163501153532164,1.0,High,1.34
MPLAD-3557,Saptagiri Sankar Ulaka,Odisha,KORAPUT(ST),269500000.0,Sports Infrastructure,Vendor_014,7018866.93,7018866.93,7067789.13,25538417.54,157,1,0,0,0,,0,0.7,0,0.9876980970761509,0.988,High,2.34
MPLAD-3558,Saptagiri Sankar Ulaka,Odisha,KORAPUT(ST),269500000.0,Health Sub-Centre,Vendor_012,5396017.95,5396017.95,5326657.05,30934435.48,234,0,0,0,0,,0,1.3,0,0.020144237792626776,0.02,Low,1.28
MPLAD-3559,SARABJEET SINGH KHALSA,Punjab,FARIDKOT(SC),150850348.15,Community Hall,Vendor_024,3372376.55,3372376.55,3437662.19,3372376.55,114,0,0,0,0,,0,1.9,0,0.013917990171678213,0.014,Low,1.2
MPLAD-3560,SARABJEET SINGH KHALSA,Punjab,FARIDKOT(SC),150850348.15,Drinking Water Supply,Vendor_020,3320941.98,3320941.98,3283586.53,6693318.52,280,0,0,1,0,,0,1.1,0,0.15321439736014889,0.153,Low,1.51
MPLAD-3561,SARABJEET SINGH KHALSA,Punjab,FARIDKOT(SC),150850348.15,Solar Street Lighting,Vendor_023,958136.57,958136.57,952068.66,7651455.1,217,0,0,0,0,,0,0.6,0,0.002096133634100174,0.002,Low,0.64
MPLAD-3562,SARABJEET SINGH KHALSA,Punjab,FARIDKOT(SC),150850348.15,Health Sub-Centre,Vendor_015,4715674.28,4715674.28,4725900.64,12367129.38,158,0,0,0,0,,0,0.2,0,0.0016362402778176222,0.002,Low,1.12
MPLAD-3563,Sasikanth Senthil,Tamil Nadu,TIRUVALLUR(SC),171500000.0,Road Construction,Vendor_017,3419460.33,3419460.33,3416668.78,3419460.33,130,0,0,0,0,,0,0.1,1,0.0008138935356469929,0.4,Medium,0.98
MPLAD-3564,Sasikanth Senthil,Tamil Nadu,TIRUVALLUR(SC),171500000.0,Road Construction,Vendor_009,2070688.21,2070688.21,2111949.5,5490148.54,137,0,0,0,0,,0,2.0,0,3.429535326479174e-05,0.0,Low,0.59
MPLAD-3565,Sasikanth Senthil,Tamil Nadu,TIRUVALLUR(SC),171500000.0,Community Hall,Vendor_003,1700516.93,1700516.93,1667758.27,7190665.47,150,0,0,0,0,,0,1.9,0,0.00015828105714072447,0.0,Low,0.61
MPLAD-3566,Sasikanth Senthil,Tamil Nadu,TIRUVALLUR(SC),171500000.0,Solar Street Lighting,Vendor_008,3925394.35,3925394.35,3917828.24,11116059.81,142,1,0,0,0,,0,0.2,0,0.8694136643459544,0.869,High,2.62
MPLAD-3567,Sasikanth Senthil,Tamil Nadu,TIRUVALLUR(SC),171500000.0,School Building,Vendor_015,6630922.02,6630922.02,6546419.18,17746981.83,159,0,1,0,0,DUPGRP-3567,0,1.3,0,0.01750232077918874,0.75,High,1.33
MPLAD-3568,Sasikanth Senthil,Tamil Nadu,TIRUVALLUR(SC),171500000.0,School Building,Vendor_020,6749364.05,6749364.05,6809013.76,24496345.88,146,0,1,0,0,DUPGRP-3567,0,0.9,0,0.02359035334009899,0.75,High,1.35
MPLAD-3569,Sasikanth Senthil,Tamil Nadu,TIRUVALLUR(SC),171500000.0,Health Sub-Centre,Vendor_012,3522661.94,3522661.94,3513588.69,28019007.82,263,0,0,0,0,,0,0.3,0,0.0007971814479311681,0.001,Low,0.84
MPLAD-3570,SATPAL BRAHAMCHARI,Haryana,SONEPAT,147000000.0,Solar Street Lighting,Vendor_007,1993507.42,1993507.42,1971963.22,1993507.42,88,0,1,0,0,DUPGRP-3570,0,1.1,0,0.023632608482034922,0.75,High,1.33
MPLAD-3571,SATPAL BRAHAMCHARI,Haryana,SONEPAT,147000000.0,Solar Street Lighting,Vendor_007,1930502.09,1930502.09,1925948.16,3924009.51,87,0,1,0,0,DUPGRP-3570,0,0.2,0,0.020501638487590557,0.75,High,1.29
MPLAD-3572,SATPAL BRAHAMCHARI,Haryana,SONEPAT,147000000.0,Solar Street Lighting,Vendor_009,1250495.87,1250495.87,1263054.08,5174505.38,74,0,0,0,0,,0,1.0,0,0.005216876614607563,0.005,Low,0.83
MPLAD-3573,SATPAL BRAHAMCHARI,Haryana,SONEPAT,147000000.0,Road Construction,Vendor_021,2907783.65,2907783.65,2960738.64,8082289.02,148,0,0,0,0,,0,1.8,0,0.00019113272096019573,0.0,Low,0.83
MPLAD-3574,SATPAL BRAHAMCHARI,Haryana,SONEPAT,147000000.0,Drinking Water Supply,Vendor_001,2260120.98,2260120.98,2251470.24,10342410.0,169,0,0,0,0,,0,0.4,0,0.002516534809384374,0.003,Low,1.03
MPLAD-3575,SATPAL BRAHAMCHARI,Haryana,SONEPAT,147000000.0,Drinking Water Supply,Vendor_013,3200115.85,3200115.85,3262060.91,13542525.86,79,0,0,0,0,,0,1.9,0,0.07317697518005091,0.073,Low,1.45
MPLAD-3576,SATPAL BRAHAMCHARI,Haryana,SONEPAT,147000000.0,Drinking Water Supply,Vendor_006,2409693.03,2409693.03,2431806.3,15952218.89,81,0,0,0,0,,0,0.9,0,0.012229870093421276,0.012,Low,1.1
MPLAD-3577,SATPAL BRAHAMCHARI,Haryana,SONEPAT,147000000.0,Road Construction,Vendor_001,4803790.01,4803790.01,4758767.99,20756008.9,185,0,0,0,0,,0,0.9,0,0.02249597579645259,0.022,Low,1.37
MPLAD-3578,SATPAL BRAHAMCHARI,Haryana,SONEPAT,147000000.0,Road Construction,Vendor_005,4608176.43,4608176.43,4601787.51,25364185.33,284,0,0,1,0,,0,0.1,0,0.026934351172685715,0.027,Low,1.32
MPLAD-3579,Saumitra khan,West Bengal,BISHNUPUR(SC),147000000.0,Road Construction,Vendor_022,2489628.17,2489628.17,2442979.25,2489628.17,153,0,0,0,0,,0,1.9,1,6.967840707685827e-05,0.4,Medium,0.71
MPLAD-3580,Saumitra khan,West Bengal,BISHNUPUR(SC),147000000.0,Community Hall,Vendor_017,4398433.87,4398433.87,5932803.68,6888062.04,186,0,0,0,1,,0,34.9,1,0.04941868170996618,1.0,High,1.57
MPLAD-3581,Saumitra khan,West Bengal,BISHNUPUR(SC),147000000.0,Health Sub-Centre,Vendor_017,3816847.66,3816847.66,3844501.32,10704909.7,63,0,0,0,0,,0,0.7,1,0.0007783958627968814,0.4,Medium,0.91
MPLAD-3582,Saumitra khan,West Bengal,BISHNUPUR(SC),147000000.0,Solar Street Lighting,Vendor_006,1098478.8,1098478.8,1111367.79,11803388.5,279,0,0,1,0,,0,1.2,0,0.006163934863941378,0.006,Low,0.73
MPLAD-3583,SAVITRI THAKUR,Madhya Pradesh,DHAR(ST),147000000.0,Health Sub-Centre,Vendor_021,3844482.07,3844482.07,3774509.6,3844482.07,191,0,0,0,0,,0,1.8,0,0.00032198295807459195,0.0,Low,0.92
MPLAD-3584,SAVITRI THAKUR,Madhya Pradesh,DHAR(ST),147000000.0,School Building,Vendor_017,6598864.68,6598864.68,6472668.28,10443346.75,128,0,0,0,0,,0,1.9,1,0.017876980712257354,0.4,Medium,1.32
MPLAD-3585,SAVITRI THAKUR,Madhya Pradesh,DHAR(ST),147000000.0,Community Hall,Vendor_001,2588255.94,2588255.94,2598312.2,13031602.7,218,0,0,0,0,,0,0.4,0,0.0006241062568196733,0.001,Low,0.92
MPLAD-3586,SAVITRI THAKUR,Madhya Pradesh,DHAR(ST),147000000.0,Health Sub-Centre,Vendor_017,3542970.37,3542970.37,3608498.36,16574573.07,241,0,0,0,0,,0,1.8,1,0.00047929270589334777,0.4,Medium,0.84
MPLAD-3587,SAVITRI THAKUR,Madhya Pradesh,DHAR(ST),147000000.0,Community Hall,Vendor_009,5834638.73,5834638.73,5919374.96,22409211.8,161,0,1,0,0,DUPGRP-3587,0,1.5,0,0.7162514969822847,0.75,High,2.08
MPLAD-3588,SAVITRI THAKUR,Madhya Pradesh,DHAR(ST),147000000.0,Community Hall,Vendor_016,5685508.69,5685508.69,5795526.04,28094720.49,155,0,1,0,0,DUPGRP-3587,0,1.9,0,0.6536088455478258,0.75,High,2.03
MPLAD-3589,SAVITRI THAKUR,Madhya Pradesh,DHAR(ST),147000000.0,Road Construction,Vendor_023,2861762.37,2861762.37,3682645.48,30956482.86,203,0,0,0,1,,0,28.7,0,0.00018771499940217786,0.767,High,0.82
MPLAD-3590,SAVITRI THAKUR,Madhya Pradesh,DHAR(ST),147000000.0,Health Sub-Centre,Vendor_012,3792562.12,3792562.12,3768662.35,34749044.99,86,0,0,0,0,,0,0.6,0,0.00041239678237687557,0.0,Low,0.9
MPLAD-3591,SAVITRI THAKUR,Madhya Pradesh,DHAR(ST),147000000.0,Road Construction,Vendor_017,1673012.92,1673012.92,1688490.99,36422057.91,206,0,0,0,0,,0,0.9,1,1.5344289336054465e-05,0.4,Medium,0.48
MPLAD-3592,SAYANI GHOSH,West Bengal,JADAVPUR,147000000.0,Road Construction,Vendor_023,2107739.53,2107739.53,2132673.85,2107739.53,168,0,0,0,0,,0,1.2,0,2.7981267567440096e-05,0.0,Low,0.6
MPLAD-3593,SAYANI GHOSH,West Bengal,JADAVPUR,147000000.0,School Building,Vendor_015,10941629.38,10941629.38,11122541.0,13049368.91,235,1,0,0,0,,0,1.7,0,0.9808804078293925,0.981,High,2.19
MPLAD-3594,SAYANI GHOSH,West Bengal,JADAVPUR,147000000.0,Sports Infrastructure,Vendor_005,2947274.92,2947274.92,2984582.73,15996643.83,91,0,0,0,0,,0,1.3,0,0.003827864557253128,0.004,Low,0.98
MPLAD-3595,SELJA,Haryana,SIRSA(SC),147000000.0,Road Construction,Vendor_024,3604033.49,3604033.49,4521254.83,3604033.49,224,0,0,0,1,,0,25.4,0,0.001426881940078245,0.734,High,1.03
MPLAD-3596,SELJA,Haryana,SIRSA(SC),147000000.0,Road Construction,Vendor_024,2048810.64,2048810.64,2052677.41,5652844.12,198,0,0,0,0,,0,0.2,0,2.9215129759927383e-05,0.0,Low,0.59
MPLAD-3597,SELJA,Haryana,SIRSA(SC),147000000.0,Drinking Water Supply,Vendor_006,2725204.87,2725204.87,2770666.91,8378048.99,101,0,0,0,0,,0,1.7,0,0.01961077701175911,0.02,Low,1.24
MPLAD-3598,SELJA,Haryana,SIRSA(SC),147000000.0,Road Construction,Vendor_010,6892397.7,6892397.7,6809785.24,15270446.69,201,1,0,0,0,,0,1.2,0,0.8426723629104057,0.843,High,1.97
MPLAD-3599,SELJA,Haryana,SIRSA(SC),147000000.0,Health Sub-Centre,Vendor_014,5735144.75,5735144.75,5687422.84,21005591.43,167,0,0,0,0,,0,0.8,0,0.019065450761223086,0.019,Low,1.37
MPLAD-3600,SELJA,Haryana,SIRSA(SC),147000000.0,Community Hall,Vendor_010,1069318.97,1069318.97,1065650.96,22074910.4,175,0,0,0,0,,0,0.3,0,3.0409435147943726e-05,0.0,Low,0.38
MPLAD-3601,SELVAGANAPATHI T M,Tamil Nadu,SALEM,147000000.0,Community Hall,Vendor_006,4522521.56,4522521.56,4594872.89,4522521.56,154,0,0,0,0,,0,1.6,0,0.09680073368502777,0.097,Low,1.62
MPLAD-3602,SELVAGANAPATHI T M,Tamil Nadu,SALEM,147000000.0,Drinking Water Supply,Vendor_004,2630396.52,2630396.52,2626024.91,7152918.08,252,0,0,0,0,,0,0.2,1,0.015943644373019882,0.4,Medium,1.2
MPLAD-3603,SELVAGANAPATHI T M,Tamil Nadu,SALEM,147000000.0,Community Hall,Vendor_018,3350591.66,3350591.66,3342296.23,10503509.74,282,0,1,1,0,DUPGRP-3603,0,0.2,0,0.0073430743807326075,0.75,High,1.2
MPLAD-3604,SELVAGANAPATHI T M,Tamil Nadu,SALEM,147000000.0,Community Hall,Vendor_018,3473909.05,3473909.05,3443958.56,13977418.79,281,0,1,1,0,DUPGRP-3603,0,0.9,0,0.009069133698784898,0.75,High,1.24
MPLAD-3605,SELVAGANAPATHI T M,Tamil Nadu,SALEM,147000000.0,Road Construction,Vendor_006,2746913.98,2746913.98,2716468.42,16724332.77,235,0,0,0,0,,0,1.1,0,0.00024410942378512904,0.0,Low,0.78
MPLAD-3606,SELVAGANAPATHI T M,Tamil Nadu,SALEM,147000000.0,Community Hall,Vendor_006,7684375.56,7684375.56,7614198.73,24408708.33,231,1,0,0,0,,0,0.9,0,0.9830944024862052,0.983,High,2.74
MPLAD-3607,SELVAGANAPATHI T M,Tamil Nadu,SALEM,147000000.0,Sports Infrastructure,Vendor_002,4599350.87,4599350.87,4649251.37,29008059.2,216,0,0,0,0,,0,1.1,0,0.08133558382780805,0.081,Low,1.53
MPLAD-3608,SELVARAJ V,Tamil Nadu,NAGAPATTINAM(SC),147000000.0,Community Hall,Vendor_022,2244430.84,2244430.84,2225047.04,2244430.84,221,0,0,0,0,,0,0.9,1,0.00030645132906698824,0.4,Medium,0.8
MPLAD-3609,SELVARAJ V,Tamil Nadu,NAGAPATTINAM(SC),147000000.0,Community Hall,Vendor_018,823853.97,823853.97,833378.08,3068284.81,145,0,0,0,0,,0,1.2,0,3.410884102596094e-05,0.0,Low,0.29
MPLAD-3610,SELVARAJ V,Tamil Nadu,NAGAPATTINAM(SC),147000000.0,Health Sub-Centre,Vendor_002,10078085.59,10078085.59,13783866.47,13146370.4,193,1,0,0,1,,0,36.8,0,0.9939435438144935,0.994,High,2.4
MPLAD-3611,SELVARAJ V,Tamil Nadu,NAGAPATTINAM(SC),147000000.0,Community Hall,Vendor_017,3215066.07,3215066.07,3182106.72,16361436.48,187,0,1,0,0,DUPGRP-3611,0,1.0,1,0.0027537487447174182,1.0,High,1.15
MPLAD-3612,SELVARAJ V,Tamil Nadu,NAGAPATTINAM(SC),147000000.0,Community Hall,Vendor_017,3246974.56,3246974.56,3202906.53,19608411.04,172,0,1,0,0,DUPGRP-3611,0,1.4,1,0.003485186112174257,1.0,High,1.16
MPLAD-3613,SHAFI PARAMBIL,Kerala,VADAKARA,147000000.0,Health Sub-Centre,Vendor_016,4097483.49,4097483.49,4133351.18,4097483.49,188,0,0,0,0,,0,0.9,0,0.0005393293102010031,0.001,Low,0.98
MPLAD-3614,SHAFI PARAMBIL,Kerala,VADAKARA,147000000.0,Community Hall,Vendor_025,935043.06,935043.06,949912.43,5032526.55,243,0,0,0,0,,0,1.6,0,3.980671570701187e-05,0.0,Low,0.33
MPLAD-3615,SHAFI PARAMBIL,Kerala,VADAKARA,147000000.0,Road Construction,Vendor_002,4438732.98,4438732.98,4512369.26,9471259.53,271,0,0,1,0,,0,1.7,0,0.017050828268828953,0.017,Low,1.27
MPLAD-3616,SHAFI PARAMBIL,Kerala,VADAKARA,147000000.0,Drinking Water Supply,Vendor_004,2094059.53,2094059.53,2075161.66,11565319.06,185,0,0,0,0,,0,0.9,1,0.001502350353607882,0.4,Medium,0.95
MPLAD-3617,SHAFI PARAMBIL,Kerala,VADAKARA,147000000.0,Drinking Water Supply,Vendor_002,3378243.25,3378243.25,3327440.35,14943562.31,106,1,0,0,0,,0,1.5,0,0.09350485767957316,0.094,Low,1.54
MPLAD-3618,SHAFI PARAMBIL,Kerala,VADAKARA,147000000.0,Drinking Water Supply,Vendor_019,679140.46,679140.46,684680.69,15622702.76,184,0,0,0,0,,0,0.8,0,3.785252666612636e-05,0.0,Low,0.31
MPLAD-3619,SHAFI PARAMBIL,Kerala,VADAKARA,147000000.0,Drinking Water Supply,Vendor_021,2004546.37,2004546.37,2007560.46,17627249.13,270,0,0,0,0,,0,0.2,0,0.0058619450301808295,0.006,Low,0.91
MPLAD-3620,SHAFI PARAMBIL,Kerala,VADAKARA,147000000.0,School Building,Vendor_010,3323105.93,3323105.93,3286880.84,20950355.06,205,0,0,0,0,,0,1.1,0,1.3351788517349063e-05,0.0,Low,0.66
MPLAD-3621,SHAMBHAVI,Bihar,SAMASTIPUR(SC),147000000.0,Health Sub-Centre,Vendor_001,1724118.12,1724118.12,1738277.21,1724118.12,201,0,0,0,0,,0,0.8,0,6.678837054209138e-06,0.0,Low,0.41
MPLAD-3622,SHAMBHAVI,Bihar,SAMASTIPUR(SC),147000000.0,Drinking Water Supply,Vendor_024,512073.73,512073.73,520907.57,2236191.86,163,0,0,0,0,,0,1.7,0,2.8952970798865595e-05,0.0,Low,0.23
MPLAD-3623,SHAMBHAVI,Bihar,SAMASTIPUR(SC),147000000.0,Health Sub-Centre,Vendor_015,2806766.5,2806766.5,2776448.63,5042958.35,229,0,0,0,0,,0,1.1,0,8.656212564117779e-05,0.0,Low,0.67
MPLAD-3624,SHAMBHAVI,Bihar,SAMASTIPUR(SC),147000000.0,Road Construction,Vendor_004,9560763.49,9560763.49,12235624.28,14603721.84,96,1,0,0,1,,0,28.0,1,0.9985022887647715,1.0,High,2.73
MPLAD-3625,SHAMBHAVI,Bihar,SAMASTIPUR(SC),147000000.0,Drinking Water Supply,Vendor_005,2072510.32,2072510.32,2095664.96,16676232.16,141,0,0,0,0,,0,1.1,0,0.001989117065560608,0.002,Low,0.94
MPLAD-3626,SHAMBHAVI,Bihar,SAMASTIPUR(SC),147000000.0,Community Hall,Vendor_015,3564569.79,3564569.79,3495248.24,20240801.95,127,0,1,0,0,DUPGRP-3626,0,1.9,0,0.016408867271449475,0.75,High,1.27
MPLAD-3627,SHAMBHAVI,Bihar,SAMASTIPUR(SC),147000000.0,Community Hall,Vendor_015,3678071.32,3678071.32,3621782.71,23918873.27,129,0,1,0,0,DUPGRP-3626,0,1.5,0,0.020504251648044088,0.75,High,1.31
MPLAD-3628,SHAMBHAVI,Bihar,SAMASTIPUR(SC),147000000.0,Sports Infrastructure,Vendor_025,2358154.52,2358154.52,2327606.15,26277027.79,210,0,0,0,0,,0,1.3,0,0.0002925510555293506,0.0,Low,0.79
MPLAD-3629,Shankar Lalwani,Madhya Pradesh,INDORE,147000000.0,Drinking Water Supply,Vendor_022,2372530.23,2372530.23,2383523.9,2372530.23,206,0,0,0,0,,0,0.5,1,0.003619138990720779,0.4,Medium,1.08
MPLAD-3630,Shankar Lalwani,Madhya Pradesh,INDORE,147000000.0,Road Construction,Vendor_004,3643200.78,3643200.78,3577617.63,6015731.01,151,0,0,0,0,,0,1.8,1,0.0011300247485590362,0.4,Medium,1.04
MPLAD-3631,Shankar Lalwani,Madhya Pradesh,INDORE,147000000.0,Sports Infrastructure,Vendor_011,7186867.94,7186867.94,7278028.87,13202598.95,206,1,0,0,0,,0,1.3,0,0.9863982391907947,0.986,High,2.4
MPLAD-3632,Shankar Lalwani,Madhya Pradesh,INDORE,147000000.0,Road Construction,Vendor_011,3170494.11,3170494.11,3197865.02,16373093.06,258,0,0,0,0,,0,0.9,0,0.0009632093821498812,0.001,Low,0.91
MPLAD-3633,SHASHANK MANI,Uttar Pradesh,DEORIA,147000000.0,Solar Street Lighting,Vendor_014,941589.93,941589.93,939782.56,941589.93,130,0,0,0,0,,0,0.2,0,0.0011477003216214016,0.001,Low,0.63
MPLAD-3634,SHASHANK MANI,Uttar Pradesh,DEORIA,147000000.0,Road Construction,Vendor_010,3936608.52,3936608.52,3875931.72,4878198.46,200,0,0,0,0,,0,1.5,0,0.0025349533115732463,0.003,Low,1.12
MPLAD-3635,SHASHANK MANI,Uttar Pradesh,DEORIA,147000000.0,Community Hall,Vendor_003,3026799.56,3026799.56,2990940.3,7904998.01,213,0,0,0,0,,0,1.2,0,0.0016314419252726898,0.002,Low,1.08
MPLAD-3636,SHASHANK MANI,Uttar Pradesh,DEORIA,147000000.0,Health Sub-Centre,Vendor_017,2432297.97,2432297.97,2465509.5,10337295.99,110,0,0,0,0,,0,1.4,1,2.2029822143979986e-05,0.4,Medium,0.58
MPLAD-3637,SHASHANK MANI,Uttar Pradesh,DEORIA,147000000.0,Drinking Water Supply,Vendor_021,3879132.38,3879132.38,3802424.65,14216428.37,144,0,0,0,0,,0,2.0,0,0.2521259828389633,0.252,Low,1.76
MPLAD-3638,SHASHANK MANI,Uttar Pradesh,DEORIA,147000000.0,Community Hall,Vendor_001,4539758.7,4539758.7,4564535.8,18756187.07,130,0,0,0,0,,0,0.5,0,0.1391668346898659,0.139,Low,1.62
MPLAD-3639,Shatrughan Sinha,West Bengal,ASANSOL,147000000.0,Community Hall,Vendor_019,2842394.23,2842394.23,2833783.12,2842394.23,325,0,1,1,0,DUPGRP-3639,0,0.3,0,0.008335311278630636,0.75,High,1.02
MPLAD-3640,Shatrughan Sinha,West Bengal,ASANSOL,147000000.0,Community Hall,Vendor_019,2935882.35,2935882.35,2988861.76,5778276.58,330,0,1,1,0,DUPGRP-3639,0,1.8,0,0.010651288756246038,0.75,High,1.05
MPLAD-3641,Shatrughan Sinha,West Bengal,ASANSOL,147000000.0,Community Hall,Vendor_005,2552757.81,2552757.81,2568704.96,8331034.39,186,0,0,0,0,,0,0.6,0,0.0005908192046926512,0.001,Low,0.91
MPLAD-3642,Shatrughan Sinha,West Bengal,ASANSOL,147000000.0,Road Construction,Vendor_010,3098202.52,3098202.52,3148858.97,11429236.91,160,0,0,0,0,,0,1.6,0,0.0002780830802888708,0.0,Low,0.89
MPLAD-3643,SHER SINGH GHUBAYA,Punjab,FIROZPUR,147000000.0,Drinking Water Supply,Vendor_001,3988763.26,3988763.26,4062099.1,3988763.26,169,1,0,0,0,,0,1.8,0,0.29825334103960743,0.298,Low,1.81
MPLAD-3644,SHER SINGH GHUBAYA,Punjab,FIROZPUR,147000000.0,Road Construction,Vendor_022,3033037.88,3033037.88,3085259.97,7021801.14,299,0,0,1,0,,0,1.7,1,0.0018547041255411463,0.4,Medium,0.87
MPLAD-3645,SHER SINGH GHUBAYA,Punjab,FIROZPUR,147000000.0,Drinking Water Supply,Vendor_004,3082539.15,3082539.15,3128844.79,10104340.29,178,0,0,0,0,,0,1.5,1,0.02627415892718979,0.4,Medium,1.4
MPLAD-3646,SHIVMANGAL SINGH TOMAR,Madhya Pradesh,MORENA,147000000.0,School Building,Vendor_024,3100706.14,3100706.14,3063150.63,3100706.14,165,0,0,0,0,,0,1.2,0,6.853222593961223e-06,0.0,Low,0.62
MPLAD-3647,SHIVMANGAL SINGH TOMAR,Madhya Pradesh,MORENA,147000000.0,Road Construction,Vendor_019,50000.0,50000.0,49125.54,3150706.14,266,0,0,0,0,,0,1.7,0,7.849185744501816e-06,0.0,Low,0.01
MPLAD-3648,SHIVMANGAL SINGH TOMAR,Madhya Pradesh,MORENA,147000000.0,Drinking Water Supply,Vendor_003,1372148.09,1372148.09,1351741.99,4522854.22,202,0,1,0,0,DUPGRP-3648,0,1.5,0,0.00023056527707271494,0.75,High,0.62
MPLAD-3649,SHIVMANGAL SINGH TOMAR,Madhya Pradesh,MORENA,147000000.0,Drinking Water Supply,Vendor_020,1341830.19,1341830.19,1366906.71,5864684.42,206,0,1,0,0,DUPGRP-3648,0,1.9,0,0.00022250448688114176,0.75,High,0.61
MPLAD-3650,SHIVMANGAL SINGH TOMAR,Madhya Pradesh,MORENA,147000000.0,Sports Infrastructure,Vendor_025,3588173.25,3588173.25,3531842.81,9452857.67,186,0,0,0,0,,0,1.6,0,0.006527188903667841,0.007,Low,1.2
MPLAD-3651,SHIVMANGAL SINGH TOMAR,Madhya Pradesh,MORENA,147000000.0,School Building,Vendor_013,5263544.75,5263544.75,5287549.76,14716402.42,178,0,0,0,0,,0,0.5,0,0.0006864434056599768,0.001,Low,1.05
MPLAD-3652,SHIVMANGAL SINGH TOMAR,Madhya Pradesh,MORENA,147000000.0,Solar Street Lighting,Vendor_012,507937.46,507937.46,698433.66,15224339.88,164,0,0,0,1,,0,37.5,0,0.00035647518350319997,0.85,High,0.34
MPLAD-3653,SHIVMANGAL SINGH TOMAR,Madhya Pradesh,MORENA,147000000.0,Road Construction,Vendor_021,3417584.98,3417584.98,3450173.99,18641924.85,206,0,0,0,0,,0,1.0,0,0.00073124532814178,0.001,Low,0.98
MPLAD-3654,SHIVRAJ SINGH CHOUHAN,Madhya Pradesh,VIDISHA,147000000.0,School Building,Vendor_020,5815709.98,5815709.98,5906526.28,5815709.98,126,0,0,0,0,,0,1.6,0,0.003093698714334216,0.003,Low,1.16
MPLAD-3655,SHIVRAJ SINGH CHOUHAN,Madhya Pradesh,VIDISHA,147000000.0,Solar Street Lighting,Vendor_023,1733160.82,1733160.82,1737492.02,7548870.81,265,0,0,0,0,,0,0.2,0,0.026061755180230527,0.026,Low,1.16
MPLAD-3656,SHIVRAJ SINGH CHOUHAN,Madhya Pradesh,VIDISHA,147000000.0,Road Construction,Vendor_004,2846718.78,2846718.78,2824577.12,10395589.58,242,0,0,0,0,,0,0.8,1,0.0003490367191973023,0.4,Medium,0.81
MPLAD-3657,SHIVRAJ SINGH CHOUHAN,Madhya Pradesh,VIDISHA,147000000.0,Drinking Water Supply,Vendor_017,3426227.11,3426227.11,3423901.03,13821816.69,201,0,0,0,0,,0,0.1,1,0.07140220179803326,0.4,Medium,1.56
MPLAD-3658,SHIVRAJ SINGH CHOUHAN,Madhya Pradesh,VIDISHA,147000000.0,Drinking Water Supply,Vendor_006,1401794.98,1401794.98,1411923.16,15223611.67,214,0,0,0,0,,0,0.7,0,0.0002896764364942578,0.0,Low,0.64
MPLAD-3659,SHIVRAJ SINGH CHOUHAN,Madhya Pradesh,VIDISHA,147000000.0,School Building,Vendor_022,5187167.87,5187167.87,5219384.16,20410779.54,195,0,0,0,0,,0,0.6,1,0.0006151180559044251,0.4,Medium,1.04
MPLAD-3660,SHOBHA KARANDLAJE BANGALORE,Karnataka,NORTH,147000000.0,Drinking Water Supply,Vendor_014,1977480.06,1977480.06,1971286.09,1977480.06,203,0,0,0,0,,0,0.3,0,0.001171466273758386,0.001,Low,0.9
MPLAD-3661,SHOBHA KARANDLAJE BANGALORE,Karnataka,NORTH,147000000.0,Sports Infrastructure,Vendor_023,3705842.72,3705842.72,3658822.99,5683322.78,229,0,0,0,0,,0,1.3,0,0.008382464060241814,0.008,Low,1.24
MPLAD-3662,SHOBHA KARANDLAJE BANGALORE,Karnataka,NORTH,147000000.0,School Building,Vendor_011,4419569.68,4419569.68,4392637.35,10102892.46,132,0,0,0,0,,0,0.6,0,0.0001325747005271217,0.0,Low,0.88
MPLAD-3663,SHOBHA KARANDLAJE BANGALORE,Karnataka,NORTH,147000000.0,School Building,Vendor_023,4634600.74,4634600.74,5573229.57,14737493.2,271,0,0,1,1,,0,20.3,0,0.0006288652913505803,0.683,High,0.93
MPLAD-3664,SHOBHA KARANDLAJE BANGALORE,Karnataka,NORTH,147000000.0,Road Construction,Vendor_018,3673382.81,3673382.81,3708124.14,18410876.0,124,0,0,0,0,,0,0.9,0,0.0016542800522727026,0.002,Low,1.05
MPLAD-3665,SHOBHA KARANDLAJE BANGALORE,Karnataka,NORTH,147000000.0,Community Hall,Vendor_017,2506224.14,2506224.14,2521747.58,20917100.14,205,0,0,0,0,,0,0.6,1,0.0004987848313764394,0.4,Medium,0.9
MPLAD-3666,SHOBHANABEN MAHENDRASINH BARAIYA,Gujarat,SABARKANTHA,147000000.0,Health Sub-Centre,Vendor_025,2904575.35,2904575.35,2941063.75,2904575.35,168,0,0,0,0,,0,1.3,0,3.4559668736347296e-05,0.0,Low,0.69
MPLAD-3667,SHOBHANABEN MAHENDRASINH BARAIYA,Gujarat,SABARKANTHA,147000000.0,Drinking Water Supply,Vendor_006,4309690.68,4309690.68,4225544.31,7214266.03,266,0,0,0,0,,0,2.0,0,0.6206023639013504,0.621,Medium,1.96
MPLAD-3668,SHOBHANABEN MAHENDRASINH BARAIYA,Gujarat,SABARKANTHA,147000000.0,Road Construction,Vendor_005,1676438.98,1676438.98,1664489.11,8890705.01,158,0,0,0,0,,0,0.7,0,1.1952525190260811e-05,0.0,Low,0.48
MPLAD-3669,SHOBHANABEN MAHENDRASINH BARAIYA,Gujarat,SABARKANTHA,147000000.0,Drinking Water Supply,Vendor_007,1269452.39,1269452.39,1265574.06,10160157.4,223,0,0,0,0,,0,0.3,0,0.00024534955744896666,0.0,Low,0.58
MPLAD-3670,SHOBHANABEN MAHENDRASINH BARAIYA,Gujarat,SABARKANTHA,147000000.0,School Building,Vendor_015,5265945.82,5265945.82,5305068.24,15426103.22,179,0,0,0,0,,0,0.7,0,0.0006915829305653972,0.001,Low,1.05
MPLAD-3671,SHOBHANABEN MAHENDRASINH BARAIYA,Gujarat,SABARKANTHA,147000000.0,School Building,Vendor_005,3955324.0,3955324.0,4851639.17,19381427.22,138,0,0,0,1,,0,22.7,0,4.641007182913686e-05,0.707,High,0.79
MPLAD-3672,SHREYAS. M. PATEL,Karnataka,HASSAN,147000000.0,Road Construction,Vendor_011,3937190.91,3937190.91,3895493.63,3937190.91,81,0,0,0,0,,0,1.1,0,0.007700692283282942,0.008,Low,1.12
MPLAD-3673,SHREYAS. M. PATEL,Karnataka,HASSAN,147000000.0,Drinking Water Supply,Vendor_025,2944918.83,2944918.83,2897211.47,6882109.73,93,0,0,0,0,,0,1.6,0,0.03662873708062115,0.037,Low,1.34
MPLAD-3674,SHREYAS. M. PATEL,Karnataka,HASSAN,147000000.0,Solar Street Lighting,Vendor_024,2679713.95,2679713.95,2713646.34,9561823.69,201,1,0,0,0,,0,1.3,0,0.21934859442609153,0.219,Low,1.79
MPLAD-3675,SHREYAS. M. PATEL,Karnataka,HASSAN,147000000.0,Road Construction,Vendor_023,4421708.52,4421708.52,4336812.63,13983532.2,116,0,0,0,0,,0,1.9,0,0.011726398482336902,0.012,Low,1.26
MPLAD-3676,SHREYAS. M. PATEL,Karnataka,HASSAN,147000000.0,Solar Street Lighting,Vendor_022,1122483.0,1122483.0,1132915.32,15106015.21,293,0,1,1,0,DUPGRP-3676,0,0.9,1,0.007161371555155597,1.0,High,0.75
MPLAD-3677,SHREYAS. M. PATEL,Karnataka,HASSAN,147000000.0,Solar Street Lighting,Vendor_022,1084704.94,1084704.94,1068061.56,16190720.14,293,0,1,1,0,DUPGRP-3676,0,1.5,1,0.006608717026341679,1.0,High,0.72
MPLAD-3678,SHREYAS. M. PATEL,Karnataka,HASSAN,147000000.0,Health Sub-Centre,Vendor_022,5130859.98,5130859.98,5209127.19,21321580.12,102,0,1,0,0,DUPGRP-3678,0,1.5,1,0.004506117017189973,1.0,High,1.22
MPLAD-3679,SHREYAS. M. PATEL,Karnataka,HASSAN,147000000.0,Health Sub-Centre,Vendor_022,4996025.01,4996025.01,5043462.0,26317605.13,88,0,1,0,0,DUPGRP-3678,0,0.9,1,0.003990359908859461,1.0,High,1.19
MPLAD-3680,SHREYAS. M. PATEL,Karnataka,HASSAN,147000000.0,Road Construction,Vendor_005,1081518.31,1081518.31,1075199.05,27399123.45,260,0,0,0,0,,0,0.6,0,2.339774254702e-05,0.0,Low,0.31
MPLAD-3681,Shri Dharambir Singh BHIWANI,Haryana,MAHENDRAGARH,147000000.0,Road Construction,Vendor_024,2835278.38,2835278.38,2870558.18,2835278.38,223,0,0,0,0,,0,1.2,0,0.00023645699111178543,0.0,Low,0.81
MPLAD-3682,Shri Dharambir Singh BHIWANI,Haryana,MAHENDRAGARH,147000000.0,Drinking Water Supply,Vendor_023,2493637.43,2493637.43,3123731.97,5328915.81,196,0,0,0,1,,0,25.3,0,0.004798093269129005,0.733,High,1.13
MPLAD-3683,Shri Dharambir Singh BHIWANI,Haryana,MAHENDRAGARH,147000000.0,Sports Infrastructure,Vendor_008,3201785.11,3201785.11,3212941.55,8530700.92,156,0,0,0,0,,0,0.3,0,0.002731950589701201,0.003,Low,1.07
MPLAD-3684,Shri Dharambir Singh BHIWANI,Haryana,MAHENDRAGARH,147000000.0,Drinking Water Supply,Vendor_022,1703567.3,1703567.3,1672132.41,10234268.22,134,0,0,0,0,,0,1.8,1,0.0008403356008333043,0.4,Medium,0.77
MPLAD-3685,Shri Dharambir Singh BHIWANI,Haryana,MAHENDRAGARH,147000000.0,Sports Infrastructure,Vendor_012,5863771.68,5863771.68,5912196.04,16098039.9,181,1,0,0,0,,0,0.8,0,0.7797746539834979,0.78,High,1.95
MPLAD-3686,Shri Dharambir Singh BHIWANI,Haryana,MAHENDRAGARH,147000000.0,Solar Street Lighting,Vendor_023,1898733.37,1898733.37,1920725.59,17996773.27,78,0,1,0,0,DUPGRP-3686,0,1.2,0,0.021054884557295938,0.75,High,1.27
MPLAD-3687,Shri Dharambir Singh BHIWANI,Haryana,MAHENDRAGARH,147000000.0,Solar Street Lighting,Vendor_023,1836339.91,1836339.91,1840361.22,19833113.18,88,0,1,0,0,DUPGRP-3686,0,0.2,0,0.01617437983394,0.75,High,1.22
MPLAD-3688,Shri Abhishek Banerjee DIAMOND,West Bengal,HARBOUR,147000000.0,Sports Infrastructure,Vendor_023,2320580.44,2320580.44,2910173.97,2320580.44,197,0,0,0,1,,0,25.4,0,0.0002528725919514747,0.734,High,0.77
MPLAD-3689,Shri Abhishek Banerjee DIAMOND,West Bengal,HARBOUR,147000000.0,Road Construction,Vendor_005,1519574.6,1519574.6,1497784.22,3840155.03,121,0,0,0,0,,0,1.4,0,1.657981083778172e-05,0.0,Low,0.43
MPLAD-3690,Shri Abhishek Banerjee DIAMOND,West Bengal,HARBOUR,147000000.0,Sports Infrastructure,Vendor_010,3338594.43,3338594.43,3362133.25,7178749.47,191,0,0,0,0,,0,0.7,0,0.0033147483966190186,0.003,Low,1.11
MPLAD-3691,Shri Abhishek Banerjee DIAMOND,West Bengal,HARBOUR,147000000.0,Solar Street Lighting,Vendor_005,2180338.67,2180338.67,2779371.1,9359088.13,272,1,0,1,1,,0,27.5,0,0.07741272287891035,0.755,High,1.45
MPLAD-3692,Shri Abhishek Banerjee DIAMOND,West Bengal,HARBOUR,147000000.0,Drinking Water Supply,Vendor_021,50000.0,50000.0,49944.53,9409088.13,178,0,0,0,0,,0,0.1,0,9.41599875556854e-06,0.0,Low,0.02
MPLAD-3693,Shri Abhishek Banerjee DIAMOND,West Bengal,HARBOUR,147000000.0,Solar Street Lighting,Vendor_017,984086.72,984086.72,972394.65,10393174.86,126,0,0,0,0,,0,1.2,1,0.0013138628548080668,0.4,Medium,0.66
MPLAD-3694,Shri Abhishek Banerjee DIAMOND,West Bengal,HARBOUR,147000000.0,Drinking Water Supply,Vendor_017,806626.7,806626.7,804924.8,11199801.56,128,0,0,0,0,,0,0.2,1,0.00010858863498652358,0.4,Medium,0.37
MPLAD-3695,Shri Amar Singh FATEHGARH,Punjab,SAHIB(SC),147000000.0,Solar Street Lighting,Vendor_007,3170141.57,3170141.57,3170546.6,3170141.57,269,1,0,0,0,,0,0.0,0,0.5239858498945059,0.524,Medium,2.11
MPLAD-3696,Shri Amar Singh FATEHGARH,Punjab,SAHIB(SC),147000000.0,Health Sub-Centre,Vendor_011,3983322.44,3983322.44,3977738.62,7153464.01,148,0,0,0,0,,0,0.1,0,0.0003031424414216726,0.0,Low,0.95
MPLAD-3697,Shri Amar Singh FATEHGARH,Punjab,SAHIB(SC),147000000.0,Health Sub-Centre,Vendor_010,3659916.51,3659916.51,3673657.19,10813380.52,185,0,0,0,0,,0,0.4,0,0.00019769322735404795,0.0,Low,0.87
MPLAD-3698,Shri Amar Singh FATEHGARH,Punjab,SAHIB(SC),147000000.0,Sports Infrastructure,Vendor_009,3228447.27,3228447.27,3264738.99,14041827.79,180,0,0,0,0,,0,1.1,0,0.002549925090522408,0.003,Low,1.08
MPLAD-3699,Shri Amar Singh FATEHGARH,Punjab,SAHIB(SC),147000000.0,Solar Street Lighting,Vendor_016,804557.6,804557.6,808622.3,14846385.39,170,0,0,0,0,,0,0.5,0,0.0008168146731394064,0.001,Low,0.54
MPLAD-3700,Shri Amit Shah,Gujarat,GANDHINAGAR,147000000.0,School Building,Vendor_022,6002001.31,6002001.31,5906816.42,6002001.31,152,0,0,0,0,,0,1.6,1,0.004042058054022307,0.4,Medium,1.2
MPLAD-3701,Shri Amit Shah,Gujarat,GANDHINAGAR,147000000.0,Solar Street Lighting,Vendor_013,693883.1,693883.1,682510.12,6695884.41,253,0,0,0,0,,0,1.6,0,0.001756099713102814,0.002,Low,0.46
MPLAD-3702,Shri Amit Shah,Gujarat,GANDHINAGAR,147000000.0,School Building,Vendor_022,4248514.1,4248514.1,4224905.36,10944398.52,122,0,0,0,0,,0,0.6,1,0.00010921816225357707,0.4,Medium,0.85
MPLAD-3703,Shri Amit Shah,Gujarat,GANDHINAGAR,147000000.0,School Building,Vendor_002,8027145.1,8027145.1,7896857.5,18971543.62,108,0,0,0,0,,0,1.6,0,0.2938737522516653,0.294,Low,1.61
MPLAD-3704,Shri Amit Shah,Gujarat,GANDHINAGAR,147000000.0,Road Construction,Vendor_020,6507859.87,6507859.87,6637193.11,25479403.48,159,0,0,0,0,,0,2.0,0,0.6759776086736904,0.676,High,1.86
MPLAD-3705,Shri Amit Shah,Gujarat,GANDHINAGAR,147000000.0,Solar Street Lighting,Vendor_014,1480606.16,1480606.16,1489710.85,26960009.64,118,0,0,0,0,,0,0.6,0,0.005080082801787984,0.005,Low,0.99
MPLAD-3706,Shri Amit Shah,Gujarat,GANDHINAGAR,147000000.0,Sports Infrastructure,Vendor_001,3587381.86,3587381.86,3549488.07,30547391.5,183,0,0,0,0,,0,1.1,0,0.006581757148567133,0.007,Low,1.2
MPLAD-3707,Shri Anil Firojiya,Madhya Pradesh,UJJAIN(SC),147000000.0,Solar Street Lighting,Vendor_018,1569412.38,1569412.38,1580096.89,1569412.38,191,0,1,0,0,DUPGRP-3707,0,0.7,0,0.008731575847618488,0.75,High,1.05
MPLAD-3708,Shri Anil Firojiya,Madhya Pradesh,UJJAIN(SC),147000000.0,Solar Street Lighting,Vendor_018,1621483.27,1621483.27,1652332.88,3190895.65,184,0,1,0,0,DUPGRP-3707,0,1.9,0,0.00946902939030017,0.75,High,1.08
MPLAD-3709,Shri Anil Firojiya,Madhya Pradesh,UJJAIN(SC),147000000.0,Solar Street Lighting,Vendor_010,1635730.59,1635730.59,1623968.38,4826626.25,118,0,0,0,0,,0,0.7,0,0.0076705834024156224,0.008,Low,1.09
MPLAD-3710,Shri Anil Firojiya,Madhya Pradesh,UJJAIN(SC),147000000.0,Community Hall,Vendor_022,3500877.51,3500877.51,3489471.78,8327503.75,147,0,0,0,0,,0,0.3,1,0.009585011624980318,0.4,Medium,1.25
MPLAD-3711,Shri Arjun Ram Meghwal,Rajasthan,BIKANER(SC),147000000.0,School Building,Vendor_024,5438726.28,5438726.28,5398797.87,5438726.28,158,0,0,0,0,,0,0.7,0,0.0010515939100754527,0.001,Low,1.09
MPLAD-3712,Shri Arjun Ram Meghwal,Rajasthan,BIKANER(SC),147000000.0,Community Hall,Vendor_011,2087063.54,2087063.54,2077586.58,7525789.82,135,0,0,0,0,,0,0.5,0,0.0005038953955906027,0.001,Low,0.75
MPLAD-3713,Shri Arjun Ram Meghwal,Rajasthan,BIKANER(SC),147000000.0,Sports Infrastructure,Vendor_011,2750059.34,2750059.34,2730336.36,10275849.16,203,0,0,0,0,,0,0.7,0,0.0007335184257036841,0.001,Low,0.92
MPLAD-3714,Shri Arjun Ram Meghwal,Rajasthan,BIKANER(SC),147000000.0,Drinking Water Supply,Vendor_025,2805210.34,2805210.34,2755884.86,13081059.49,145,0,0,0,0,,0,1.8,0,0.014462707102375745,0.014,Low,1.28
MPLAD-3715,Shri Arun Kumar Sagar,Uttar Pradesh,SHAHJAHANPUR(SC),147000000.0,Solar Street Lighting,Vendor_023,2059695.12,2059695.12,2086071.09,2059695.12,159,0,0,0,0,,0,1.3,0,0.027661488062372525,0.028,Low,1.37
MPLAD-3716,Shri Arun Kumar Sagar,Uttar Pradesh,SHAHJAHANPUR(SC),147000000.0,Solar Street Lighting,Vendor_010,1743902.72,1743902.72,1766216.09,3803597.84,172,0,1,0,0,DUPGRP-3716,0,1.3,0,0.012144449074051948,0.75,High,1.16
MPLAD-3717,Shri Arun Kumar Sagar,Uttar Pradesh,SHAHJAHANPUR(SC),147000000.0,Solar Street Lighting,Vendor_010,1691803.98,1691803.98,1708839.89,5495401.82,161,0,1,0,0,DUPGRP-3716,0,1.0,0,0.009578395013010645,0.75,High,1.13
MPLAD-3718,Shri Arun Kumar Sagar,Uttar Pradesh,SHAHJAHANPUR(SC),147000000.0,Community Hall,Vendor_022,2418680.89,2418680.89,2420229.36,7914082.7,197,0,0,0,0,,0,0.1,1,0.00041381503708751887,0.4,Medium,0.86
MPLAD-3719,Shri Arun Kumar Sagar,Uttar Pradesh,SHAHJAHANPUR(SC),147000000.0,Community Hall,Vendor_003,3103228.33,3103228.33,3106537.6,11017311.04,228,0,0,0,0,,0,0.1,0,0.0020799811887466436,0.002,Low,1.11
MPLAD-3720,Shri Arun Kumar Sagar,Uttar Pradesh,SHAHJAHANPUR(SC),147000000.0,Road Construction,Vendor_025,3984678.23,3984678.23,4008765.73,15001989.27,185,0,0,0,0,,0,0.6,0,0.002634499601087254,0.003,Low,1.14
MPLAD-3721,Shri Arun Kumar Sagar,Uttar Pradesh,SHAHJAHANPUR(SC),147000000.0,Solar Street Lighting,Vendor_009,864355.07,864355.07,869974.2,15866344.33,204,0,0,0,0,,0,0.7,0,0.001363427600665695,0.001,Low,0.58
MPLAD-3722,Shri B Y Raghavendra,Karnataka,SHIMOGA,147000000.0,Health Sub-Centre,Vendor_009,3246499.28,3246499.28,3226167.29,3246499.28,126,0,0,0,0,,0,0.6,0,7.315909955682326e-05,0.0,Low,0.77
MPLAD-3723,Shri B Y Raghavendra,Karnataka,SHIMOGA,147000000.0,Community Hall,Vendor_005,3535736.48,3535736.48,3521683.63,6782235.76,209,0,0,0,0,,0,0.4,0,0.005350246543775969,0.005,Low,1.26
MPLAD-3724,Shri B Y Raghavendra,Karnataka,SHIMOGA,147000000.0,Road Construction,Vendor_011,2607968.0,2607968.0,2578445.56,9390203.76,155,0,0,0,0,,0,1.1,0,8.979805844338708e-05,0.0,Low,0.75
MPLAD-3725,Shri Benny Behanan,Kerala,CHALAKUDY,164674770.11,Solar Street Lighting,Vendor_004,508182.95,508182.95,500499.43,508182.95,214,0,0,0,0,,0,1.5,1,0.0006024020954439227,0.4,Medium,0.34
MPLAD-3726,Shri Benny Behanan,Kerala,CHALAKUDY,164674770.11,School Building,Vendor_007,3498293.66,3498293.66,3518033.32,4006476.62,276,0,0,1,0,,0,0.6,0,0.00011259473997580666,0.0,Low,0.7
MPLAD-3727,Shri Benny Behanan,Kerala,CHALAKUDY,164674770.11,Solar Street Lighting,Vendor_005,1788096.38,1788096.38,2182415.95,5794572.99,263,0,0,0,1,,0,22.1,0,0.02969376873726192,0.701,High,1.19
MPLAD-3728,Shri Benny Behanan,Kerala,CHALAKUDY,164674770.11,Sports Infrastructure,Vendor_009,5490692.47,5490692.47,5391120.46,11285265.46,73,1,0,0,0,,0,1.8,0,0.632255861274395,0.632,Medium,1.83
MPLAD-3729,Shri Benny Behanan,Kerala,CHALAKUDY,164674770.11,Road Construction,Vendor_011,5596387.64,5596387.64,5680642.02,16881653.1,145,0,0,0,0,,0,1.5,0,0.16377805615002594,0.164,Low,1.6
MPLAD-3730,Shri Benny Behanan,Kerala,CHALAKUDY,164674770.11,Sports Infrastructure,Vendor_016,4646283.38,4646283.38,4689265.41,21527936.48,113,0,0,0,0,,0,0.9,0,0.16236591888282492,0.162,Low,1.55
MPLAD-3731,Shri Bhartruhari Mahtab,Odisha,CUTTACK,147000000.0,Health Sub-Centre,Vendor_009,10585131.77,10585131.77,10674325.21,10585131.77,262,1,0,0,0,,0,0.8,0,0.9930342549452894,0.993,High,2.52
MPLAD-3732,Shri Bhartruhari Mahtab,Odisha,CUTTACK,147000000.0,School Building,Vendor_008,3520629.92,3520629.92,3463137.19,14105761.69,129,0,1,0,0,DUPGRP-3732,0,1.6,0,2.2818098682256933e-05,0.75,High,0.7
MPLAD-3733,Shri Bhartruhari Mahtab,Odisha,CUTTACK,147000000.0,School Building,Vendor_008,3470352.14,3470352.14,3451851.09,17576113.83,117,0,1,0,0,DUPGRP-3732,0,0.5,0,2.687008187857558e-05,0.75,High,0.69
MPLAD-3734,Shri Bhartruhari Mahtab,Odisha,CUTTACK,147000000.0,School Building,Vendor_023,4587226.34,4587226.34,4625172.04,22163340.17,160,0,0,0,0,,0,0.8,0,0.0001485360835672304,0.0,Low,0.92
MPLAD-3735,Shri Chandra Prakash Choudhary,Jharkhand,GIRIDIH,147000000.0,School Building,Vendor_017,4442849.06,4442849.06,4393404.69,4442849.06,190,0,0,0,0,,0,1.1,1,0.00011204259966374764,0.4,Medium,0.89
MPLAD-3736,Shri Chandra Prakash Choudhary,Jharkhand,GIRIDIH,147000000.0,Sports Infrastructure,Vendor_016,1563552.26,1563552.26,1552505.44,6006401.33,144,0,1,0,0,DUPGRP-3736,0,0.7,0,5.688651154966723e-05,0.75,High,0.52
MPLAD-3737,Shri Chandra Prakash Choudhary,Jharkhand,GIRIDIH,147000000.0,Sports Infrastructure,Vendor_016,1618808.59,1618808.59,1608466.77,7625209.92,157,0,1,0,0,DUPGRP-3736,0,0.6,0,5.4934823389071036e-05,0.75,High,0.54
MPLAD-3738,Shri Chandra Prakash Choudhary,Jharkhand,GIRIDIH,147000000.0,Road Construction,Vendor_022,5362854.28,5362854.28,5389319.06,12988064.2,132,0,1,0,0,DUPGRP-3738,0,0.5,1,0.10082868235982152,1.0,High,1.53
MPLAD-3739,Shri Chandra Prakash Choudhary,Jharkhand,GIRIDIH,147000000.0,Road Construction,Vendor_022,5533586.26,5533586.26,5434855.45,18521650.45,144,0,1,0,0,DUPGRP-3738,0,1.8,1,0.14270000146411652,1.0,High,1.58
MPLAD-3740,Shri Chandra Prakash Choudhary,Jharkhand,GIRIDIH,147000000.0,Sports Infrastructure,Vendor_007,3837209.49,3837209.49,3869485.37,22358859.94,223,0,0,0,0,,0,0.8,0,0.011689798298786486,0.012,Low,1.28
MPLAD-3741,Shri Chandra Prakash Choudhary,Jharkhand,GIRIDIH,147000000.0,Community Hall,Vendor_022,1749903.59,1749903.59,1716364.01,24108763.53,162,0,0,0,0,,0,1.9,1,0.0001383767524674373,0.4,Medium,0.62
MPLAD-3742,Shri Chandra Prakash Choudhary,Jharkhand,GIRIDIH,147000000.0,Road Construction,Vendor_009,2593510.95,2593510.95,2564982.19,26702274.48,161,0,0,0,0,,0,1.1,0,8.398202714640592e-05,0.0,Low,0.74
MPLAD-3743,Shri Chandra Prakash Choudhary,Jharkhand,GIRIDIH,147000000.0,Drinking Water Supply,Vendor_019,1614693.39,1614693.39,1591590.2,28316967.87,191,0,0,0,0,,0,1.4,0,0.0004070250139285311,0.0,Low,0.73
MPLAD-3744,Shri Deepak (Dev) Adhikari,West Bengal,GHATAL,200747364.0,Sports Infrastructure,Vendor_022,4258857.11,4258857.11,4273525.83,4258857.11,198,0,0,0,0,,0,0.3,1,0.03746785579843596,0.4,Medium,1.42
MPLAD-3745,Shri Deepak (Dev) Adhikari,West Bengal,GHATAL,200747364.0,Road Construction,Vendor_017,2990645.24,2990645.24,2981328.97,7249502.36,161,0,0,0,0,,0,0.3,1,0.00021357567064122433,0.4,Medium,0.85
MPLAD-3746,Shri Deepak (Dev) Adhikari,West Bengal,GHATAL,200747364.0,Community Hall,Vendor_022,2342849.92,2342849.92,2775584.08,9592352.28,149,0,0,0,1,,0,18.5,1,0.0006315606224867348,1.0,High,0.84
MPLAD-3747,Shri Deepak (Dev) Adhikari,West Bengal,GHATAL,200747364.0,Community Hall,Vendor_012,3828950.56,3828950.56,3822558.59,13421302.84,283,0,0,1,0,,0,0.2,0,0.018143929788120943,0.018,Low,1.37
MPLAD-3748,Shri Deepak (Dev) Adhikari,West Bengal,GHATAL,200747364.0,School Building,Vendor_005,4032996.53,4032996.53,4059067.67,17454299.37,173,0,0,0,0,,0,0.6,0,4.348481892240567e-05,0.0,Low,0.81
MPLAD-3749,Shri Gurjeet Singh Aujla,Punjab,AMRITSAR,147000000.0,Road Construction,Vendor_021,4574766.97,4574766.97,4594057.22,4574766.97,177,0,0,0,0,,0,0.4,0,0.012126724381325532,0.012,Low,1.31
MPLAD-3750,Shri Gurjeet Singh Aujla,Punjab,AMRITSAR,147000000.0,Sports Infrastructure,Vendor_017,6257739.74,6257739.74,6160484.98,10832506.7,211,1,1,0,0,DUPGRP-3750,0,1.6,1,0.8759133387443511,1.0,High,2.09
MPLAD-3751,Shri Gurjeet Singh Aujla,Punjab,AMRITSAR,147000000.0,Sports Infrastructure,Vendor_017,6238690.2,6238690.2,6334543.98,17071196.9,206,0,1,0,0,DUPGRP-3750,0,1.5,1,0.8784951453704842,1.0,High,2.08
MPLAD-3752,Shri Gurjeet Singh Aujla,Punjab,AMRITSAR,147000000.0,School Building,Vendor_018,5355834.45,5355834.45,5301217.02,22427031.35,97,0,0,0,0,,0,1.0,0,0.001689913666240734,0.002,Low,1.07
MPLAD-3753,Shri Gurjeet Singh Aujla,Punjab,AMRITSAR,147000000.0,Community Hall,Vendor_017,3304267.75,3304267.75,3363282.77,25731299.1,270,0,0,0,0,,0,1.8,1,0.00543209907164176,0.4,Medium,1.18
MPLAD-3754,Shri Gurjeet Singh Aujla,Punjab,AMRITSAR,147000000.0,Solar Street Lighting,Vendor_003,1000593.14,1000593.14,985054.05,26731892.24,192,0,0,0,0,,0,1.6,0,0.0017226472489467234,0.002,Low,0.67
MPLAD-3755,Shri Gurjeet Singh Aujla,Punjab,AMRITSAR,147000000.0,Community Hall,Vendor_010,4818188.04,4818188.04,4839028.68,31550080.29,166,0,1,0,0,DUPGRP-3755,0,0.4,0,0.1598956222732327,0.75,High,1.72
MPLAD-3756,Shri Gurjeet Singh Aujla,Punjab,AMRITSAR,147000000.0,Community Hall,Vendor_010,4712458.91,4712458.91,4744240.18,36262539.19,154,0,1,0,0,DUPGRP-3755,0,0.7,0,0.14697572446177423,0.75,High,1.68
MPLAD-3757,Shri Gurjeet Singh Aujla,Punjab,AMRITSAR,147000000.0,Drinking Water Supply,Vendor_023,1181495.05,1181495.05,1165412.05,37444034.25,243,0,0,0,0,,0,1.4,0,0.000338195309444097,0.0,Low,0.54
MPLAD-3758,Shri Gurjeet Singh Aujla,Punjab,AMRITSAR,147000000.0,Community Hall,Vendor_017,5505107.3,5505107.3,5427026.41,42949141.55,185,1,1,0,0,DUPGRP-3758,0,1.4,1,0.4577741584968537,1.0,High,1.97
MPLAD-3759,Shri Gurjeet Singh Aujla,Punjab,AMRITSAR,147000000.0,Community Hall,Vendor_017,5588607.57,5588607.57,5643520.29,48537749.12,175,0,1,0,0,DUPGRP-3758,0,1.0,1,0.5386752040959523,1.0,High,2.0
MPLAD-3760,Shri Hanuman Beniwal,Rajasthan,NAGAUR,147000000.0,Community Hall,Vendor_004,2925200.19,2925200.19,2980108.45,2925200.19,123,0,0,0,0,,0,1.9,1,0.004193578577088579,0.4,Medium,1.04
MPLAD-3761,Shri Hanuman Beniwal,Rajasthan,NAGAUR,147000000.0,School Building,Vendor_019,5061524.46,5061524.46,5107509.36,7986724.64,120,0,0,0,0,,0,0.9,0,0.0006251608437886512,0.001,Low,1.01
MPLAD-3762,Shri Hanuman Beniwal,Rajasthan,NAGAUR,147000000.0,Road Construction,Vendor_023,2990190.82,2990190.82,3007142.9,10976915.46,118,0,0,0,0,,0,0.6,0,0.00037111991255045127,0.0,Low,0.85
MPLAD-3763,Shri Hanuman Beniwal,Rajasthan,NAGAUR,147000000.0,Health Sub-Centre,Vendor_022,3513876.47,3513876.47,3583705.76,14490791.93,163,0,0,0,0,,0,2.0,1,0.00011618071628642377,0.4,Medium,0.84
MPLAD-3764,Shri Hanuman Beniwal,Rajasthan,NAGAUR,147000000.0,Road Construction,Vendor_025,3071744.73,3071744.73,3012075.5,17562536.67,203,0,0,0,0,,0,1.9,0,0.0003075408009609621,0.0,Low,0.88
MPLAD-3765,Shri Hibi Eden,Kerala,ERNAKULAM,162177260.11,Drinking Water Supply,Vendor_017,2663665.0,2663665.0,2612551.54,2663665.0,127,0,0,0,0,,0,1.9,1,0.01196936047536301,0.4,Medium,1.21
MPLAD-3766,Shri Hibi Eden,Kerala,ERNAKULAM,162177260.11,School Building,Vendor_006,11237824.48,11237824.48,11391976.85,13901489.48,250,1,0,0,0,,0,1.4,0,0.9808183710531373,0.981,High,2.25
MPLAD-3767,Shri Hibi Eden,Kerala,ERNAKULAM,162177260.11,Solar Street Lighting,Vendor_008,697183.3,697183.3,705262.47,14598672.78,175,0,0,0,0,,0,1.2,0,0.0006315254851802149,0.001,Low,0.46
MPLAD-3768,Shri Hibi Eden,Kerala,ERNAKULAM,162177260.11,Sports Infrastructure,Vendor_002,1469869.07,1469869.07,1469165.49,16068541.85,75,0,0,0,0,,0,0.0,0,0.0002804383097175478,0.0,Low,0.49
MPLAD-3769,Shri Hibi Eden,Kerala,ERNAKULAM,162177260.11,Health Sub-Centre,Vendor_011,2161895.95,2161895.95,2175530.79,18230437.8,186,0,0,0,0,,0,0.6,0,1.056646665813058e-05,0.0,Low,0.51
MPLAD-3770,Shri Janardan Singh Sigriwal,Bihar,MAHARAJGANJ_BR,147000000.0,Road Construction,Vendor_017,2875003.09,2875003.09,2865301.86,2875003.09,240,0,0,0,0,,0,0.3,1,0.0003557577944316569,0.4,Medium,0.82
MPLAD-3771,Shri Janardan Singh Sigriwal,Bihar,MAHARAJGANJ_BR,147000000.0,Road Construction,Vendor_008,6083174.79,6083174.79,5987650.58,8958177.88,170,1,0,0,0,,0,1.6,0,0.40911745692634405,0.409,Medium,1.74
MPLAD-3772,Shri Janardan Singh Sigriwal,Bihar,MAHARAJGANJ_BR,147000000.0,Health Sub-Centre,Vendor_008,3898048.91,3898048.91,3830152.35,12856226.79,241,0,0,0,0,,0,1.7,0,0.000970121789337249,0.001,Low,0.93
MPLAD-3773,Shri Janardan Singh Sigriwal,Bihar,MAHARAJGANJ_BR,147000000.0,School Building,Vendor_023,8614622.14,8614622.14,8724232.84,21470848.94,92,1,0,0,0,,0,1.3,0,0.5420084571303847,0.542,Medium,1.72
MPLAD-3774,Shri Janardan Singh Sigriwal,Bihar,MAHARAJGANJ_BR,147000000.0,Health Sub-Centre,Vendor_006,10820158.85,10820158.85,10837825.13,32291007.78,116,1,0,0,0,,0,0.2,0,0.9939898718197467,0.994,High,2.58
MPLAD-3775,Shri Janardan Singh Sigriwal,Bihar,MAHARAJGANJ_BR,147000000.0,Community Hall,Vendor_017,5628731.9,5628731.9,6571944.73,37919739.69,144,1,1,0,1,DUPGRP-3775,0,16.8,1,0.6514747729049528,1.0,High,2.01
MPLAD-3776,Shri Janardan Singh Sigriwal,Bihar,MAHARAJGANJ_BR,147000000.0,Community Hall,Vendor_017,5795175.39,5795175.39,5882674.42,43714915.08,155,0,1,0,0,DUPGRP-3775,0,1.5,1,0.7110621714308023,1.0,High,2.07
MPLAD-3777,Shri Janardan Singh Sigriwal,Bihar,MAHARAJGANJ_BR,147000000.0,Sports Infrastructure,Vendor_010,3088110.16,3088110.16,3099778.78,46803025.24,82,0,0,0,0,,0,0.4,0,0.006348834019929454,0.006,Low,1.03
MPLAD-3778,Shri Jual Oram SUNDARGARH,Odisha,(ST),173096756.91,Health Sub-Centre,Vendor_023,4913557.63,4913557.63,4976459.38,4913557.63,196,0,0,0,0,,0,1.3,0,0.0039010710648274033,0.004,Low,1.17
MPLAD-3779,Shri Jual Oram SUNDARGARH,Odisha,(ST),173096756.91,Road Construction,Vendor_015,3843533.87,3843533.87,3879247.1,8757091.49,288,0,0,1,0,,0,0.9,0,0.006414523472289239,0.006,Low,1.1
MPLAD-3780,Shri Jual Oram SUNDARGARH,Odisha,(ST),173096756.91,Community Hall,Vendor_017,3497919.06,3497919.06,3434171.44,12255010.55,226,0,0,0,0,,0,1.8,1,0.00502214707174141,0.4,Medium,1.25
MPLAD-3781,Shri Jugal Kishore Sharma,Jammu And Kashmir,JAMMU,147000000.0,Road Construction,Vendor_022,2834111.76,2834111.76,2858216.1,2834111.76,150,0,0,0,0,,0,0.9,1,0.0001578075128889976,0.4,Medium,0.81
MPLAD-3782,Shri Jugal Kishore Sharma,Jammu And Kashmir,JAMMU,147000000.0,Health Sub-Centre,Vendor_017,7471640.52,7471640.52,7578757.03,10305752.28,138,0,0,0,0,,0,1.4,1,0.448553371256094,0.449,Medium,1.78
MPLAD-3783,Shri Jugal Kishore Sharma,Jammu And Kashmir,JAMMU,147000000.0,Community Hall,Vendor_017,2105806.47,2105806.47,2146412.78,12411558.75,134,0,0,0,0,,0,1.9,1,0.0005376756454993811,0.4,Medium,0.75
MPLAD-3784,Shri Jyotirmay Singh Mahato,West Bengal,PURULIA,147000000.0,Road Construction,Vendor_002,5205752.46,5205752.46,5195304.16,5205752.46,82,0,0,0,0,,0,0.2,0,0.11332299566439157,0.113,Low,1.49
MPLAD-3785,Shri Jyotirmay Singh Mahato,West Bengal,PURULIA,147000000.0,Sports Infrastructure,Vendor_010,4163486.08,4163486.08,4142366.12,9369238.54,220,0,0,0,0,,0,0.5,0,0.02690365857937612,0.027,Low,1.39
MPLAD-3786,Shri Jyotirmay Singh Mahato,West Bengal,PURULIA,147000000.0,Solar Street Lighting,Vendor_015,2084135.46,2084135.46,2074988.51,11453374.0,150,0,0,0,0,,0,0.4,0,0.027944308722979715,0.028,Low,1.39
MPLAD-3787,Shri Jyotirmay Singh Mahato,West Bengal,PURULIA,147000000.0,School Building,Vendor_003,6001049.31,6001049.31,6100513.95,17454423.31,187,0,0,0,0,,0,1.7,0,0.003981500139788026,0.004,Low,1.2
MPLAD-3788,Shri Jyotirmay Singh Mahato,West Bengal,PURULIA,147000000.0,Solar Street Lighting,Vendor_017,2013441.44,2013441.44,2564772.88,19467864.75,198,0,0,0,1,,0,27.4,1,0.03449183417175944,1.0,High,1.34
MPLAD-3789,Shri Jyotirmay Singh Mahato,West Bengal,PURULIA,147000000.0,Road Construction,Vendor_022,6989379.0,6989379.0,8920966.68,26457243.76,223,0,0,0,1,,0,27.6,1,0.8593393695073128,1.0,High,2.0
MPLAD-3790,Shri Jyotirmay Singh Mahato,West Bengal,PURULIA,147000000.0,Solar Street Lighting,Vendor_009,1449414.47,1449414.47,1436438.38,27906658.23,66,0,0,0,0,,0,0.9,0,0.009421691467028707,0.009,Low,0.97
MPLAD-3791,Shri Jyotirmay Singh Mahato,West Bengal,PURULIA,147000000.0,Community Hall,Vendor_025,820383.09,820383.09,804629.51,28727041.32,124,0,0,0,0,,0,1.9,0,6.236827566048735e-05,0.0,Low,0.29
MPLAD-3792,Shri Karti P Chidambaram,Tamil Nadu,SIVAGANGA,159049284.11,Sports Infrastructure,Vendor_005,2904320.5,2904320.5,2949764.65,2904320.5,120,0,0,0,0,,0,1.6,0,0.0019859418720025567,0.002,Low,0.97
MPLAD-3793,Shri Karti P Chidambaram,Tamil Nadu,SIVAGANGA,159049284.11,Sports Infrastructure,Vendor_003,2324603.51,2324603.51,2367841.16,5228924.02,258,0,1,0,0,DUPGRP-3793,0,1.9,0,0.00044557831474767277,0.75,High,0.77
MPLAD-3794,Shri Karti P Chidambaram,Tamil Nadu,SIVAGANGA,159049284.11,Sports Infrastructure,Vendor_003,2315982.25,2315982.25,2327721.5,7544906.27,271,0,1,1,0,DUPGRP-3793,0,0.5,0,0.0005280674020616165,0.75,High,0.77
MPLAD-3795,Shri Karti P Chidambaram,Tamil Nadu,SIVAGANGA,159049284.11,Road Construction,Vendor_005,3162101.83,3162101.83,3123102.29,10707008.1,183,0,0,0,0,,0,1.2,0,0.0003271924554916375,0.0,Low,0.9
MPLAD-3796,Shri Karti P Chidambaram,Tamil Nadu,SIVAGANGA,159049284.11,Road Construction,Vendor_004,3900082.98,3900082.98,3895886.63,14607091.08,252,0,0,0,0,,0,0.1,1,0.004202775645954762,0.4,Medium,1.11
MPLAD-3797,Shri Karti P Chidambaram,Tamil Nadu,SIVAGANGA,159049284.11,Health Sub-Centre,Vendor_017,4941835.77,4941835.77,4888751.2,19548926.86,235,0,0,0,0,,0,1.1,1,0.007690154143249433,0.4,Medium,1.18
MPLAD-3798,Shri Kumbakudi Sudhakaran,Kerala,KANNUR,147000000.0,Sports Infrastructure,Vendor_017,574810.85,574810.85,566107.34,574810.85,221,0,1,0,0,DUPGRP-3798,0,1.5,1,8.826094302563733e-06,1.0,High,0.19
MPLAD-3799,Shri Kumbakudi Sudhakaran,Kerala,KANNUR,147000000.0,Sports Infrastructure,Vendor_006,578452.69,578452.69,576554.91,1153263.54,232,0,1,0,0,DUPGRP-3798,0,0.3,0,1.1011772106253663e-05,0.75,High,0.19
MPLAD-3800,Shri Kumbakudi Sudhakaran,Kerala,KANNUR,147000000.0,Sports Infrastructure,Vendor_006,3698049.26,3698049.26,3719345.25,4851312.8,240,0,0,0,0,,0,0.6,0,0.008243200290837168,0.008,Low,1.23
MPLAD-3801,Shri Kumbakudi Sudhakaran,Kerala,KANNUR,147000000.0,Community Hall,Vendor_004,1787609.53,1787609.53,1804327.87,6638922.32,138,0,0,0,0,,0,0.9,1,0.0002514116044920197,0.4,Medium,0.64
MPLAD-3802,Shri Kumbakudi Sudhakaran,Kerala,KANNUR,147000000.0,Community Hall,Vendor_010,3198477.99,3198477.99,3248596.28,9837400.31,182,0,0,0,0,,0,1.6,0,0.0027673155961745895,0.003,Low,1.14
MPLAD-3803,Shri Kumbakudi Sudhakaran,Kerala,KANNUR,147000000.0,Solar Street Lighting,Vendor_005,1470735.21,1470735.21,1449879.68,11308135.52,231,0,0,0,0,,0,1.4,0,0.01019863362067955,0.01,Low,0.98
MPLAD-3804,Shri Kumbakudi Sudhakaran,Kerala,KANNUR,147000000.0,School Building,Vendor_014,5090096.56,5090096.56,5129682.23,16398232.08,173,0,0,0,0,,0,0.8,0,0.00045629666391807066,0.0,Low,1.02
MPLAD-3805,Shri Kumbakudi Sudhakaran,Kerala,KANNUR,147000000.0,Sports Infrastructure,Vendor_013,2638464.05,2638464.05,2612860.91,19036696.13,155,0,0,0,0,,0,1.0,0,0.0006390325851412988,0.001,Low,0.88
MPLAD-3806,Shri LS Tejasvi Surya BANGALORE,Karnataka,SOUTH,147000000.0,Health Sub-Centre,Vendor_003,1613210.87,1613210.87,1601882.94,1613210.87,257,0,1,0,0,DUPGRP-3806,0,0.7,0,3.0159436185389105e-05,0.75,High,0.38
MPLAD-3807,Shri LS Tejasvi Surya BANGALORE,Karnataka,SOUTH,147000000.0,Health Sub-Centre,Vendor_023,1597626.11,1597626.11,1573828.63,3210836.97,244,0,1,0,0,DUPGRP-3806,0,1.5,0,1.869834368941139e-05,0.75,High,0.38
MPLAD-3808,Shri LS Tejasvi Surya BANGALORE,Karnataka,SOUTH,147000000.0,Road Construction,Vendor_007,4962329.81,4962329.81,5026457.5,8173166.78,158,0,0,0,0,,0,1.3,0,0.033791219692400336,0.034,Low,1.42
MPLAD-3809,Shri LS Tejasvi Surya BANGALORE,Karnataka,SOUTH,147000000.0,School Building,Vendor_010,5526743.01,5526743.01,5615540.93,13699909.8,60,0,0,0,0,,0,1.6,0,0.0047756437256579205,0.005,Low,1.11
MPLAD-3810,Shri LS Tejasvi Surya BANGALORE,Karnataka,SOUTH,147000000.0,School Building,Vendor_019,11046370.82,11046370.82,13355138.56,24746280.62,292,1,0,1,1,,0,20.9,0,0.9255377437594774,0.926,High,2.21
MPLAD-3811,Shri LS Tejasvi Surya BANGALORE,Karnataka,SOUTH,147000000.0,Drinking Water Supply,Vendor_014,4476453.22,4476453.22,4543710.68,29222733.84,255,1,0,0,0,,0,1.5,0,0.6937616368563391,0.694,High,2.03
MPLAD-3812,Shri M K Raghavan,Kerala,KOZHIKODE,147000000.0,School Building,Vendor_022,6540971.01,6540971.01,6501054.96,6540971.01,83,0,0,0,0,,0,0.6,1,0.021954328212997976,0.4,Medium,1.31
MPLAD-3813,Shri M K Raghavan,Kerala,KOZHIKODE,147000000.0,Health Sub-Centre,Vendor_019,10901263.37,10901263.37,11108376.28,17442234.38,192,1,0,0,0,,0,1.9,0,0.9978276894050653,0.998,High,2.6
MPLAD-3814,Shri M K Raghavan,Kerala,KOZHIKODE,147000000.0,School Building,Vendor_007,6035002.16,6035002.16,6088095.61,23477236.54,230,0,0,0,0,,0,0.9,0,0.005465043035440859,0.005,Low,1.21
MPLAD-3815,Shri M K Raghavan,Kerala,KOZHIKODE,147000000.0,Drinking Water Supply,Vendor_017,2089855.85,2089855.85,2060238.96,25567092.39,133,0,0,0,0,,0,1.4,1,0.0023490230930792813,0.4,Medium,0.95
MPLAD-3816,Shri M K Raghavan,Kerala,KOZHIKODE,147000000.0,School Building,Vendor_012,14688026.56,14688026.56,14950338.75,40255118.95,217,1,0,0,0,,0,1.8,0,0.9986442627562951,0.999,High,2.94
MPLAD-3817,Shri M K Raghavan,Kerala,KOZHIKODE,147000000.0,Health Sub-Centre,Vendor_019,3449494.08,3449494.08,3449687.68,43704613.02,261,0,0,0,0,,0,0.0,0,0.0006637785687317516,0.001,Low,0.82
MPLAD-3818,Shri M K Raghavan,Kerala,KOZHIKODE,147000000.0,School Building,Vendor_017,3924104.14,3924104.14,3894221.76,47628717.16,173,0,0,0,0,,0,0.8,1,3.45848447340735e-05,0.4,Medium,0.78
MPLAD-3819,Shri M K Raghavan,Kerala,KOZHIKODE,147000000.0,School Building,Vendor_003,3378566.34,3378566.34,3354510.12,51007283.5,76,0,0,0,0,,0,0.7,0,8.171798472499583e-05,0.0,Low,0.68
MPLAD-3820,Shri Narendra Modi,Uttar Pradesh,VARANASI,162070276.11,School Building,Vendor_022,7592046.8,7592046.8,7743521.14,7592046.8,276,0,0,1,0,,0,2.0,1,0.123585433687639,0.4,Medium,1.52
MPLAD-3821,Shri Narendra Modi,Uttar Pradesh,VARANASI,162070276.11,Drinking Water Supply,Vendor_015,1764009.79,1764009.79,2348206.53,9356056.59,193,0,0,0,1,,0,33.1,0,0.0006134178722351544,0.811,High,0.8
MPLAD-3822,Shri Narendra Modi,Uttar Pradesh,VARANASI,162070276.11,Road Construction,Vendor_008,2698220.97,2698220.97,2693408.22,12054277.56,238,0,0,0,0,,0,0.2,0,0.0002341833921800343,0.0,Low,0.77
MPLAD-3823,Shri Narendra Modi,Uttar Pradesh,VARANASI,162070276.11,Community Hall,Vendor_023,4329477.99,4329477.99,4350102.66,16383755.55,154,0,0,0,0,,0,0.5,0,0.06205879892705158,0.062,Low,1.55
MPLAD-3824,Shri Narendra Modi,Uttar Pradesh,VARANASI,162070276.11,Health Sub-Centre,Vendor_025,7531746.92,7531746.92,7525997.99,23915502.47,133,1,0,0,0,,0,0.1,0,0.46871854628636705,0.469,Medium,1.79
MPLAD-3825,Shri NK Premachandran,Kerala,KOLLAM,171477994.11,Drinking Water Supply,Vendor_022,1396439.09,1396439.09,1407112.92,1396439.09,140,0,0,0,0,,0,0.8,1,0.0003455045693957953,0.4,Medium,0.63
MPLAD-3826,Shri NK Premachandran,Kerala,KOLLAM,171477994.11,Sports Infrastructure,Vendor_024,5179398.82,5179398.82,5194946.79,6575837.91,172,1,0,0,0,,0,0.3,0,0.3669674487004957,0.367,Medium,1.73
MPLAD-3827,Shri NK Premachandran,Kerala,KOLLAM,171477994.11,Solar Street Lighting,Vendor_012,889742.02,889742.02,1134173.43,7465579.93,131,0,0,0,1,,0,27.5,0,0.0009971852410522266,0.755,High,0.59
MPLAD-3828,Shri PP Chaudhary,Rajasthan,PALI,147000000.0,Health Sub-Centre,Vendor_002,10084736.09,10084736.09,9923286.74,10084736.09,149,1,0,0,0,,0,1.6,0,0.9913191337836947,0.991,High,2.4
MPLAD-3829,Shri PP Chaudhary,Rajasthan,PALI,147000000.0,School Building,Vendor_017,4740392.68,4740392.68,4754291.01,14825128.77,142,0,0,0,0,,0,0.3,1,0.00023604333241092435,0.4,Medium,0.95
MPLAD-3830,Shri PP Chaudhary,Rajasthan,PALI,147000000.0,Community Hall,Vendor_017,2332460.34,2332460.34,2703651.44,17157589.1,167,0,0,0,1,,0,15.9,1,0.0004455998093904501,1.0,High,0.83
MPLAD-3831,Shri PP Chaudhary,Rajasthan,PALI,147000000.0,Solar Street Lighting,Vendor_010,893051.06,893051.06,890589.28,18050640.17,174,0,1,0,0,DUPGRP-3831,0,0.3,0,0.001072690389075404,0.75,High,0.6
MPLAD-3832,Shri PP Chaudhary,Rajasthan,PALI,147000000.0,Solar Street Lighting,Vendor_010,883434.05,883434.05,887330.9,18934074.22,179,0,1,0,0,DUPGRP-3831,0,0.4,0,0.0010886751542111695,0.75,High,0.59
MPLAD-3833,Shri PP Chaudhary,Rajasthan,PALI,147000000.0,Sports Infrastructure,Vendor_011,3617059.92,3617059.92,3671359.97,22551134.13,250,0,0,0,0,,0,1.5,0,0.0068792275006152575,0.007,Low,1.21
MPLAD-3834,Shri PP Chaudhary,Rajasthan,PALI,147000000.0,Road Construction,Vendor_008,4416635.78,4416635.78,4483887.96,26967769.91,30,0,0,0,0,,0,1.5,0,0.06958887465109254,0.07,Low,1.26
MPLAD-3835,Shri PP Chaudhary,Rajasthan,PALI,147000000.0,Health Sub-Centre,Vendor_004,3477965.72,3477965.72,3532231.58,30445735.63,235,0,0,0,0,,0,1.6,1,0.00036441767044689415,0.4,Medium,0.83
MPLAD-3836,Shri PP Chaudhary,Rajasthan,PALI,147000000.0,Road Construction,Vendor_011,3458321.29,3458321.29,3431907.21,33904056.92,163,0,1,0,0,DUPGRP-3836,0,0.8,0,0.0006705552632939492,0.75,High,0.99
MPLAD-3837,Shri PP Chaudhary,Rajasthan,PALI,147000000.0,Road Construction,Vendor_011,3377362.81,3377362.81,3373890.41,37281419.73,159,0,1,0,0,DUPGRP-3836,0,0.1,0,0.0005550784759852437,0.75,High,0.96
MPLAD-3838,Shri Rajmohan Unnithan,Kerala,KASARAGOD,156754633.11,School Building,Vendor_017,11884166.47,11884166.47,11756907.61,11884166.47,225,1,0,0,0,,0,1.1,1,0.9944011696052012,0.994,High,2.38
MPLAD-3839,Shri Rajmohan Unnithan,Kerala,KASARAGOD,156754633.11,Community Hall,Vendor_001,2755743.28,2755743.28,2778789.85,14639909.76,200,0,0,0,0,,0,0.8,0,0.0008771978113109389,0.001,Low,0.98
MPLAD-3840,Shri Rajmohan Unnithan,Kerala,KASARAGOD,156754633.11,Solar Street Lighting,Vendor_012,3788454.97,3788454.97,4573100.86,18428364.72,192,1,0,0,1,,0,20.7,0,0.8891357621093295,0.889,High,2.53
MPLAD-3841,Shri Rajmohan Unnithan,Kerala,KASARAGOD,156754633.11,Solar Street Lighting,Vendor_025,1980950.69,1980950.69,1994487.31,20409315.41,163,0,0,0,0,,0,0.7,0,0.022650562641800525,0.023,Low,1.32
MPLAD-3842,Shri Rajmohan Unnithan,Kerala,KASARAGOD,156754633.11,Community Hall,Vendor_009,2579441.42,2579441.42,3279235.46,22988756.84,113,0,1,0,1,DUPGRP-3842,0,27.1,0,0.002545253395419574,1.0,High,0.92
MPLAD-3843,Shri Rajmohan Unnithan,Kerala,KASARAGOD,156754633.11,Community Hall,Vendor_009,2673908.13,2673908.13,2640775.91,25662664.96,115,0,1,0,0,DUPGRP-3842,0,1.2,0,0.0029533798413945538,0.75,High,0.95
MPLAD-3844,Shri Rajmohan Unnithan,Kerala,KASARAGOD,156754633.11,School Building,Vendor_014,2891484.79,2891484.79,2883254.07,28554149.75,87,0,0,0,0,,0,0.3,0,2.576215401092614e-05,0.0,Low,0.58
MPLAD-3845,Shri Rajmohan Unnithan,Kerala,KASARAGOD,156754633.11,Solar Street Lighting,Vendor_021,1148131.52,1148131.52,1142640.35,29702281.27,180,0,0,0,0,,0,0.5,0,0.0023124439466423057,0.002,Low,0.77
MPLAD-3846,Shri Rajmohan Unnithan,Kerala,KASARAGOD,156754633.11,Sports Infrastructure,Vendor_011,7478205.57,7478205.57,7475725.51,37180486.84,230,1,0,0,0,,0,0.0,0,0.9877326208037647,0.988,High,2.49
MPLAD-3847,Shri Sarbananda Sonowal (18LS),Assam,DIBRUGARH,147000000.0,School Building,Vendor_003,3950001.89,3950001.89,4715677.96,3950001.89,272,0,0,1,1,,0,19.4,0,0.00020226095935616743,0.674,High,0.79
MPLAD-3848,Shri Sarbananda Sonowal (18LS),Assam,DIBRUGARH,147000000.0,Road Construction,Vendor_023,2764106.63,2764106.63,2817115.74,6714108.52,190,0,0,0,0,,0,1.9,0,0.00013181923133552493,0.0,Low,0.79
MPLAD-3849,Shri Sarbananda Sonowal (18LS),Assam,DIBRUGARH,147000000.0,Community Hall,Vendor_017,4134090.77,4134090.77,4095278.25,10848199.29,94,1,0,0,0,,0,0.9,1,0.0994275647355538,0.4,Medium,1.48
MPLAD-3850,Shri Sarbananda Sonowal (18LS),Assam,DIBRUGARH,147000000.0,Health Sub-Centre,Vendor_009,5081862.42,5081862.42,5104996.36,15930061.71,168,0,0,0,0,,0,0.5,0,0.0041493788831494845,0.004,Low,1.21
MPLAD-3851,Shri Sarbananda Sonowal (18LS),Assam,DIBRUGARH,147000000.0,Health Sub-Centre,Vendor_010,7165384.63,7165384.63,7152315.67,23095446.34,262,1,0,0,0,,0,0.2,0,0.48083121309440585,0.481,Medium,1.71
MPLAD-3852,Shri Sarbananda Sonowal (18LS),Assam,DIBRUGARH,147000000.0,Solar Street Lighting,Vendor_009,1385054.8,1385054.8,1408095.16,24480501.13,82,0,0,0,0,,0,1.7,0,0.006072257014983673,0.006,Low,0.92
MPLAD-3853,Shri Sarbananda Sonowal (18LS),Assam,DIBRUGARH,147000000.0,Health Sub-Centre,Vendor_024,2164884.89,2164884.89,2145158.96,26645386.02,231,0,0,0,0,,0,0.9,0,2.9708110956268503e-05,0.0,Low,0.52
MPLAD-3854,Shri Sarbananda Sonowal (18LS),Assam,DIBRUGARH,147000000.0,Health Sub-Centre,Vendor_022,4239750.81,4239750.81,4166234.96,30885136.84,157,0,0,0,0,,0,1.7,1,0.000549788456419891,0.4,Medium,1.01
MPLAD-3855,Shri Satish Kumar Gautam,Uttar Pradesh,ALIGARH,147000000.0,Community Hall,Vendor_014,3635831.32,3635831.32,3595875.83,3635831.32,238,0,0,0,0,,0,1.1,0,0.0073520633236913956,0.007,Low,1.3
MPLAD-3856,Shri Satish Kumar Gautam,Uttar Pradesh,ALIGARH,147000000.0,School Building,Vendor_003,4509914.93,4509914.93,4526650.45,8145746.25,224,0,0,0,0,,0,0.4,0,0.00019146320186114535,0.0,Low,0.9
MPLAD-3857,Shri Satish Kumar Gautam,Uttar Pradesh,ALIGARH,147000000.0,Road Construction,Vendor_025,2446764.18,2446764.18,2421198.09,10592510.44,190,0,0,0,0,,0,1.0,0,6.381884120083756e-05,0.0,Low,0.7
MPLAD-3858,Shri Satish Kumar Gautam,Uttar Pradesh,ALIGARH,147000000.0,Solar Street Lighting,Vendor_008,2871946.17,2871946.17,2897873.64,13464456.61,185,1,0,0,0,,0,0.9,0,0.30580854849130196,0.306,Low,1.91
MPLAD-3859,Shri Satish Kumar Gautam,Uttar Pradesh,ALIGARH,147000000.0,Community Hall,Vendor_004,2224705.47,2224705.47,2221062.58,15689162.08,40,0,0,0,0,,0,0.2,1,0.008638869332306636,0.4,Medium,0.79
MPLAD-3860,Shri Shantanu Thakur,West Bengal,BANGAON(SC),147000000.0,Road Construction,Vendor_011,2864550.26,2864550.26,2903644.35,2864550.26,209,0,1,0,0,DUPGRP-3860,0,1.4,0,0.00020373468136283352,0.75,High,0.82
MPLAD-3861,Shri Shantanu Thakur,West Bengal,BANGAON(SC),147000000.0,Road Construction,Vendor_011,2898632.88,2898632.88,2873502.14,5763183.14,202,0,1,0,0,DUPGRP-3860,0,0.9,0,0.0002022282470191246,0.75,High,0.83
MPLAD-3862,Shri Shantanu Thakur,West Bengal,BANGAON(SC),147000000.0,Sports Infrastructure,Vendor_024,1992014.29,1992014.29,1964054.21,7755197.43,154,0,0,0,0,,0,1.4,0,0.00013294620369993552,0.0,Low,0.66
MPLAD-3863,Shri Shantanu Thakur,West Bengal,BANGAON(SC),147000000.0,Drinking Water Supply,Vendor_010,3354933.02,3354933.02,3321323.62,11110130.45,225,0,0,0,0,,0,1.0,0,0.06896101020678341,0.069,Low,1.52
MPLAD-3864,Shri Shantanu Thakur,West Bengal,BANGAON(SC),147000000.0,Road Construction,Vendor_003,1885123.47,1885123.47,1871166.06,12995253.92,167,0,0,0,0,,0,0.7,0,1.754115037479684e-05,0.0,Low,0.54
MPLAD-3865,Shri Shantanu Thakur,West Bengal,BANGAON(SC),147000000.0,Community Hall,Vendor_022,3905303.76,3905303.76,4641649.54,16900557.69,247,0,0,0,1,,0,18.9,1,0.01423191848418983,1.0,High,1.39
MPLAD-3866,Shri Sudheer Gupta,Madhya Pradesh,MANDSOUR,148988014.83,Community Hall,Vendor_015,2070516.19,2070516.19,2072338.83,2070516.19,217,0,0,0,0,,0,0.1,0,0.00020681194307377337,0.0,Low,0.74
MPLAD-3867,Shri Sudheer Gupta,Madhya Pradesh,MANDSOUR,148988014.83,Solar Street Lighting,Vendor_018,1211626.09,1211626.09,1197034.64,3282142.28,98,0,0,0,0,,0,1.2,0,0.0031352997363572168,0.003,Low,0.81
MPLAD-3868,Shri Sudheer Gupta,Madhya Pradesh,MANDSOUR,148988014.83,Sports Infrastructure,Vendor_010,2892795.29,2892795.29,2844734.38,6174937.57,205,0,0,0,0,,0,1.7,0,0.0010521545056578375,0.001,Low,0.96
MPLAD-3869,Shri Sudheer Gupta,Madhya Pradesh,MANDSOUR,148988014.83,Community Hall,Vendor_013,2328544.89,2328544.89,2373972.9,8503482.46,178,0,0,0,0,,0,2.0,0,0.0003837552076965348,0.0,Low,0.83
MPLAD-3870,Shri Sudheer Gupta,Madhya Pradesh,MANDSOUR,148988014.83,Sports Infrastructure,Vendor_017,4084584.79,4084584.79,4073673.82,12588067.25,161,0,0,0,0,,0,0.3,1,0.02842835772776232,0.4,Medium,1.36
MPLAD-3871,Shri Sudheer Gupta,Madhya Pradesh,MANDSOUR,148988014.83,School Building,Vendor_022,6896256.91,6896256.91,6889822.52,19484324.16,176,0,0,0,0,,0,0.1,1,0.03220420796533107,0.4,Medium,1.38
MPLAD-3872,Shri Suresh Kodikunnil,Kerala,MAVELIKKARA(SC),172429519.11,Road Construction,Vendor_020,2327986.77,2327986.77,2363787.91,2327986.77,72,0,0,0,0,,0,1.5,0,0.00041663979873769334,0.0,Low,0.67
MPLAD-3873,Shri Suresh Kodikunnil,Kerala,MAVELIKKARA(SC),172429519.11,Health Sub-Centre,Vendor_023,2643828.49,2643828.49,2602880.09,4971815.26,342,0,0,1,0,,0,1.5,0,0.0017489592281718879,0.002,Low,0.63
MPLAD-3874,Shri Suresh Kodikunnil,Kerala,MAVELIKKARA(SC),172429519.11,Solar Street Lighting,Vendor_012,1898532.49,1898532.49,1906763.58,6870347.75,76,0,0,0,0,,0,0.4,0,0.021583721522952955,0.022,Low,1.27
MPLAD-3875,Shri Suresh Kodikunnil,Kerala,MAVELIKKARA(SC),172429519.11,Solar Street Lighting,Vendor_017,726360.72,726360.72,727323.49,7596708.47,107,0,0,0,0,,0,0.1,1,0.0008540949280614107,0.4,Medium,0.48
MPLAD-3876,Shri Tapir Gao ARUNACHAL,Arunachal Pradesh,EAST,147000000.0,Solar Street Lighting,Vendor_017,1065773.52,1065773.52,1404265.79,1065773.52,192,0,1,0,1,DUPGRP-3876,0,31.8,1,0.0020696798176950233,1.0,High,0.71
MPLAD-3877,Shri Tapir Gao ARUNACHAL,Arunachal Pradesh,EAST,147000000.0,Solar Street Lighting,Vendor_017,1043689.46,1043689.46,1062411.61,2109462.97,181,0,1,0,0,DUPGRP-3876,0,1.8,1,0.0017361197466154027,1.0,High,0.7
MPLAD-3878,Shri Tapir Gao ARUNACHAL,Arunachal Pradesh,EAST,147000000.0,Community Hall,Vendor_020,4227197.11,4227197.11,4150312.43,6336660.09,243,0,0,0,0,,0,1.8,0,0.028158631776944023,0.028,Low,1.51
MPLAD-3879,Shri Tapir Gao ARUNACHAL,Arunachal Pradesh,EAST,147000000.0,Health Sub-Centre,Vendor_006,3768168.87,3768168.87,3783072.43,10104828.95,270,0,0,0,0,,0,0.4,0,0.0014692822213696046,0.001,Low,0.9
MPLAD-3880,Shri Tapir Gao ARUNACHAL,Arunachal Pradesh,EAST,147000000.0,Solar Street Lighting,Vendor_016,1268101.37,1268101.37,1281980.07,11372930.32,204,0,0,0,0,,0,1.1,0,0.004226419339819824,0.004,Low,0.85
MPLAD-3881,Shri vijayakumar Vasanth,Tamil Nadu,KANNIYAKUMARI,171500000.0,Health Sub-Centre,Vendor_003,5191677.89,5191677.89,5159914.34,5191677.89,211,0,0,0,0,,0,0.6,0,0.009213859718621984,0.009,Low,1.24
MPLAD-3882,Shri vijayakumar Vasanth,Tamil Nadu,KANNIYAKUMARI,171500000.0,Solar Street Lighting,Vendor_004,3882344.05,3882344.05,3867143.64,9074021.94,196,1,0,0,0,,0,0.4,1,0.9166168790635975,0.917,High,2.59
MPLAD-3883,Shri vijayakumar Vasanth,Tamil Nadu,KANNIYAKUMARI,171500000.0,Drinking Water Supply,Vendor_015,1370690.84,1370690.84,1344790.44,10444712.78,225,0,0,0,0,,0,1.9,0,0.000329460109672083,0.0,Low,0.62
MPLAD-3884,Shri vijayakumar Vasanth,Tamil Nadu,KANNIYAKUMARI,171500000.0,Road Construction,Vendor_008,4697886.93,4697886.93,4686467.21,15142599.7,255,0,0,0,0,,0,0.2,0,0.026053934698243658,0.026,Low,1.34
MPLAD-3885,Shri vijayakumar Vasanth,Tamil Nadu,KANNIYAKUMARI,171500000.0,Sports Infrastructure,Vendor_007,2632863.03,2632863.03,2683021.18,17775462.73,123,0,0,0,0,,0,1.9,0,0.0009686307534160298,0.001,Low,0.88
MPLAD-3886,Shri vijayakumar Vasanth,Tamil Nadu,KANNIYAKUMARI,171500000.0,Sports Infrastructure,Vendor_023,2201101.1,2201101.1,2892538.73,19976563.83,241,0,0,0,1,,0,31.4,0,0.00027558123660977187,0.794,High,0.73
MPLAD-3887,Shri vijayakumar Vasanth,Tamil Nadu,KANNIYAKUMARI,171500000.0,Road Construction,Vendor_007,4533978.63,4533978.63,4478137.64,24510542.47,221,0,0,0,0,,0,1.2,0,0.013554184125745388,0.014,Low,1.3
MPLAD-3888,Shri vijayakumar Vasanth,Tamil Nadu,KANNIYAKUMARI,171500000.0,Road Construction,Vendor_001,2333115.51,2333115.51,2349706.69,26843657.98,308,0,0,1,0,,0,0.7,0,0.0007820215981196293,0.001,Low,0.67
MPLAD-3889,Shrikant Eknath Shinde,Maharashtra,KALYAN,147000000.0,Health Sub-Centre,Vendor_017,7298419.11,7298419.11,7179338.79,7298419.11,143,1,1,0,0,DUPGRP-3889,0,1.6,1,0.36893198621860285,1.0,High,1.74
MPLAD-3890,Shrikant Eknath Shinde,Maharashtra,KALYAN,147000000.0,Health Sub-Centre,Vendor_014,7219336.64,7219336.64,7082559.79,14517755.75,149,0,1,0,0,DUPGRP-3889,0,1.9,0,0.34178867634285726,0.75,High,1.72
MPLAD-3891,Shrikant Eknath Shinde,Maharashtra,KALYAN,147000000.0,School Building,Vendor_017,3444207.95,3444207.95,3456211.32,17961963.7,155,0,0,0,0,,0,0.3,1,1.3911828015044157e-05,0.4,Medium,0.69
MPLAD-3892,Shrikant Eknath Shinde,Maharashtra,KALYAN,147000000.0,Community Hall,Vendor_010,7238532.11,7238532.11,7296620.38,25200495.81,238,1,0,0,0,,0,0.8,0,0.9563075161123122,0.956,High,2.59
MPLAD-3893,SHRIMANT CHH UDAYANRAJE,Maharashtra,SATARA,147000000.0,Road Construction,Vendor_014,4095956.67,4095956.67,4162190.96,4095956.67,79,0,0,0,0,,0,1.6,0,0.011402131198674493,0.011,Low,1.17
MPLAD-3894,SHRIMANT CHH UDAYANRAJE,Maharashtra,SATARA,147000000.0,Drinking Water Supply,Vendor_017,6537379.64,6537379.64,6631378.21,10633336.31,300,1,0,1,0,,0,1.4,1,0.994815408363509,0.995,High,2.97
MPLAD-3895,SHRIMANT CHH UDAYANRAJE,Maharashtra,SATARA,147000000.0,Health Sub-Centre,Vendor_023,4230377.49,4230377.49,4901029.71,14863713.81,301,0,0,1,1,,0,15.9,0,0.005942766125624466,0.639,Medium,1.01
MPLAD-3896,SHRIMANT CHH UDAYANRAJE,Maharashtra,SATARA,147000000.0,Drinking Water Supply,Vendor_012,2366250.71,2366250.71,2351043.17,17229964.52,140,0,0,0,0,,0,0.6,0,0.004492098767964238,0.004,Low,1.08
MPLAD-3897,Shripad Yesso Naik NORTH,Goa,GOA,147000000.0,School Building,Vendor_012,5517708.96,5517708.96,5485615.03,5517708.96,197,0,0,0,0,,0,0.6,0,0.001334292225325629,0.001,Low,1.1
MPLAD-3898,Shripad Yesso Naik NORTH,Goa,GOA,147000000.0,Community Hall,Vendor_008,1542147.79,1542147.79,1561396.59,7059856.76,250,0,0,0,0,,0,1.2,0,0.00013000455422760012,0.0,Low,0.55
MPLAD-3899,Shripad Yesso Naik NORTH,Goa,GOA,147000000.0,Solar Street Lighting,Vendor_001,1138949.77,1138949.77,1137222.97,8198806.53,238,0,0,0,0,,0,0.2,0,0.0044873018574911085,0.004,Low,0.76
MPLAD-3900,Shripad Yesso Naik NORTH,Goa,GOA,147000000.0,Sports Infrastructure,Vendor_007,3992688.51,3992688.51,3940227.97,12191495.03,251,0,0,0,0,,0,1.3,0,0.016325770619210287,0.016,Low,1.33
MPLAD-3901,Shrirang Appa Barne,Maharashtra,MAVAL,147000000.0,Sports Infrastructure,Vendor_007,1829320.72,1829320.72,1794243.61,1829320.72,241,0,0,0,0,,0,1.9,0,0.00012815253959306695,0.0,Low,0.61
MPLAD-3902,Shrirang Appa Barne,Maharashtra,MAVAL,147000000.0,Community Hall,Vendor_017,3197272.16,3197272.16,3187615.93,5026592.87,145,0,0,0,0,,0,0.3,1,0.004841118053822025,0.4,Medium,1.14
MPLAD-3903,Shrirang Appa Barne,Maharashtra,MAVAL,147000000.0,Sports Infrastructure,Vendor_024,1849313.95,1849313.95,1827315.67,6875906.82,176,0,0,0,0,,0,1.2,0,8.271186048661557e-05,0.0,Low,0.62
MPLAD-3904,Shrirang Appa Barne,Maharashtra,MAVAL,147000000.0,Sports Infrastructure,Vendor_008,3898835.65,3898835.65,3944413.9,10774742.47,167,0,1,0,0,DUPGRP-3904,0,1.2,0,0.016556749143385827,0.75,High,1.3
MPLAD-3905,Shrirang Appa Barne,Maharashtra,MAVAL,147000000.0,Sports Infrastructure,Vendor_012,3943113.7,3943113.7,3894193.72,14717856.18,177,0,1,0,0,DUPGRP-3904,0,1.2,0,0.017680584276188103,0.75,High,1.31
MPLAD-3906,Shyamkumar,Maharashtra,RAMTEK(SC),147000000.0,Health Sub-Centre,Vendor_012,3802231.7,3802231.7,3772173.6,3802231.7,171,0,0,0,0,,0,0.8,0,0.00022954136318856447,0.0,Low,0.91
MPLAD-3907,Shyamkumar,Maharashtra,RAMTEK(SC),147000000.0,Health Sub-Centre,Vendor_020,1903404.02,1903404.02,1902986.46,5705635.73,136,0,0,0,0,,0,0.0,0,6.084735308202837e-06,0.0,Low,0.45
MPLAD-3908,Shyamkumar,Maharashtra,RAMTEK(SC),147000000.0,Health Sub-Centre,Vendor_002,8858763.89,8858763.89,8834378.76,14564399.62,138,1,0,0,0,,0,0.3,0,0.9292259847453271,0.929,High,2.11
MPLAD-3909,Shyamkumar,Maharashtra,RAMTEK(SC),147000000.0,Road Construction,Vendor_018,3801105.8,3801105.8,3730191.33,18365505.41,73,0,0,0,0,,0,1.9,0,0.0071727253544968195,0.007,Low,1.09
MPLAD-3910,Shyamkumar,Maharashtra,RAMTEK(SC),147000000.0,Sports Infrastructure,Vendor_025,3671182.32,3671182.32,3606119.41,22036687.73,95,0,0,0,0,,0,1.8,0,0.019505975076160545,0.02,Low,1.22
MPLAD-3911,Shyamkumar,Maharashtra,RAMTEK(SC),147000000.0,Drinking Water Supply,Vendor_017,1475788.37,1475788.37,1475670.92,23512476.1,247,0,0,0,0,,0,0.0,1,0.0007710921813029111,0.4,Medium,0.67
MPLAD-3912,Shyamkumar,Maharashtra,RAMTEK(SC),147000000.0,Health Sub-Centre,Vendor_021,4294109.68,4294109.68,4310404.26,27806585.78,149,0,0,0,0,,0,0.4,0,0.0006033948205204828,0.001,Low,1.02
MPLAD-3913,Sivanath Kesineni,Andhra Pradesh,VIJAYAWADA,159864032.49,Solar Street Lighting,Vendor_017,1228512.15,1228512.15,1219218.93,1228512.15,197,0,0,0,0,,0,0.8,1,0.0034778898390540793,0.4,Medium,0.82
MPLAD-3914,Sivanath Kesineni,Andhra Pradesh,VIJAYAWADA,159864032.49,Solar Street Lighting,Vendor_007,867831.35,867831.35,868626.6,2096343.5,194,0,0,0,0,,0,0.1,0,0.001217137160568624,0.001,Low,0.58
MPLAD-3915,Sivanath Kesineni,Andhra Pradesh,VIJAYAWADA,159864032.49,Solar Street Lighting,Vendor_012,1804046.31,1804046.31,1794493.23,3900389.81,185,0,0,0,0,,0,0.5,0,0.016371734994686228,0.016,Low,1.2
MPLAD-3916,Sivanath Kesineni,Andhra Pradesh,VIJAYAWADA,159864032.49,Solar Street Lighting,Vendor_007,1448696.16,1448696.16,1439516.24,5349085.96,253,0,0,0,0,,0,0.6,0,0.011796295075887248,0.012,Low,0.97
MPLAD-3917,Sivanath Kesineni,Andhra Pradesh,VIJAYAWADA,159864032.49,School Building,Vendor_008,5653225.43,5653225.43,5732652.37,11002311.39,172,0,0,0,0,,0,1.4,0,0.0017066471567300755,0.002,Low,1.13
MPLAD-3918,Sivanath Kesineni,Andhra Pradesh,VIJAYAWADA,159864032.49,School Building,Vendor_009,11225074.41,11225074.41,11291510.82,22227385.8,220,1,0,0,0,,0,0.6,0,0.9897378432641154,0.99,High,2.25
MPLAD-3919,Sivanath Kesineni,Andhra Pradesh,VIJAYAWADA,159864032.49,Health Sub-Centre,Vendor_008,4142525.03,4142525.03,4129564.15,26369910.83,215,0,0,0,0,,0,0.3,0,0.0009408215408312135,0.001,Low,0.99
MPLAD-3920,Sivanath Kesineni,Andhra Pradesh,VIJAYAWADA,159864032.49,Road Construction,Vendor_022,5509057.97,5509057.97,5457282.41,31878968.8,198,0,0,0,0,,0,0.9,1,0.13451454940025273,0.4,Medium,1.57
MPLAD-3921,SK NURUL ISLAM,West Bengal,BASIRHAT,49000000.0,Road Construction,Vendor_005,3453999.83,3453999.83,3513682.08,3453999.83,153,0,1,0,0,DUPGRP-3921,0,1.7,0,0.0006934432828100245,0.75,High,0.99
MPLAD-3922,SK NURUL ISLAM,West Bengal,BASIRHAT,49000000.0,Road Construction,Vendor_005,3327217.95,3327217.95,3290378.06,6781217.78,141,0,1,0,0,DUPGRP-3921,0,1.1,0,0.0005628946888358206,0.75,High,0.95
MPLAD-3923,SK NURUL ISLAM,West Bengal,BASIRHAT,49000000.0,Sports Infrastructure,Vendor_004,2405179.69,2405179.69,2360640.2,9186397.47,182,0,0,0,0,,0,1.9,1,0.00030763135699631293,0.4,Medium,0.8
MPLAD-3924,SK NURUL ISLAM,West Bengal,BASIRHAT,49000000.0,Community Hall,Vendor_005,2847359.92,2847359.92,2842851.04,12033757.39,189,0,0,0,0,,0,0.2,0,0.0011382922635809582,0.001,Low,1.02
MPLAD-3925,SMITA UDAY WAGH,Maharashtra,JALGAON,148107373.11,Solar Street Lighting,Vendor_006,566478.48,566478.48,563793.84,566478.48,159,0,0,0,0,,0,0.5,0,0.0004089748795764575,0.0,Low,0.38
MPLAD-3926,SMITA UDAY WAGH,Maharashtra,JALGAON,148107373.11,Drinking Water Supply,Vendor_023,2072969.38,2072969.38,2050835.85,2639447.85,162,0,0,0,0,,0,1.1,0,0.001563444760063593,0.002,Low,0.94
MPLAD-3927,SMITA UDAY WAGH,Maharashtra,JALGAON,148107373.11,Community Hall,Vendor_012,2455912.59,2455912.59,2441428.81,5095360.44,256,0,0,0,0,,0,0.6,0,0.0007977044786959573,0.001,Low,0.88
MPLAD-3928,SMITA UDAY WAGH,Maharashtra,JALGAON,148107373.11,School Building,Vendor_003,2940542.63,2940542.63,2967861.36,8035903.07,155,0,0,0,0,,0,0.9,0,5.420812719380076e-06,0.0,Low,0.59
MPLAD-3929,Smt Anupriya Patel,Uttar Pradesh,MIRZAPUR,147000000.0,Drinking Water Supply,Vendor_009,2499339.43,2499339.43,2493337.33,2499339.43,210,0,0,0,0,,0,0.2,0,0.005373715192990924,0.005,Low,1.14
MPLAD-3930,Smt Anupriya Patel,Uttar Pradesh,MIRZAPUR,147000000.0,Community Hall,Vendor_010,1434352.72,1434352.72,1432258.27,3933692.15,168,0,0,0,0,,0,0.1,0,6.661482455824426e-05,0.0,Low,0.51
MPLAD-3931,Smt Anupriya Patel,Uttar Pradesh,MIRZAPUR,147000000.0,Health Sub-Centre,Vendor_025,5496677.41,5496677.41,5523741.67,9430369.55,203,0,0,0,0,,0,0.5,0,0.01654992053022361,0.017,Low,1.31
MPLAD-3932,Smt Anupriya Patel,Uttar Pradesh,MIRZAPUR,147000000.0,School Building,Vendor_010,7017773.59,7017773.59,7034329.81,16448143.14,111,0,1,0,0,DUPGRP-3932,0,0.2,0,0.04759466944804165,0.75,High,1.4
MPLAD-3933,Smt Anupriya Patel,Uttar Pradesh,MIRZAPUR,147000000.0,School Building,Vendor_010,7234291.18,7234291.18,7262893.36,23682434.32,123,0,1,0,0,DUPGRP-3932,0,0.4,0,0.07187728007295396,0.75,High,1.45
MPLAD-3934,Smt Anupriya Patel,Uttar Pradesh,MIRZAPUR,147000000.0,Health Sub-Centre,Vendor_017,6758658.87,6758658.87,6802132.71,30441093.2,210,0,0,0,0,,0,0.6,1,0.24893940645032586,0.4,Medium,1.61
MPLAD-3935,Smt Anupriya Patel,Uttar Pradesh,MIRZAPUR,147000000.0,Road Construction,Vendor_003,5749979.84,5749979.84,5835160.96,36191073.04,40,1,0,0,0,,0,1.5,0,0.397177891047336,0.397,Medium,1.64
MPLAD-3936,Smt Anupriya Patel,Uttar Pradesh,MIRZAPUR,147000000.0,Health Sub-Centre,Vendor_010,3525961.96,3525961.96,3489594.44,39717034.99,193,0,0,0,0,,0,1.0,0,0.00016726537002582903,0.0,Low,0.84
MPLAD-3937,Smt Anupriya Patel,Uttar Pradesh,MIRZAPUR,147000000.0,Road Construction,Vendor_004,4512893.9,4512893.9,5507151.32,44229928.89,102,0,0,0,1,,0,22.0,1,0.01813170440108397,1.0,High,1.29
MPLAD-3938,Smt Aparajita Sarangi,Odisha,BHUBANESWAR,147420861.41,Health Sub-Centre,Vendor_015,1668940.83,1668940.83,1661610.83,1668940.83,217,0,0,0,0,,0,0.4,0,9.031381865060433e-06,0.0,Low,0.4
MPLAD-3939,Smt Aparajita Sarangi,Odisha,BHUBANESWAR,147420861.41,Drinking Water Supply,Vendor_014,6940111.53,6940111.53,8586723.46,8609052.36,219,1,0,0,1,,0,23.7,0,0.9992240131196808,0.999,High,3.15
MPLAD-3940,Smt Aparajita Sarangi,Odisha,BHUBANESWAR,147420861.41,Drinking Water Supply,Vendor_001,1947295.2,1947295.2,1919168.53,10556347.55,171,0,0,0,0,,0,1.4,0,0.0010354502192286956,0.001,Low,0.89
MPLAD-3941,Smt Aparajita Sarangi,Odisha,BHUBANESWAR,147420861.41,School Building,Vendor_007,4722982.03,4722982.03,4630121.48,15279329.58,168,0,1,0,0,DUPGRP-3941,0,2.0,0,0.0001974164547615141,0.75,High,0.94
MPLAD-3942,Smt Aparajita Sarangi,Odisha,BHUBANESWAR,147420861.41,School Building,Vendor_007,4899967.23,4899967.23,4916348.9,20179296.81,176,0,1,0,0,DUPGRP-3941,0,0.3,0,0.0002955475389176665,0.75,High,0.98
MPLAD-3943,Smt Aparajita Sarangi,Odisha,BHUBANESWAR,147420861.41,Health Sub-Centre,Vendor_010,2884892.92,2884892.92,2908038.95,23064189.73,195,0,0,0,0,,0,0.8,0,4.6741732794012114e-05,0.0,Low,0.69
MPLAD-3944,Smt Aparajita Sarangi,Odisha,BHUBANESWAR,147420861.41,Drinking Water Supply,Vendor_007,4758240.99,4758240.99,4711417.51,27822430.72,95,1,0,0,0,,0,1.0,0,0.7831987357180327,0.783,High,2.16
MPLAD-3945,Smt Aparajita Sarangi,Odisha,BHUBANESWAR,147420861.41,Solar Street Lighting,Vendor_024,1564704.18,1564704.18,1564333.2,29387134.91,139,0,0,0,0,,0,0.0,0,0.006090040713953973,0.006,Low,1.04
MPLAD-3946,Smt Aparajita Sarangi,Odisha,BHUBANESWAR,147420861.41,Drinking Water Supply,Vendor_016,1447157.23,1447157.23,1475675.19,30834292.14,217,0,1,0,0,DUPGRP-3946,0,2.0,0,0.0003418549552267267,0.75,High,0.66
MPLAD-3947,Smt Aparajita Sarangi,Odisha,BHUBANESWAR,147420861.41,Drinking Water Supply,Vendor_016,1391912.96,1391912.96,1376787.02,32226205.1,214,0,1,0,0,DUPGRP-3946,0,1.1,0,0.000282460319991692,0.75,High,0.63
MPLAD-3948,Smt Dimple Yadav,Uttar Pradesh,MAINPURI,192042469.11,Community Hall,Vendor_008,6953213.5,6953213.5,6937957.95,6953213.5,208,1,0,0,0,,0,0.2,0,0.9500139475473587,0.95,High,2.48
MPLAD-3949,Smt Dimple Yadav,Uttar Pradesh,MAINPURI,192042469.11,Sports Infrastructure,Vendor_019,7078300.39,7078300.39,6995665.1,14031513.89,182,1,0,0,0,,0,1.2,0,0.9874390903005071,0.987,High,2.36
MPLAD-3950,Smt Dimple Yadav,Uttar Pradesh,MAINPURI,192042469.11,Community Hall,Vendor_015,2410577.28,2410577.28,2420839.25,16442091.17,248,0,1,0,0,DUPGRP-3950,0,0.4,0,0.0006246660415528351,0.75,High,0.86
MPLAD-3951,Smt Dimple Yadav,Uttar Pradesh,MAINPURI,192042469.11,Community Hall,Vendor_015,2453289.89,2453289.89,2486648.48,18895381.07,248,0,1,0,0,DUPGRP-3950,0,1.4,0,0.0006796543024994653,0.75,High,0.88
MPLAD-3952,Smt Harsimrat Kaur Badal,Punjab,BHATINDA,159775982.39,Road Construction,Vendor_010,2188845.81,2188845.81,2145963.06,2188845.81,223,0,0,0,0,,0,2.0,0,5.906466845430927e-05,0.0,Low,0.63
MPLAD-3953,Smt Harsimrat Kaur Badal,Punjab,BHATINDA,159775982.39,Community Hall,Vendor_017,2900307.88,2900307.88,2900586.56,5089153.68,352,0,0,1,0,,0,0.0,1,0.016558121233469537,0.4,Medium,1.04
MPLAD-3954,Smt Harsimrat Kaur Badal,Punjab,BHATINDA,159775982.39,Road Construction,Vendor_013,2657523.73,2657523.73,2656258.23,7746677.41,270,0,0,0,0,,0,0.0,0,0.0004614785355558861,0.0,Low,0.76
MPLAD-3955,Smt Harsimrat Kaur Badal,Punjab,BHATINDA,159775982.39,Solar Street Lighting,Vendor_024,1434439.77,1434439.77,1417036.36,9181117.18,159,0,0,0,0,,0,1.2,0,0.004494329454545502,0.004,Low,0.96
MPLAD-3956,Smt Harsimrat Kaur Badal,Punjab,BHATINDA,159775982.39,Drinking Water Supply,Vendor_004,5174145.12,5174145.12,5221673.03,14355262.3,185,1,0,0,0,,0,0.9,1,0.9341068023280745,0.934,High,2.35
MPLAD-3957,Smt Hema Malini,Uttar Pradesh,MATHURA,147000000.0,Drinking Water Supply,Vendor_025,3798315.29,3798315.29,3857158.18,3798315.29,119,1,0,0,0,,0,1.5,0,0.23031408583298532,0.23,Low,1.73
MPLAD-3958,Smt Hema Malini,Uttar Pradesh,MATHURA,147000000.0,Solar Street Lighting,Vendor_010,1216823.24,1216823.24,1214155.95,5015138.53,252,0,0,0,0,,0,0.2,0,0.006430929898905163,0.006,Low,0.81
MPLAD-3959,Smt Hema Malini,Uttar Pradesh,MATHURA,147000000.0,Health Sub-Centre,Vendor_002,3275806.49,3275806.49,3314540.79,8290945.02,236,0,0,0,0,,0,1.2,0,0.0002518728812299301,0.0,Low,0.78
MPLAD-3960,Smt Hema Malini,Uttar Pradesh,MATHURA,147000000.0,Health Sub-Centre,Vendor_006,7107391.16,7107391.16,7036957.5,15398336.18,160,1,0,0,0,,0,1.0,0,0.30996967648387647,0.31,Low,1.69
MPLAD-3961,Smt Himadri Singh SHAHDOL,Madhya Pradesh,(ST),150724861.11,Sports Infrastructure,Vendor_019,4189172.78,4189172.78,4115468.63,4189172.78,95,0,0,0,0,,0,1.8,0,0.06627602208902611,0.066,Low,1.4
MPLAD-3962,Smt Himadri Singh SHAHDOL,Madhya Pradesh,(ST),150724861.11,Health Sub-Centre,Vendor_004,9020890.31,9020890.31,8912549.92,13210063.09,203,1,0,0,0,,0,1.2,1,0.9691686413846022,0.969,High,2.15
MPLAD-3963,Smt Himadri Singh SHAHDOL,Madhya Pradesh,(ST),150724861.11,Drinking Water Supply,Vendor_025,842733.97,842733.97,1029326.99,14052797.06,208,0,0,0,1,,0,22.1,0,6.64356638543907e-05,0.701,High,0.38
MPLAD-3964,Smt Himadri Singh SHAHDOL,Madhya Pradesh,(ST),150724861.11,Solar Street Lighting,Vendor_019,1252258.16,1252258.16,1274828.35,15305055.22,249,0,0,0,0,,0,1.8,0,0.006834427443563322,0.007,Low,0.83
MPLAD-3965,Smt Himadri Singh SHAHDOL,Madhya Pradesh,(ST),150724861.11,Sports Infrastructure,Vendor_001,4006240.75,4006240.75,3955971.59,19311295.97,229,0,0,0,0,,0,1.3,0,0.01767190573491623,0.018,Low,1.34
MPLAD-3966,Smt Himadri Singh SHAHDOL,Madhya Pradesh,(ST),150724861.11,Health Sub-Centre,Vendor_014,5446320.2,5446320.2,5445632.36,24757616.17,189,0,0,0,0,,0,0.0,0,0.012301369750370555,0.012,Low,1.3
MPLAD-3967,Smt Poonamben Hematbhai Maadam,Gujarat,JAMNAGAR,147000000.0,Sports Infrastructure,Vendor_012,2783093.51,2783093.51,2833344.7,2783093.51,193,0,0,0,0,,0,1.8,0,0.0007859302357785034,0.001,Low,0.93
MPLAD-3968,Smt Poonamben Hematbhai Maadam,Gujarat,JAMNAGAR,147000000.0,Sports Infrastructure,Vendor_002,2004922.9,2004922.9,2015150.93,4788016.41,178,0,0,0,0,,0,0.5,0,0.00011822611018452797,0.0,Low,0.67
MPLAD-3969,Smt Poonamben Hematbhai Maadam,Gujarat,JAMNAGAR,147000000.0,Sports Infrastructure,Vendor_024,2762402.15,2762402.15,2798958.14,7550418.56,160,0,0,0,0,,0,1.3,0,0.0008401994236582655,0.001,Low,0.92
MPLAD-3970,Smt Raksha Nikhil Khadse,Maharashtra,RAVER,153112586.11,Health Sub-Centre,Vendor_018,5528156.35,5528156.35,5564800.56,5528156.35,183,0,0,0,0,,0,0.7,0,0.013867569687405495,0.014,Low,1.32
MPLAD-3971,Smt Raksha Nikhil Khadse,Maharashtra,RAVER,153112586.11,Sports Infrastructure,Vendor_004,4908776.27,4908776.27,4819627.47,10436932.62,221,0,0,0,0,,0,1.8,1,0.1613788763751017,0.4,Medium,1.64
MPLAD-3972,Smt Raksha Nikhil Khadse,Maharashtra,RAVER,153112586.11,Drinking Water Supply,Vendor_011,2425902.2,2425902.2,2459526.2,12862834.82,125,0,0,0,0,,0,1.4,0,0.006494772699324792,0.006,Low,1.1
MPLAD-3973,Smt S Jothimani,Tamil Nadu,KARUR,147000000.0,Drinking Water Supply,Vendor_011,5919090.02,5919090.02,5928216.18,5919090.02,109,1,0,0,0,,0,0.2,0,0.986807670881365,0.987,High,2.69
MPLAD-3974,Smt S Jothimani,Tamil Nadu,KARUR,147000000.0,Health Sub-Centre,Vendor_001,3690323.53,3690323.53,3675756.03,9609413.56,192,0,0,0,0,,0,0.4,0,0.00023394452416066686,0.0,Low,0.88
MPLAD-3975,Smt S Jothimani,Tamil Nadu,KARUR,147000000.0,Road Construction,Vendor_005,3026844.93,3026844.93,2972134.86,12636258.49,158,0,1,0,0,DUPGRP-3975,0,1.8,0,0.00023615242178036714,0.75,High,0.86
MPLAD-3976,Smt S Jothimani,Tamil Nadu,KARUR,147000000.0,Road Construction,Vendor_005,3004017.6,3004017.6,2965189.41,15640276.09,169,0,1,0,0,DUPGRP-3975,0,1.3,0,0.0002166596785306833,0.75,High,0.86
MPLAD-3977,Smt S Jothimani,Tamil Nadu,KARUR,147000000.0,Sports Infrastructure,Vendor_020,4236387.44,4236387.44,4217153.56,19876663.53,149,0,0,0,0,,0,0.5,0,0.04628247673047466,0.046,Low,1.41
MPLAD-3978,Smt S Jothimani,Tamil Nadu,KARUR,147000000.0,Community Hall,Vendor_022,2053827.58,2053827.58,2053092.08,21930491.11,159,0,0,0,0,,0,0.0,1,0.00027658149044177815,0.4,Medium,0.73
MPLAD-3979,Smt Sajda Ahmed,West Bengal,ULUBERIA,147000000.0,Drinking Water Supply,Vendor_009,2190585.73,2190585.73,2210172.8,2190585.73,177,0,0,0,0,,0,0.9,0,0.001995017790360118,0.002,Low,1.0
MPLAD-3980,Smt Sajda Ahmed,West Bengal,ULUBERIA,147000000.0,Sports Infrastructure,Vendor_020,2711107.59,2711107.59,2735575.06,4901693.32,180,0,0,0,0,,0,0.9,0,0.0006644519430224554,0.001,Low,0.9
MPLAD-3981,Smt Sajda Ahmed,West Bengal,ULUBERIA,147000000.0,Solar Street Lighting,Vendor_004,3659431.71,3659431.71,3652387.9,8561125.03,99,1,1,0,0,DUPGRP-3981,0,0.2,1,0.6448230902233917,1.0,High,2.44
MPLAD-3982,Smt Sajda Ahmed,West Bengal,ULUBERIA,147000000.0,Solar Street Lighting,Vendor_004,3585812.62,3585812.62,3649718.05,12146937.64,89,0,1,0,0,DUPGRP-3981,0,1.8,1,0.578926138061496,1.0,High,2.39
MPLAD-3983,Smt Sandhya Ray,Madhya Pradesh,BHIND(SC),147000000.0,Sports Infrastructure,Vendor_024,3346165.82,3346165.82,3322908.12,3346165.82,184,0,0,0,0,,0,0.7,0,0.003440290766082369,0.003,Low,1.12
MPLAD-3984,Smt Sandhya Ray,Madhya Pradesh,BHIND(SC),147000000.0,Health Sub-Centre,Vendor_023,4972453.6,4972453.6,4899373.03,8318619.42,208,0,0,0,0,,0,1.5,0,0.005341872823746744,0.005,Low,1.18
MPLAD-3985,Smt Sandhya Ray,Madhya Pradesh,BHIND(SC),147000000.0,Health Sub-Centre,Vendor_010,5076370.6,5076370.6,5051345.99,13394990.02,246,0,0,0,0,,0,0.5,0,0.012126584913330744,0.012,Low,1.21
MPLAD-3986,Smt Sangeeta Kumari Singh Deo,Odisha,BOLANGIR,147000000.0,Community Hall,Vendor_007,7039211.56,7039211.56,7159709.42,7039211.56,64,1,0,0,0,,0,1.7,0,0.9664072334682885,0.966,High,2.51
MPLAD-3987,Smt Sangeeta Kumari Singh Deo,Odisha,BOLANGIR,147000000.0,Community Hall,Vendor_005,3071123.01,3071123.01,3080953.65,10110334.57,277,0,0,1,0,,0,0.3,0,0.003969825615487803,0.004,Low,1.1
MPLAD-3988,Smt Sangeeta Kumari Singh Deo,Odisha,BOLANGIR,147000000.0,Solar Street Lighting,Vendor_004,1806555.98,1806555.98,1833347.37,11916890.54,197,0,0,0,0,,0,1.5,1,0.01863709054743248,0.4,Medium,1.2
MPLAD-3989,Smt Satabdi Roy (Banerjee),West Bengal,BIRBHUM,147000000.0,Sports Infrastructure,Vendor_006,3524452.48,3524452.48,3490289.3,3524452.48,155,0,0,0,0,,0,1.0,0,0.006523019902464564,0.007,Low,1.17
MPLAD-3990,Smt Satabdi Roy (Banerjee),West Bengal,BIRBHUM,147000000.0,Road Construction,Vendor_004,2593068.8,2593068.8,2582091.81,6117521.27,235,0,0,0,0,,0,0.4,1,0.0001760280617050015,0.4,Medium,0.74
MPLAD-3991,Smt Satabdi Roy (Banerjee),West Bengal,BIRBHUM,147000000.0,Road Construction,Vendor_020,2870117.64,2870117.64,2910227.69,8987638.92,214,0,0,0,0,,0,1.4,0,0.00022146257621603004,0.0,Low,0.82
MPLAD-3992,Smt Satabdi Roy (Banerjee),West Bengal,BIRBHUM,147000000.0,Road Construction,Vendor_005,2517300.53,2517300.53,2549561.58,11504939.45,119,0,0,0,0,,0,1.3,0,0.00012770762319102538,0.0,Low,0.72
MPLAD-3993,Smt Satabdi Roy (Banerjee),West Bengal,BIRBHUM,147000000.0,Drinking Water Supply,Vendor_004,2313984.54,2313984.54,2340389.13,13818923.98,226,0,0,0,0,,0,1.1,1,0.003981496386702823,0.4,Medium,1.05
MPLAD-3994,Smt Satabdi Roy (Banerjee),West Bengal,BIRBHUM,147000000.0,Drinking Water Supply,Vendor_016,4583779.47,4583779.47,4622728.71,18402703.46,91,1,0,0,0,,0,0.8,0,0.6944628709167739,0.694,High,2.08
MPLAD-3995,Smt Satabdi Roy (Banerjee),West Bengal,BIRBHUM,147000000.0,Sports Infrastructure,Vendor_001,6065132.38,6065132.38,6162126.64,24467835.84,174,1,0,0,0,,0,1.6,0,0.8649110593919721,0.865,High,2.02
MPLAD-3996,Smt Satabdi Roy (Banerjee),West Bengal,BIRBHUM,147000000.0,School Building,Vendor_011,6160173.42,6160173.42,6186497.33,30628009.26,272,0,0,1,0,,0,0.4,0,0.010204916209003568,0.01,Low,1.23
MPLAD-3997,Smt Supriya Sadanand Sule,Maharashtra,BARAMATI,147000000.0,Sports Infrastructure,Vendor_014,2274995.52,2274995.52,2910038.23,2274995.52,210,0,0,0,1,,0,27.9,0,0.00024081436453006916,0.759,High,0.76
MPLAD-3998,Smt Supriya Sadanand Sule,Maharashtra,BARAMATI,147000000.0,Community Hall,Vendor_008,1067865.51,1067865.51,1068865.1,3342861.03,216,0,0,0,0,,0,0.1,0,3.026952093524021e-05,0.0,Low,0.38
MPLAD-3999,Smt Supriya Sadanand Sule,Maharashtra,BARAMATI,147000000.0,Road Construction,Vendor_024,4650757.33,4650757.33,4667591.46,7993618.37,98,0,0,0,0,,0,0.4,0,0.02672090007834435,0.027,Low,1.33
MPLAD-4000,Smt Supriya Sadanand Sule,Maharashtra,BARAMATI,147000000.0,Road Construction,Vendor_014,3917943.5,3917943.5,3901696.67,11911561.86,196,0,0,0,0,,0,0.4,0,0.002350301122401644,0.002,Low,1.12
MPLAD-4001,Smt Supriya Sadanand Sule,Maharashtra,BARAMATI,147000000.0,Community Hall,Vendor_020,1239504.61,1239504.61,1224410.27,13151066.47,86,0,0,0,0,,0,1.2,0,0.00047007364945322806,0.0,Low,0.44
MPLAD-4002,Smt Supriya Sadanand Sule,Maharashtra,BARAMATI,147000000.0,Drinking Water Supply,Vendor_022,1508015.05,1508015.05,1535726.2,14659081.52,190,0,0,0,0,,0,1.8,1,0.0003054630123572165,0.4,Medium,0.69
MPLAD-4003,Smt Supriya Sadanand Sule,Maharashtra,BARAMATI,147000000.0,Community Hall,Vendor_010,2339719.45,2339719.45,2341654.16,16998800.97,190,0,0,0,0,,0,0.1,0,0.00035727175770937933,0.0,Low,0.84
MPLAD-4004,Smt Veena Devi,Bihar,VAISHALI,147000000.0,Sports Infrastructure,Vendor_025,2812145.03,2812145.03,2779507.93,2812145.03,169,0,0,0,0,,0,1.2,0,0.0008999714386813595,0.001,Low,0.94
MPLAD-4005,Smt Veena Devi,Bihar,VAISHALI,147000000.0,Road Construction,Vendor_025,2034379.37,2034379.37,2367706.6,4846524.4,237,0,0,0,1,,0,16.4,0,5.9618056998863234e-05,0.644,Medium,0.58
MPLAD-4006,Smt Veena Devi,Bihar,VAISHALI,147000000.0,School Building,Vendor_021,5638185.25,5638185.25,5588481.92,10484709.65,217,0,1,0,0,DUPGRP-4006,0,0.9,0,0.0020323139428799664,0.75,High,1.13
MPLAD-4007,Smt Veena Devi,Bihar,VAISHALI,147000000.0,School Building,Vendor_021,5510776.33,5510776.33,5532635.35,15995485.98,205,0,1,0,0,DUPGRP-4006,0,0.4,0,0.001382544325536792,0.75,High,1.1
MPLAD-4008,Smt Veena Devi,Bihar,VAISHALI,147000000.0,Solar Street Lighting,Vendor_007,1439714.42,1439714.42,2013144.11,17435200.4,192,0,0,0,1,,0,39.8,0,0.006046336750245724,0.85,High,0.96
MPLAD-4009,Smt Veena Devi,Bihar,VAISHALI,147000000.0,Community Hall,Vendor_011,2682208.75,2682208.75,2724746.92,20117409.15,206,0,0,0,0,,0,1.6,0,0.0007390362129508267,0.001,Low,0.96
MPLAD-4010,Smt Veena Devi,Bihar,VAISHALI,147000000.0,School Building,Vendor_017,226578.13,226578.13,292453.98,20343987.28,64,0,0,0,1,,0,29.1,1,4.826488165982625e-06,1.0,High,0.05
MPLAD-4011,Sribharat MathuKumli,Andhra Pradesh,VISAKHAPATNAM,164841922.0,Sports Infrastructure,Vendor_019,3085304.52,3085304.52,3133314.91,3085304.52,109,0,0,0,0,,0,1.6,0,0.0037477753745692763,0.004,Low,1.03
MPLAD-4012,Sribharat MathuKumli,Andhra Pradesh,VISAKHAPATNAM,164841922.0,Community Hall,Vendor_018,2575294.33,2575294.33,2546875.64,5660598.84,170,0,0,0,0,,0,1.1,0,0.000738002193924177,0.001,Low,0.92
MPLAD-4013,Sribharat MathuKumli,Andhra Pradesh,VISAKHAPATNAM,164841922.0,Road Construction,Vendor_022,5653626.74,5653626.74,5557289.97,11314225.58,143,0,0,0,0,,0,1.7,1,0.18631346658484108,0.4,Medium,1.62
MPLAD-4014,SUDAMA PRASAD,Bihar,ARRAH,147000000.0,Community Hall,Vendor_022,3573667.08,3573667.08,4363320.87,3573667.08,141,0,0,0,1,,0,22.1,1,0.012748751781938725,1.0,High,1.28
MPLAD-4015,SUDAMA PRASAD,Bihar,ARRAH,147000000.0,Community Hall,Vendor_022,3779770.51,3779770.51,3755758.39,7353437.6,129,0,1,0,0,DUPGRP-4015,0,0.6,1,0.02594279398206754,1.0,High,1.35
MPLAD-4016,SUDAMA PRASAD,Bihar,ARRAH,147000000.0,Community Hall,Vendor_007,3812284.66,3812284.66,3764315.63,11165722.26,132,0,1,0,0,DUPGRP-4015,0,1.3,0,0.026458051568646383,0.75,High,1.36
MPLAD-4017,SUDAMA PRASAD,Bihar,ARRAH,147000000.0,Road Construction,Vendor_006,1576890.44,1576890.44,1570384.78,12742612.7,174,0,0,0,0,,0,0.4,0,9.431443494058121e-06,0.0,Low,0.45
MPLAD-4018,SUDHA R,Tamil Nadu,MAYILADUTHURAI,147332315.11,Sports Infrastructure,Vendor_003,3758031.79,3758031.79,3740459.86,3758031.79,159,0,0,0,0,,0,0.5,0,0.011899883855114198,0.012,Low,1.25
MPLAD-4019,SUDHA R,Tamil Nadu,MAYILADUTHURAI,147332315.11,Sports Infrastructure,Vendor_022,7092775.55,7092775.55,7131258.15,10850807.34,113,1,0,0,0,,0,0.5,1,0.9882878556018926,0.988,High,2.36
MPLAD-4020,SUDHA R,Tamil Nadu,MAYILADUTHURAI,147332315.11,School Building,Vendor_017,3297614.82,3297614.82,3304588.2,14148422.16,197,0,0,0,0,,0,0.2,1,1.1440774264610145e-05,0.4,Medium,0.66
MPLAD-4021,SUDHA R,Tamil Nadu,MAYILADUTHURAI,147332315.11,Drinking Water Supply,Vendor_015,1349687.83,1349687.83,1340184.25,15498110.0,106,0,0,0,0,,0,0.7,0,0.0006475356061706543,0.001,Low,0.61
MPLAD-4022,SUDHA R,Tamil Nadu,MAYILADUTHURAI,147332315.11,Sports Infrastructure,Vendor_019,3715556.06,3715556.06,3715924.62,19213666.05,144,0,0,0,0,,0,0.0,0,0.011986660109836516,0.012,Low,1.24
MPLAD-4023,SUDHA R,Tamil Nadu,MAYILADUTHURAI,147332315.11,Road Construction,Vendor_002,4216961.74,4216961.74,4136192.66,23430627.79,180,0,0,0,0,,0,1.9,0,0.004753730220186078,0.005,Low,1.2
MPLAD-4024,SUDHA R,Tamil Nadu,MAYILADUTHURAI,147332315.11,Drinking Water Supply,Vendor_012,912876.11,912876.11,918103.51,24343503.9,279,0,0,1,0,,0,0.6,0,0.0007974500227527449,0.001,Low,0.41
MPLAD-4025,SUDHA R,Tamil Nadu,MAYILADUTHURAI,147332315.11,Health Sub-Centre,Vendor_014,10399766.87,10399766.87,10492491.24,34743270.77,49,1,0,0,0,,0,0.9,0,0.9561729745770486,0.956,High,2.48
MPLAD-4026,SUDHAKAR SINGH,Bihar,BUXAR,185211956.54,School Building,Vendor_001,3254781.61,3254781.61,3838981.96,3254781.61,169,0,0,0,1,,0,17.9,0,9.075530646458603e-06,0.659,Medium,0.65
MPLAD-4027,SUDHAKAR SINGH,Bihar,BUXAR,185211956.54,Solar Street Lighting,Vendor_011,1942762.6,1942762.6,2275948.28,5197544.21,123,0,0,0,1,,0,17.2,0,0.017364815202056863,0.652,Medium,1.3
MPLAD-4028,SUDHAKAR SINGH,Bihar,BUXAR,185211956.54,Sports Infrastructure,Vendor_021,2778951.32,2778951.32,2754407.2,7976495.53,63,0,1,0,0,DUPGRP-4028,0,0.9,0,0.00503875944664885,0.75,High,0.93
MPLAD-4029,SUDHAKAR SINGH,Bihar,BUXAR,185211956.54,Sports Infrastructure,Vendor_021,2836388.98,2836388.98,2874254.65,10812884.5,69,0,1,0,0,DUPGRP-4028,0,1.3,0,0.0049116545040721335,0.75,High,0.95
MPLAD-4030,SUDHAKAR SINGH,Bihar,BUXAR,185211956.54,Drinking Water Supply,Vendor_004,5929074.66,5929074.66,5977475.6,16741959.16,174,1,0,0,0,,0,0.8,1,0.9918090419408684,0.992,High,2.7
MPLAD-4031,SUDHAKAR SINGH,Bihar,BUXAR,185211956.54,School Building,Vendor_019,8356234.2,8356234.2,8302348.69,25098193.36,232,1,0,0,0,,0,0.6,0,0.4346051455753132,0.435,Medium,1.67
MPLAD-4032,Sudip Bandyopadhyay KOLKATA,West Bengal,UTTAR,147000000.0,Health Sub-Centre,Vendor_004,8714796.54,8714796.54,11002421.45,8714796.54,81,1,0,0,1,,0,26.2,1,0.8219407510924227,1.0,High,2.07
MPLAD-4033,Sudip Bandyopadhyay KOLKATA,West Bengal,UTTAR,147000000.0,Community Hall,Vendor_022,258064.04,258064.04,255440.45,8972860.58,113,0,0,0,0,,0,1.0,1,3.784814676455246e-05,0.4,Medium,0.09
MPLAD-4034,Sudip Bandyopadhyay KOLKATA,West Bengal,UTTAR,147000000.0,Drinking Water Supply,Vendor_019,1475465.33,1475465.33,1463476.75,10448325.91,182,0,0,0,0,,0,0.8,0,0.0002780876955614566,0.0,Low,0.67
MPLAD-4035,Sudip Bandyopadhyay KOLKATA,West Bengal,UTTAR,147000000.0,Drinking Water Supply,Vendor_002,1377664.44,1377664.44,1351828.99,11825990.35,233,0,0,0,0,,0,1.9,0,0.0004056548376802401,0.0,Low,0.63
MPLAD-4036,Sudip Bandyopadhyay KOLKATA,West Bengal,UTTAR,147000000.0,Drinking Water Supply,Vendor_003,2639451.07,2639451.07,2689892.33,14465441.42,139,0,0,0,0,,0,1.9,0,0.009685136802408826,0.01,Low,1.2
MPLAD-4037,SUKANTA KUMAR PANIGRAHI,Odisha,KANDHAMAL,190712424.11,Health Sub-Centre,Vendor_018,2929203.6,2929203.6,2970872.06,2929203.6,107,0,0,0,0,,0,1.4,0,5.475349487149729e-05,0.0,Low,0.7
MPLAD-4038,SUKANTA KUMAR PANIGRAHI,Odisha,KANDHAMAL,190712424.11,Road Construction,Vendor_003,3517334.92,3517334.92,4678902.36,6446538.52,42,0,0,0,1,,0,33.0,0,0.010986042626301635,0.81,High,1.0
MPLAD-4039,SUKANTA KUMAR PANIGRAHI,Odisha,KANDHAMAL,190712424.11,Health Sub-Centre,Vendor_014,1165749.54,1165749.54,1158082.93,7612288.06,222,0,0,0,0,,0,0.7,0,5.0417846963218345e-06,0.0,Low,0.28
MPLAD-4040,SUKANTA KUMAR PANIGRAHI,Odisha,KANDHAMAL,190712424.11,Solar Street Lighting,Vendor_014,1138560.64,1138560.64,1151648.77,8750848.69,172,0,0,0,0,,0,1.1,0,0.002102901968095115,0.002,Low,0.76
MPLAD-4041,SUKANTA KUMAR PANIGRAHI,Odisha,KANDHAMAL,190712424.11,Road Construction,Vendor_015,2844369.06,2844369.06,2859297.46,11595217.75,182,0,0,0,0,,0,0.5,0,0.00015167181961081862,0.0,Low,0.81
MPLAD-4042,SUKHDEO BHAGAT,Jharkhand,LOHARDAGA(ST),171821957.11,Sports Infrastructure,Vendor_007,2139350.87,2139350.87,2163552.0,2139350.87,114,0,0,0,0,,0,1.1,0,0.00036288834526734777,0.0,Low,0.71
MPLAD-4043,SUKHDEO BHAGAT,Jharkhand,LOHARDAGA(ST),171821957.11,Health Sub-Centre,Vendor_021,3905361.99,3905361.99,3866230.26,6044712.86,142,0,0,0,0,,0,1.0,0,0.0002563506211341842,0.0,Low,0.93
MPLAD-4044,SUKHDEO BHAGAT,Jharkhand,LOHARDAGA(ST),171821957.11,Road Construction,Vendor_002,3662066.85,3662066.85,3622887.56,9706779.7,236,0,0,0,0,,0,1.1,0,0.0019353204235263274,0.002,Low,1.05
MPLAD-4045,SUKHJINDER SINGH RANDHAWA,Punjab,GURDASPUR,147000000.0,Health Sub-Centre,Vendor_015,4848394.31,4848394.31,6052153.4,4848394.31,150,0,0,0,1,,0,24.8,0,0.0021341757545584096,0.728,High,1.15
MPLAD-4046,SUKHJINDER SINGH RANDHAWA,Punjab,GURDASPUR,147000000.0,Solar Street Lighting,Vendor_024,1982063.02,1982063.02,1992898.79,6830457.33,246,0,0,0,0,,0,0.5,0,0.04582856956161497,0.046,Low,1.32
MPLAD-4047,SUKHJINDER SINGH RANDHAWA,Punjab,GURDASPUR,147000000.0,School Building,Vendor_001,9145247.82,9145247.82,12683972.92,15975705.15,173,0,0,0,1,,0,38.7,0,0.8292830227903724,0.85,High,1.83
MPLAD-4048,SUKHJINDER SINGH RANDHAWA,Punjab,GURDASPUR,147000000.0,Road Construction,Vendor_015,3052449.79,3052449.79,3101038.39,19028154.93,111,0,0,0,0,,0,1.6,0,0.000501384773779326,0.001,Low,0.87
MPLAD-4049,SUKHJINDER SINGH RANDHAWA,Punjab,GURDASPUR,147000000.0,Health Sub-Centre,Vendor_005,2566850.11,2566850.11,2549159.08,21595005.05,101,0,0,0,0,,0,0.7,0,3.394335066032747e-05,0.0,Low,0.61
MPLAD-4050,SUKHJINDER SINGH RANDHAWA,Punjab,GURDASPUR,147000000.0,Health Sub-Centre,Vendor_020,6680414.11,6680414.11,6705192.56,28275419.15,195,0,0,0,0,,0,0.4,0,0.19388465361448906,0.194,Low,1.59
MPLAD-4051,SUKHJINDER SINGH RANDHAWA,Punjab,GURDASPUR,147000000.0,Community Hall,Vendor_002,4302910.49,4302910.49,4339000.26,32578329.64,169,0,1,0,0,DUPGRP-4051,0,0.8,0,0.047501523084052304,0.75,High,1.54
MPLAD-4052,SUKHJINDER SINGH RANDHAWA,Punjab,GURDASPUR,147000000.0,Community Hall,Vendor_003,4181653.98,4181653.98,4142950.54,36759983.63,181,0,1,0,0,DUPGRP-4051,0,0.9,0,0.030773656606908343,0.75,High,1.49
MPLAD-4053,SUKHJINDER SINGH RANDHAWA,Punjab,GURDASPUR,147000000.0,Solar Street Lighting,Vendor_017,2028528.58,2028528.58,2026193.21,38788512.21,134,0,0,0,0,,0,0.1,1,0.022244977194118526,0.4,Medium,1.35
MPLAD-4054,SUNIL BOSE,Karnataka,CHAMARAJANAGAR(SC),147000000.0,School Building,Vendor_019,4550182.51,4550182.51,4612850.76,4550182.51,117,0,1,0,0,DUPGRP-4054,0,1.4,0,0.00022240541253402846,0.75,High,0.91
MPLAD-4055,SUNIL BOSE,Karnataka,CHAMARAJANAGAR(SC),147000000.0,School Building,Vendor_014,4562860.44,4562860.44,4645556.24,9113042.95,108,0,1,0,0,DUPGRP-4054,0,1.8,0,0.000272007676410503,0.75,High,0.91
MPLAD-4056,SUNIL BOSE,Karnataka,CHAMARAJANAGAR(SC),147000000.0,Drinking Water Supply,Vendor_010,1372496.49,1372496.49,1389693.29,10485539.44,130,0,0,0,0,,0,1.3,0,0.0003945186220212681,0.0,Low,0.62
MPLAD-4057,SUNIL BOSE,Karnataka,CHAMARAJANAGAR(SC),147000000.0,Sports Infrastructure,Vendor_013,3765425.91,3765425.91,3700173.52,14250965.35,168,0,0,0,0,,0,1.7,0,0.01145505446285725,0.011,Low,1.26
MPLAD-4058,SUNIL BOSE,Karnataka,CHAMARAJANAGAR(SC),147000000.0,Drinking Water Supply,Vendor_022,1942773.79,1942773.79,1947569.28,16193739.15,159,0,0,0,0,,0,0.2,1,0.001121602063970744,0.4,Medium,0.88
MPLAD-4059,SUNIL BOSE,Karnataka,CHAMARAJANAGAR(SC),147000000.0,School Building,Vendor_014,5819583.15,5819583.15,8062720.71,22013322.29,226,0,0,0,1,,0,38.5,0,0.0032945100910546795,0.85,High,1.16
MPLAD-4060,SUNIL BOSE,Karnataka,CHAMARAJANAGAR(SC),147000000.0,Sports Infrastructure,Vendor_006,3889401.03,3889401.03,3900326.92,25902723.32,254,0,1,0,0,DUPGRP-4060,0,0.3,0,0.012827482047051555,0.75,High,1.3
MPLAD-4061,SUNIL BOSE,Karnataka,CHAMARAJANAGAR(SC),147000000.0,Sports Infrastructure,Vendor_006,3825114.05,3825114.05,3899601.32,29727837.37,239,0,1,0,0,DUPGRP-4060,0,1.9,0,0.011180875695974875,0.75,High,1.28
MPLAD-4062,Sunil Dattatray Tatkare,Maharashtra,RAIGAD,147000000.0,Drinking Water Supply,Vendor_001,1823235.55,1823235.55,2163115.62,1823235.55,175,0,0,0,1,,0,18.6,0,0.0007218924317838095,0.666,High,0.83
MPLAD-4063,Sunil Dattatray Tatkare,Maharashtra,RAIGAD,147000000.0,Health Sub-Centre,Vendor_004,3418271.16,3418271.16,3456360.72,5241506.71,77,0,0,0,0,,0,1.1,1,0.0002689481053939919,0.4,Medium,0.81
MPLAD-4064,Sunil Dattatray Tatkare,Maharashtra,RAIGAD,147000000.0,Solar Street Lighting,Vendor_024,1751277.37,1751277.37,1778671.61,6992784.08,148,0,0,0,0,,0,1.6,0,0.010593023599512771,0.011,Low,1.17
MPLAD-4065,Sunil Dattatray Tatkare,Maharashtra,RAIGAD,147000000.0,School Building,Vendor_004,8487262.92,8487262.92,8350626.81,15480046.99,200,1,0,0,0,,0,1.6,1,0.5431959037337887,0.543,Medium,1.7
MPLAD-4066,Sunil Dattatray Tatkare,Maharashtra,RAIGAD,147000000.0,Solar Street Lighting,Vendor_012,930861.37,930861.37,934868.31,16410908.37,98,0,0,0,0,,0,0.4,0,0.0016035126123583427,0.002,Low,0.62
MPLAD-4067,Sunil Dattatray Tatkare,Maharashtra,RAIGAD,147000000.0,Health Sub-Centre,Vendor_016,3978471.49,3978471.49,3968158.83,20389379.85,202,0,0,0,0,,0,0.3,0,0.0005173026943728461,0.001,Low,0.95
MPLAD-4068,Sunil Kumar VALMIKI,Bihar,NAGAR,147000000.0,School Building,Vendor_003,5798558.02,5798558.02,5781250.04,5798558.02,199,0,0,0,0,,0,0.3,0,0.0025914364725922482,0.003,Low,1.16
MPLAD-4069,Sunil Kumar VALMIKI,Bihar,NAGAR,147000000.0,Sports Infrastructure,Vendor_004,2498770.99,2498770.99,2511822.6,8297329.01,118,0,0,0,0,,0,0.5,1,0.0007691163307778446,0.4,Medium,0.83
MPLAD-4070,Sunil Kumar VALMIKI,Bihar,NAGAR,147000000.0,Sports Infrastructure,Vendor_018,1201921.64,1201921.64,1178514.63,9499250.65,121,0,1,0,0,DUPGRP-4070,0,1.9,0,4.1707284568470776e-05,0.75,High,0.4
MPLAD-4071,Sunil Kumar VALMIKI,Bihar,NAGAR,147000000.0,Sports Infrastructure,Vendor_004,1208008.5,1208008.5,1212099.09,10707259.15,135,0,1,0,0,DUPGRP-4070,0,0.3,1,3.118951009984547e-05,1.0,High,0.4
MPLAD-4072,Sunil Kumar VALMIKI,Bihar,NAGAR,147000000.0,Health Sub-Centre,Vendor_004,5156109.06,5156109.06,5175537.47,15863368.21,181,0,0,0,0,,0,0.4,1,0.005657404389703873,0.4,Medium,1.23
MPLAD-4073,Sunil Kumar VALMIKI,Bihar,NAGAR,147000000.0,Drinking Water Supply,Vendor_022,1383499.97,1383499.97,1379010.22,17246868.18,131,0,0,0,0,,0,0.3,1,0.0003971589209082032,0.4,Medium,0.63
MPLAD-4074,Sunil Kumar VALMIKI,Bihar,NAGAR,147000000.0,Community Hall,Vendor_013,2881217.78,2881217.78,2932738.07,20128085.96,212,0,0,0,0,,0,1.8,0,0.0011684029419314244,0.001,Low,1.03
MPLAD-4075,SURENDRA PRASAD YADAV,Bihar,JAHANABAD,155325714.0,Health Sub-Centre,Vendor_003,8507130.37,8507130.37,9917311.7,8507130.37,262,1,0,0,1,,0,16.6,0,0.9055116706755156,0.906,High,2.03
MPLAD-4076,SURENDRA PRASAD YADAV,Bihar,JAHANABAD,155325714.0,Drinking Water Supply,Vendor_022,1376768.82,1376768.82,1399425.33,9883899.19,223,0,0,0,0,,0,1.6,1,0.00032057501799435424,0.4,Medium,0.63
MPLAD-4077,SURENDRA PRASAD YADAV,Bihar,JAHANABAD,155325714.0,Health Sub-Centre,Vendor_024,4219760.27,4219760.27,4158369.36,14103659.47,231,0,0,0,0,,0,1.5,0,0.0015243167185463218,0.002,Low,1.0
MPLAD-4078,SURENDRA PRASAD YADAV,Bihar,JAHANABAD,155325714.0,Drinking Water Supply,Vendor_019,1931840.45,1931840.45,1956725.07,16035499.92,206,0,1,0,0,DUPGRP-4078,0,1.3,0,0.0010625916371188333,0.75,High,0.88
MPLAD-4079,SURENDRA PRASAD YADAV,Bihar,JAHANABAD,155325714.0,Drinking Water Supply,Vendor_019,1884565.03,1884565.03,1854716.22,17920064.95,197,0,1,0,0,DUPGRP-4078,0,1.6,0,0.0008695916616417141,0.75,High,0.86
MPLAD-4080,SURESH GOPI,Kerala,THRISSUR,147000000.0,Community Hall,Vendor_006,3537999.22,3537999.22,3541047.99,3537999.22,112,0,0,0,0,,0,0.1,0,0.02093269659113777,0.021,Low,1.26
MPLAD-4081,SURESH GOPI,Kerala,THRISSUR,147000000.0,Community Hall,Vendor_005,2340643.5,2340643.5,2895292.52,5878642.72,121,0,0,0,1,,0,23.7,0,0.0012422355929023147,0.717,High,0.84
MPLAD-4082,SURESH GOPI,Kerala,THRISSUR,147000000.0,Road Construction,Vendor_022,3571167.0,3571167.0,3626476.77,9449809.72,139,0,0,0,0,,0,1.5,1,0.0010490534893354184,0.4,Medium,1.02
MPLAD-4083,SURESH GOPI,Kerala,THRISSUR,147000000.0,Solar Street Lighting,Vendor_006,750235.3,750235.3,736142.96,10200045.02,143,0,0,0,0,,0,1.9,0,0.000660966401760268,0.001,Low,0.5
MPLAD-4084,SURESH GOPI,Kerala,THRISSUR,147000000.0,School Building,Vendor_008,3731153.5,3731153.5,3672452.96,13931198.52,188,0,0,0,0,,0,1.6,0,2.4604335710642062e-05,0.0,Low,0.75
MPLAD-4085,SURESH GOPI,Kerala,THRISSUR,147000000.0,Solar Street Lighting,Vendor_018,1516905.85,1516905.85,1515756.8,15448104.37,113,0,0,0,0,,0,0.1,0,0.005768389068737024,0.006,Low,1.01
MPLAD-4086,SURESH GOPI,Kerala,THRISSUR,147000000.0,School Building,Vendor_022,4661667.06,4661667.06,4661282.67,20109771.43,121,0,0,0,0,,0,0.0,1,0.00026191617229894324,0.4,Medium,0.93
MPLAD-4087,SURESH GOPI,Kerala,THRISSUR,147000000.0,Sports Infrastructure,Vendor_009,4972981.57,4972981.57,5037950.78,25082753.0,251,0,0,0,0,,0,1.3,0,0.1437674045519879,0.144,Low,1.66
MPLAD-4088,Suresh Kumar Kashyap SHIMLA,Himachal Pradesh,(SC),153563957.11,Health Sub-Centre,Vendor_016,4013883.77,4013883.77,3978004.1,4013883.77,117,0,0,0,0,,0,0.9,0,0.0003756634342321324,0.0,Low,0.96
MPLAD-4089,Suresh Kumar Kashyap SHIMLA,Himachal Pradesh,(SC),153563957.11,Solar Street Lighting,Vendor_008,2123029.46,2123029.46,2612516.38,6136913.23,209,0,0,0,1,,0,23.1,0,0.05242480812841066,0.711,High,1.42
MPLAD-4090,Suresh Kumar Kashyap SHIMLA,Himachal Pradesh,(SC),153563957.11,Road Construction,Vendor_022,4877845.74,4877845.74,4915260.87,11014758.97,281,0,0,1,0,,0,0.8,1,0.04482373986869164,0.4,Medium,1.39
MPLAD-4091,Suresh Kumar Kashyap SHIMLA,Himachal Pradesh,(SC),153563957.11,Sports Infrastructure,Vendor_022,2492332.15,2492332.15,2481882.85,13507091.12,163,0,0,0,0,,0,0.4,1,0.00041447173578152736,0.4,Medium,0.83
MPLAD-4092,Suresh Kumar Kashyap SHIMLA,Himachal Pradesh,(SC),153563957.11,Drinking Water Supply,Vendor_025,1743612.25,1743612.25,1762687.3,15250703.37,151,0,0,0,0,,0,1.1,0,0.0007171651465496078,0.001,Low,0.79
MPLAD-4093,SURESH KUMAR SHETKAR,Telangana,ZAHIRABAD,147000000.0,School Building,Vendor_022,9846494.87,9846494.87,9764174.04,9846494.87,170,1,0,0,0,,0,0.8,1,0.9475812572654201,0.948,High,1.97
MPLAD-4094,SURESH KUMAR SHETKAR,Telangana,ZAHIRABAD,147000000.0,Road Construction,Vendor_022,3444612.14,3444612.14,3483462.9,13291107.01,163,0,0,0,0,,0,1.1,1,0.0006478648743884057,0.4,Medium,0.98
MPLAD-4095,SURESH KUMAR SHETKAR,Telangana,ZAHIRABAD,147000000.0,Solar Street Lighting,Vendor_017,1270930.55,1270930.55,1248398.51,14562037.56,167,0,0,0,0,,0,1.8,1,0.002956106383578727,0.4,Medium,0.85
MPLAD-4096,SURESH KUMAR SHETKAR,Telangana,ZAHIRABAD,147000000.0,Sports Infrastructure,Vendor_011,3099332.92,3099332.92,3148341.47,17661370.48,192,0,0,0,0,,0,1.6,0,0.0017687628262358323,0.002,Low,1.03
MPLAD-4097,SURESH KUMAR SHETKAR,Telangana,ZAHIRABAD,147000000.0,Road Construction,Vendor_006,2563726.9,2563726.9,2565079.89,20225097.38,152,0,0,0,0,,0,0.1,0,8.307818506318528e-05,0.0,Low,0.73
MPLAD-4098,SURESH KUMAR SHETKAR,Telangana,ZAHIRABAD,147000000.0,Drinking Water Supply,Vendor_003,1629900.52,1629900.52,1642638.43,21854997.9,207,0,0,0,0,,0,0.8,0,0.0004767265642189932,0.0,Low,0.74
MPLAD-4099,Swami Sachchidanandhari Sakshi ji Maharaj,Uttar Pradesh,UNNAO,147000000.0,Sports Infrastructure,Vendor_015,2385470.66,2385470.66,2398679.89,2385470.66,243,0,0,0,0,,0,0.6,0,0.0004179302436378854,0.0,Low,0.8
MPLAD-4100,Swami Sachchidanandhari Sakshi ji Maharaj,Uttar Pradesh,UNNAO,147000000.0,Drinking Water Supply,Vendor_004,3196657.24,3196657.24,3215595.57,5582127.9,235,0,0,0,0,,0,0.6,1,0.05099442448772484,0.4,Medium,1.45
MPLAD-4101,Swami Sachchidanandhari Sakshi ji Maharaj,Uttar Pradesh,UNNAO,147000000.0,Road Construction,Vendor_020,5346056.2,5346056.2,5241476.08,10928184.1,205,0,0,0,0,,0,2.0,0,0.09335242657813769,0.093,Low,1.53
MPLAD-4102,Swami Sachchidanandhari Sakshi ji Maharaj,Uttar Pradesh,UNNAO,147000000.0,School Building,Vendor_008,6054534.9,6054534.9,5960497.35,16982719.0,135,0,0,0,0,,0,1.6,0,0.0049734069241782536,0.005,Low,1.21
MPLAD-4103,Swami Sachchidanandhari Sakshi ji Maharaj,Uttar Pradesh,UNNAO,147000000.0,Solar Street Lighting,Vendor_017,1450594.74,1450594.74,1477804.91,18433313.75,96,0,1,0,0,DUPGRP-4103,0,1.9,1,0.005761137798771858,1.0,High,0.97
MPLAD-4104,Swami Sachchidanandhari Sakshi ji Maharaj,Uttar Pradesh,UNNAO,147000000.0,Solar Street Lighting,Vendor_017,1468612.44,1468612.44,1467115.75,19901926.18,92,0,1,0,0,DUPGRP-4103,0,0.1,1,0.006341954845522185,1.0,High,0.98
MPLAD-4105,Swami Sachchidanandhari Sakshi ji Maharaj,Uttar Pradesh,UNNAO,147000000.0,Health Sub-Centre,Vendor_023,1534819.24,1534819.24,1537830.42,21436745.43,256,0,0,0,0,,0,0.2,0,2.6130984800666388e-05,0.0,Low,0.37
MPLAD-4106,T Sumathy (A) Thamizhachi Thangapandian CHENNAI,Tamil Nadu,SOUTH,147000000.0,Road Construction,Vendor_022,2064956.75,2064956.75,2077019.73,2064956.75,188,0,0,0,0,,0,0.6,1,2.7325857870854347e-05,0.4,Medium,0.59
MPLAD-4107,T Sumathy (A) Thamizhachi Thangapandian CHENNAI,Tamil Nadu,SOUTH,147000000.0,Drinking Water Supply,Vendor_004,3436763.55,3436763.55,3421657.45,5501720.3,138,0,0,0,0,,0,0.4,1,0.08773261623658285,0.4,Medium,1.56
MPLAD-4108,T Sumathy (A) Thamizhachi Thangapandian CHENNAI,Tamil Nadu,SOUTH,147000000.0,Drinking Water Supply,Vendor_009,2644797.64,2644797.64,2602761.54,8146517.94,161,0,0,0,0,,0,1.6,0,0.007970357778481695,0.008,Low,1.2
MPLAD-4109,T Sumathy (A) Thamizhachi Thangapandian CHENNAI,Tamil Nadu,SOUTH,147000000.0,Solar Street Lighting,Vendor_021,1770615.58,1770615.58,1786524.28,9917133.51,285,0,0,1,0,,0,0.9,0,0.029369805850481812,0.029,Low,1.18
MPLAD-4110,T Sumathy (A) Thamizhachi Thangapandian CHENNAI,Tamil Nadu,SOUTH,147000000.0,Health Sub-Centre,Vendor_010,10205883.75,10205883.75,10212582.83,20123017.27,121,1,0,0,0,,0,0.1,0,0.9884718801819748,0.988,High,2.43
MPLAD-4111,T Sumathy (A) Thamizhachi Thangapandian CHENNAI,Tamil Nadu,SOUTH,147000000.0,Drinking Water Supply,Vendor_004,2400209.39,2400209.39,2370506.34,22523226.66,123,0,0,0,0,,0,1.2,1,0.006247442449118705,0.4,Medium,1.09
MPLAD-4112,T Sumathy (A) Thamizhachi Thangapandian CHENNAI,Tamil Nadu,SOUTH,147000000.0,Community Hall,Vendor_005,3617731.99,3617731.99,3658344.58,26140958.64,207,0,0,0,0,,0,1.1,0,0.006529695810541569,0.007,Low,1.29
MPLAD-4113,T Sumathy (A) Thamizhachi Thangapandian CHENNAI,Tamil Nadu,SOUTH,147000000.0,School Building,Vendor_009,6590606.32,6590606.32,6536558.7,32731564.96,81,0,0,0,0,,0,0.8,0,0.024585415414681865,0.025,Low,1.32
MPLAD-4114,TANGELLA UDAY SRINIVAS,Andhra Pradesh,KAKINADA,199417886.76,Community Hall,Vendor_017,3115203.89,3115203.89,3111207.86,3115203.89,198,0,0,0,0,,0,0.1,1,0.002032445678497795,0.4,Medium,1.11
MPLAD-4115,TANGELLA UDAY SRINIVAS,Andhra Pradesh,KAKINADA,199417886.76,Community Hall,Vendor_011,2813118.2,2813118.2,2847025.98,5928322.08,256,0,0,0,0,,0,1.2,0,0.0016067674882891075,0.002,Low,1.0
MPLAD-4116,TANGELLA UDAY SRINIVAS,Andhra Pradesh,KAKINADA,199417886.76,Road Construction,Vendor_014,5410637.5,5410637.5,5422170.42,11338959.58,100,0,0,0,0,,0,0.2,0,0.14104490213830853,0.141,Low,1.55
MPLAD-4117,TANGELLA UDAY SRINIVAS,Andhra Pradesh,KAKINADA,199417886.76,Solar Street Lighting,Vendor_021,1567193.72,1567193.72,1572620.44,12906153.3,30,0,0,0,0,,0,0.3,0,0.025638449374749506,0.026,Low,1.04
MPLAD-4118,TANUJ PUNIA,Uttar Pradesh,BARABANKI(SC),148198170.11,Solar Street Lighting,Vendor_012,1560383.86,1560383.86,1576269.92,1560383.86,113,0,0,0,0,,0,1.0,0,0.0064623852091687545,0.006,Low,1.04
MPLAD-4119,TANUJ PUNIA,Uttar Pradesh,BARABANKI(SC),148198170.11,Sports Infrastructure,Vendor_016,2353201.79,2353201.79,2325489.52,3913585.65,159,0,0,0,0,,0,1.2,0,0.0003026316049827292,0.0,Low,0.78
MPLAD-4120,TANUJ PUNIA,Uttar Pradesh,BARABANKI(SC),148198170.11,Health Sub-Centre,Vendor_006,2455185.26,2455185.26,2447638.17,6368770.9,197,0,1,0,0,DUPGRP-4120,0,0.3,0,2.1480624895165948e-05,0.75,High,0.58
MPLAD-4121,TANUJ PUNIA,Uttar Pradesh,BARABANKI(SC),148198170.11,Health Sub-Centre,Vendor_006,2502288.74,2502288.74,2506215.12,8871059.64,199,0,1,0,0,DUPGRP-4120,0,0.2,0,2.4334937420923358e-05,0.75,High,0.6
MPLAD-4122,TARIQ ANWAR,Bihar,KATIHAR,147000000.0,Road Construction,Vendor_002,1565150.36,1565150.36,1589440.57,1565150.36,333,0,0,1,0,,0,1.6,0,0.0006695287248800624,0.001,Low,0.45
MPLAD-4123,TARIQ ANWAR,Bihar,KATIHAR,147000000.0,Health Sub-Centre,Vendor_004,6412791.52,6412791.52,6512535.13,7977941.88,249,0,0,0,0,,0,1.6,1,0.17210260215127546,0.4,Medium,1.53
MPLAD-4124,TARIQ ANWAR,Bihar,KATIHAR,147000000.0,Sports Infrastructure,Vendor_020,6253347.43,6253347.43,6195675.96,14231289.3,262,1,0,0,0,,0,0.9,0,0.7137415899229147,0.714,High,2.08
MPLAD-4125,TARIQ ANWAR,Bihar,KATIHAR,147000000.0,Health Sub-Centre,Vendor_014,3808927.55,3808927.55,3747699.28,18040216.85,87,0,0,0,0,,0,1.6,0,0.0004154270988914536,0.0,Low,0.91
MPLAD-4126,TARIQ ANWAR,Bihar,KATIHAR,147000000.0,Road Construction,Vendor_020,1992450.83,1992450.83,1985138.44,20032667.68,214,0,0,0,0,,0,0.4,0,3.323695033335312e-05,0.0,Low,0.57
MPLAD-4127,Thalikkottai Rajuthevar Baalu,Tamil Nadu,SRIPERUMBUDUR,196905535.11,Drinking Water Supply,Vendor_023,2325396.98,2325396.98,3231876.1,2325396.98,81,0,0,0,1,,0,39.0,0,0.010119459995185306,0.85,High,1.06
MPLAD-4128,Thalikkottai Rajuthevar Baalu,Tamil Nadu,SRIPERUMBUDUR,196905535.11,Sports Infrastructure,Vendor_022,3320461.62,3320461.62,3314066.35,5645858.6,115,0,0,0,0,,0,0.2,1,0.006083268115390484,0.4,Medium,1.11
MPLAD-4129,Thalikkottai Rajuthevar Baalu,Tamil Nadu,SRIPERUMBUDUR,196905535.11,Road Construction,Vendor_015,2603460.49,2603460.49,2620902.96,8249319.09,82,0,0,0,0,,0,0.7,0,0.0004735474601599429,0.0,Low,0.74
MPLAD-4130,Thalikkottai Rajuthevar Baalu,Tamil Nadu,SRIPERUMBUDUR,196905535.11,Drinking Water Supply,Vendor_018,2711138.42,2711138.42,2697043.47,10960457.51,193,0,0,0,0,,0,0.5,0,0.008902422861871968,0.009,Low,1.23
MPLAD-4131,Thalikkottai Rajuthevar Baalu,Tamil Nadu,SRIPERUMBUDUR,196905535.11,Health Sub-Centre,Vendor_018,2170858.98,2170858.98,2209552.61,13131316.49,219,0,0,0,0,,0,1.8,0,2.1453227591641116e-05,0.0,Low,0.52
MPLAD-4132,Thalikkottai Rajuthevar Baalu,Tamil Nadu,SRIPERUMBUDUR,196905535.11,Community Hall,Vendor_023,2950173.45,2950173.45,2914782.89,16081489.94,136,0,0,0,0,,0,1.2,0,0.0032904836649863584,0.003,Low,1.05
MPLAD-4133,Thalikkottai Rajuthevar Baalu,Tamil Nadu,SRIPERUMBUDUR,196905535.11,Solar Street Lighting,Vendor_009,2238376.86,2238376.86,2253729.94,18319866.8,136,0,0,0,0,,0,0.7,0,0.040335856234360035,0.04,Low,1.49
MPLAD-4134,THANGA TAMILSELVAN,Tamil Nadu,THENI,167755939.81,Road Construction,Vendor_023,5018246.83,5018246.83,5047481.07,5018246.83,274,0,0,1,0,,0,0.6,0,0.05734466903367295,0.057,Low,1.43
MPLAD-4135,THANGA TAMILSELVAN,Tamil Nadu,THENI,167755939.81,Drinking Water Supply,Vendor_006,2466867.78,2466867.78,2912555.26,7485114.61,124,0,0,0,1,,0,18.1,0,0.007348736325258365,0.661,High,1.12
MPLAD-4136,THANGA TAMILSELVAN,Tamil Nadu,THENI,167755939.81,Solar Street Lighting,Vendor_007,1694906.31,1694906.31,1712064.42,9180020.92,288,0,0,1,0,,0,1.0,0,0.024741358900881756,0.025,Low,1.13
MPLAD-4137,THARANIVENTHAN M S,Tamil Nadu,ARANI,168337124.35,School Building,Vendor_015,4650016.81,4650016.81,4703718.61,4650016.81,132,0,0,0,0,,0,1.2,0,0.00021704214868329888,0.0,Low,0.93
MPLAD-4138,THARANIVENTHAN M S,Tamil Nadu,ARANI,168337124.35,Solar Street Lighting,Vendor_005,50000.0,50000.0,49486.03,4700016.81,259,0,0,0,0,,0,1.0,0,0.0004349655145000301,0.0,Low,0.03
MPLAD-4139,THARANIVENTHAN M S,Tamil Nadu,ARANI,168337124.35,Drinking Water Supply,Vendor_025,1351414.7,1351414.7,1357057.33,6051431.51,268,0,0,0,0,,0,0.4,0,0.00123796631330888,0.001,Low,0.61
MPLAD-4140,THARANIVENTHAN M S,Tamil Nadu,ARANI,168337124.35,Road Construction,Vendor_016,4616612.92,4616612.92,4591386.77,10668044.43,198,0,0,0,0,,0,0.5,0,0.014478895854343388,0.014,Low,1.32
MPLAD-4141,Thiru Dayanidhi Maran CHENNAI,Tamil Nadu,CENTRAL,147000000.0,Community Hall,Vendor_006,2883444.23,2883444.23,2910717.86,2883444.23,132,0,0,0,0,,0,0.9,0,0.0030935654558250122,0.003,Low,1.03
MPLAD-4142,Thiru Dayanidhi Maran CHENNAI,Tamil Nadu,CENTRAL,147000000.0,Health Sub-Centre,Vendor_018,1587572.08,1587572.08,1613063.3,4471016.31,197,0,0,0,0,,0,1.6,0,4.974287588289217e-06,0.0,Low,0.38
MPLAD-4143,Thiru Dayanidhi Maran CHENNAI,Tamil Nadu,CENTRAL,147000000.0,Solar Street Lighting,Vendor_002,2470509.79,2470509.79,2469710.19,6941526.11,142,0,0,0,0,,0,0.0,0,0.07924396149959263,0.079,Low,1.65
MPLAD-4144,Thirumaa Valavan Thol,Tamil Nadu,CHIDAMBARAM(SC),147000000.0,School Building,Vendor_024,4899843.77,4899843.77,4933929.56,4899843.77,223,0,0,0,0,,0,0.7,0,0.0004289483490018458,0.0,Low,0.98
MPLAD-4145,Thirumaa Valavan Thol,Tamil Nadu,CHIDAMBARAM(SC),147000000.0,Health Sub-Centre,Vendor_004,5370267.35,5370267.35,5444688.88,10270111.12,91,0,0,0,0,,0,1.4,1,0.008167147288600496,0.4,Medium,1.28
MPLAD-4146,Thirumaa Valavan Thol,Tamil Nadu,CHIDAMBARAM(SC),147000000.0,Road Construction,Vendor_022,4788361.78,4788361.78,4760729.77,15058472.9,200,0,0,0,0,,0,0.6,1,0.022781375504126816,0.4,Medium,1.37
MPLAD-4147,Thirumaa Valavan Thol,Tamil Nadu,CHIDAMBARAM(SC),147000000.0,Sports Infrastructure,Vendor_001,2576203.72,2576203.72,2622785.59,17634676.62,148,0,1,0,0,DUPGRP-4147,0,1.8,0,0.0005866929166922695,0.75,High,0.86
MPLAD-4148,Thirumaa Valavan Thol,Tamil Nadu,CHIDAMBARAM(SC),147000000.0,Sports Infrastructure,Vendor_001,2608951.74,2608951.74,2631775.6,20243628.36,149,0,1,0,0,DUPGRP-4147,0,0.9,0,0.0006299577004351897,0.75,High,0.87
MPLAD-4149,Thirumaa Valavan Thol,Tamil Nadu,CHIDAMBARAM(SC),147000000.0,Road Construction,Vendor_004,4062134.88,4062134.88,4010377.95,24305763.24,186,0,0,0,0,,0,1.3,1,0.00323382574399334,0.4,Medium,1.16
MPLAD-4150,TOKHAN SAHU,Chhattisgarh,BILASPUR,147000000.0,Drinking Water Supply,Vendor_022,1484828.65,1484828.65,1465169.1,1484828.65,191,0,0,0,0,,0,1.3,1,0.00028824543484901976,0.4,Medium,0.67
MPLAD-4151,TOKHAN SAHU,Chhattisgarh,BILASPUR,147000000.0,Community Hall,Vendor_004,2567079.22,2567079.22,2558757.05,4051907.87,201,0,0,0,0,,0,0.3,1,0.0005716350264997629,0.4,Medium,0.92
MPLAD-4152,TOKHAN SAHU,Chhattisgarh,BILASPUR,147000000.0,School Building,Vendor_003,7801938.46,7801938.46,7947714.97,11853846.33,129,0,0,0,0,,0,1.9,0,0.21178751381195207,0.212,Low,1.56
MPLAD-4153,TRIVENDRA SINGH RAWAT,Uttarakhand,HARDWAR,147000000.0,Road Construction,Vendor_017,392031.41,392031.41,394533.73,392031.41,139,0,0,0,0,,0,0.6,1,1.7059131581460964e-06,0.4,Medium,0.11
MPLAD-4154,TRIVENDRA SINGH RAWAT,Uttarakhand,HARDWAR,147000000.0,Solar Street Lighting,Vendor_022,582050.15,582050.15,572785.77,974081.56,70,0,0,0,0,,0,1.6,1,0.001413540330955587,0.4,Medium,0.39
MPLAD-4155,TRIVENDRA SINGH RAWAT,Uttarakhand,HARDWAR,147000000.0,Drinking Water Supply,Vendor_014,3355640.62,3355640.62,3318877.82,4329722.17,217,0,0,0,0,,0,1.1,0,0.06427009929857645,0.064,Low,1.53
MPLAD-4156,TRIVENDRA SINGH RAWAT,Uttarakhand,HARDWAR,147000000.0,Drinking Water Supply,Vendor_015,2679554.93,2679554.93,2726421.59,7009277.1,201,0,0,0,0,,0,1.7,0,0.008396387576127345,0.008,Low,1.22
MPLAD-4157,TRIVENDRA SINGH RAWAT,Uttarakhand,HARDWAR,147000000.0,Sports Infrastructure,Vendor_011,4606927.03,4606927.03,4636098.25,11616204.13,265,0,0,0,0,,0,0.6,0,0.05911683878670328,0.059,Low,1.54
MPLAD-4158,TRIVENDRA SINGH RAWAT,Uttarakhand,HARDWAR,147000000.0,School Building,Vendor_007,2998627.93,2998627.93,3023891.43,14614832.06,279,0,0,1,0,,0,0.8,0,6.087993072943877e-05,0.0,Low,0.6
MPLAD-4159,UJJWAL RAMAN SINGH,Uttar Pradesh,ALLAHABAD,147000000.0,Health Sub-Centre,Vendor_024,2923907.96,2923907.96,2951119.2,2923907.96,325,0,0,1,0,,0,0.9,0,0.001555236310419171,0.002,Low,0.7
MPLAD-4160,UJJWAL RAMAN SINGH,Uttar Pradesh,ALLAHABAD,147000000.0,Health Sub-Centre,Vendor_022,6165763.99,6165763.99,6215556.2,9089671.94,123,0,0,0,0,,0,0.8,1,0.039284172116234466,0.4,Medium,1.47
MPLAD-4161,UJJWAL RAMAN SINGH,Uttar Pradesh,ALLAHABAD,147000000.0,Road Construction,Vendor_022,3905127.47,3905127.47,3913823.86,12994799.41,177,0,0,0,0,,0,0.2,1,0.0020943123328455455,0.4,Medium,1.12
MPLAD-4162,UJJWAL RAMAN SINGH,Uttar Pradesh,ALLAHABAD,147000000.0,Solar Street Lighting,Vendor_007,960827.6,960827.6,963437.14,13955627.01,270,0,0,0,0,,0,0.3,0,0.004124068723210841,0.004,Low,0.64
MPLAD-4163,UJJWAL RAMAN SINGH,Uttar Pradesh,ALLAHABAD,147000000.0,Drinking Water Supply,Vendor_021,3921272.04,3921272.04,3931349.7,17876899.05,233,0,0,0,0,,0,0.3,0,0.28906444756271504,0.289,Low,1.78
MPLAD-4164,UJJWAL RAMAN SINGH,Uttar Pradesh,ALLAHABAD,147000000.0,School Building,Vendor_017,4955429.22,4955429.22,4910636.73,22832328.28,255,0,1,0,0,DUPGRP-4164,0,0.9,1,0.0008128525762203095,1.0,High,0.99
MPLAD-4165,UJJWAL RAMAN SINGH,Uttar Pradesh,ALLAHABAD,147000000.0,School Building,Vendor_017,5093271.98,5093271.98,5106212.15,27925600.25,259,0,1,0,0,DUPGRP-4164,0,0.3,1,0.001139413292730745,1.0,High,1.02
MPLAD-4166,UMMEDA RAM BENIWAL,Rajasthan,BARMER,147000000.0,Road Construction,Vendor_020,2356371.15,2356371.15,3039249.04,2356371.15,206,0,0,0,1,,0,29.0,0,6.261827589352351e-05,0.77,High,0.67
MPLAD-4167,UMMEDA RAM BENIWAL,Rajasthan,BARMER,147000000.0,Solar Street Lighting,Vendor_009,1457642.75,1457642.75,1476874.24,3814013.9,68,0,0,0,0,,0,1.3,0,0.00922002263825289,0.009,Low,0.97
MPLAD-4168,UMMEDA RAM BENIWAL,Rajasthan,BARMER,147000000.0,Drinking Water Supply,Vendor_007,3349766.51,3349766.51,3287764.84,7163780.41,211,0,0,0,0,,0,1.9,0,0.060587091937186054,0.061,Low,1.52
MPLAD-4169,UMMEDA RAM BENIWAL,Rajasthan,BARMER,147000000.0,Health Sub-Centre,Vendor_010,5703087.43,5703087.43,5705636.45,12866867.84,168,0,0,0,0,,0,0.0,0,0.017855773534147933,0.018,Low,1.36
MPLAD-4170,UMMEDA RAM BENIWAL,Rajasthan,BARMER,147000000.0,Sports Infrastructure,Vendor_006,2475186.14,2475186.14,2443522.21,15342053.98,156,0,0,0,0,,0,1.3,0,0.0004201862371986893,0.0,Low,0.83
MPLAD-4171,UMMEDA RAM BENIWAL,Rajasthan,BARMER,147000000.0,Solar Street Lighting,Vendor_006,1900226.13,1900226.13,1895191.5,17242280.12,181,0,0,0,0,,0,0.3,0,0.020914520414896793,0.021,Low,1.27
MPLAD-4172,UTKARSH VERMA MADHUR,Uttar Pradesh,KHERI,147000000.0,Sports Infrastructure,Vendor_009,2719782.59,2719782.59,2703974.41,2719782.59,213,0,1,0,0,DUPGRP-4172,0,0.6,0,0.0007053927570534014,0.75,High,0.91
MPLAD-4173,UTKARSH VERMA MADHUR,Uttar Pradesh,KHERI,147000000.0,Sports Infrastructure,Vendor_023,2767716.11,2767716.11,2783631.8,5487498.7,214,0,1,0,0,DUPGRP-4172,0,0.6,0,0.0007960865671974495,0.75,High,0.92
MPLAD-4174,UTKARSH VERMA MADHUR,Uttar Pradesh,KHERI,147000000.0,Health Sub-Centre,Vendor_004,6556840.58,6556840.58,6608667.03,12044339.28,176,0,0,0,0,,0,0.8,1,0.1291565202702237,0.4,Medium,1.56
MPLAD-4175,UTKARSH VERMA MADHUR,Uttar Pradesh,KHERI,147000000.0,Sports Infrastructure,Vendor_017,2633312.46,2633312.46,2585793.8,14677651.74,198,0,0,0,0,,0,1.8,1,0.0005431425149831312,0.4,Medium,0.88
MPLAD-4176,UTKARSH VERMA MADHUR,Uttar Pradesh,KHERI,147000000.0,Road Construction,Vendor_025,4395948.88,4395948.88,4311141.03,19073600.62,237,1,0,0,0,,0,1.9,0,0.011101631474031108,0.011,Low,1.26
MPLAD-4177,UTKARSH VERMA MADHUR,Uttar Pradesh,KHERI,147000000.0,Drinking Water Supply,Vendor_008,2085043.91,2085043.91,2095873.14,21158644.52,30,0,0,0,0,,0,0.5,0,0.013719941868417075,0.014,Low,0.95
MPLAD-4178,UTKARSH VERMA MADHUR,Uttar Pradesh,KHERI,147000000.0,Solar Street Lighting,Vendor_004,2042216.79,2042216.79,2015256.26,23200861.31,170,0,0,0,0,,0,1.3,1,0.028732060874148695,0.4,Medium,1.36
MPLAD-4179,UTKARSH VERMA MADHUR,Uttar Pradesh,KHERI,147000000.0,Drinking Water Supply,Vendor_012,2623748.51,2623748.51,2664105.06,25824609.82,93,0,0,0,0,,0,1.5,0,0.01698328567055575,0.017,Low,1.19
MPLAD-4180,UTKARSH VERMA MADHUR,Uttar Pradesh,KHERI,147000000.0,School Building,Vendor_019,5268695.9,5268695.9,5186731.21,31093305.72,236,0,0,0,0,,0,1.6,0,0.0011240654225481979,0.001,Low,1.05
MPLAD-4181,V S Matheswaran,Tamil Nadu,NAMAKKAL,162539930.11,Health Sub-Centre,Vendor_020,3585864.21,3585864.21,3523855.2,3585864.21,209,0,0,0,0,,0,1.7,0,0.00025390382506885773,0.0,Low,0.85
MPLAD-4182,V S Matheswaran,Tamil Nadu,NAMAKKAL,162539930.11,School Building,Vendor_022,6354374.83,6354374.83,6312745.56,9940239.04,118,0,0,0,0,,0,0.7,1,0.011029866879183704,0.4,Medium,1.27
MPLAD-4183,V S Matheswaran,Tamil Nadu,NAMAKKAL,162539930.11,Road Construction,Vendor_001,4444232.08,4444232.08,4379257.79,14384471.12,215,0,0,0,0,,0,1.5,0,0.010341271192342768,0.01,Low,1.27
MPLAD-4184,V S Matheswaran,Tamil Nadu,NAMAKKAL,162539930.11,Solar Street Lighting,Vendor_008,3540277.6,3540277.6,3469506.16,17924748.73,234,1,0,0,0,,0,2.0,0,0.8053730549896277,0.805,High,2.36
MPLAD-4185,V S Matheswaran,Tamil Nadu,NAMAKKAL,162539930.11,Drinking Water Supply,Vendor_009,683000.78,683000.78,681710.05,18607749.5,169,0,0,0,0,,0,0.2,0,4.0544282369632345e-05,0.0,Low,0.31
MPLAD-4186,V S Matheswaran,Tamil Nadu,NAMAKKAL,162539930.11,Health Sub-Centre,Vendor_015,4679822.61,4679822.61,4760959.5,23287572.11,154,0,0,0,0,,0,1.7,0,0.0014738661089425285,0.001,Low,1.11
MPLAD-4187,V S Matheswaran,Tamil Nadu,NAMAKKAL,162539930.11,Community Hall,Vendor_022,5110009.89,5110009.89,5141481.89,28397582.0,209,0,0,0,0,,0,0.6,1,0.2012288568354178,0.4,Medium,1.83
MPLAD-4188,V S Matheswaran,Tamil Nadu,NAMAKKAL,162539930.11,Drinking Water Supply,Vendor_024,2298435.75,2298435.75,2256940.33,30696017.76,89,0,0,0,0,,0,1.8,0,0.008359226414227598,0.008,Low,1.04
MPLAD-4189,V. SOMANNA,Karnataka,TUMKUR,147000000.0,Drinking Water Supply,Vendor_017,2732546.44,2732546.44,2777554.92,2732546.44,228,0,0,0,0,,0,1.6,1,0.012981737991147286,0.4,Medium,1.24
MPLAD-4190,V. SOMANNA,Karnataka,TUMKUR,147000000.0,Health Sub-Centre,Vendor_003,2225306.29,2225306.29,2212400.84,4957852.73,115,0,0,0,0,,0,0.6,0,1.4166337007716372e-05,0.0,Low,0.53
MPLAD-4191,V. SOMANNA,Karnataka,TUMKUR,147000000.0,Health Sub-Centre,Vendor_023,4306865.64,4306865.64,4247092.82,9264718.37,63,0,0,0,0,,0,1.4,0,0.0017773788641614343,0.002,Low,1.03
MPLAD-4192,V. SOMANNA,Karnataka,TUMKUR,147000000.0,Health Sub-Centre,Vendor_024,4026021.84,4026021.84,4010037.47,13290740.21,62,0,0,0,0,,0,0.4,0,0.0011326200255479689,0.001,Low,0.96
MPLAD-4193,Vaithilingam Ve,Puducherry,Puducherry,209368972.11,Solar Street Lighting,Vendor_001,1777677.46,1777677.46,1748802.15,1777677.46,196,0,0,0,0,,0,1.6,0,0.01694665932268276,0.017,Low,1.19
MPLAD-4194,Vaithilingam Ve,Puducherry,Puducherry,209368972.11,Drinking Water Supply,Vendor_025,1755114.59,1755114.59,1735179.31,3532792.06,114,0,0,0,0,,0,1.1,0,0.0014105735238284654,0.001,Low,0.8
MPLAD-4195,Vaithilingam Ve,Puducherry,Puducherry,209368972.11,Sports Infrastructure,Vendor_013,3616860.44,3616860.44,3590141.29,7149652.49,243,0,0,0,0,,0,0.7,0,0.006814235696471803,0.007,Low,1.21
MPLAD-4196,Vaithilingam Ve,Puducherry,Puducherry,209368972.11,Community Hall,Vendor_004,2288075.12,2288075.12,2315766.22,9437727.62,187,0,0,0,0,,0,1.2,1,0.0003246390475402976,0.4,Medium,0.82
MPLAD-4197,VAMSI KRISHNA GADDAM,Telangana,PEDDAPALLE,148451721.11,School Building,Vendor_018,3375141.11,3375141.11,3348594.85,3375141.11,240,0,1,0,0,DUPGRP-4197,0,0.8,0,3.085852522886286e-05,0.75,High,0.68
MPLAD-4198,VAMSI KRISHNA GADDAM,Telangana,PEDDAPALLE,148451721.11,School Building,Vendor_018,3335618.88,3335618.88,3367490.36,6710759.99,254,0,1,0,0,DUPGRP-4197,0,1.0,0,4.3144131039565984e-05,0.75,High,0.67
MPLAD-4199,VAMSI KRISHNA GADDAM,Telangana,PEDDAPALLE,148451721.11,Drinking Water Supply,Vendor_019,1996450.62,1996450.62,2005634.76,8707210.61,261,0,0,0,0,,0,0.5,0,0.004245161242200655,0.004,Low,0.91
MPLAD-4200,VAMSI KRISHNA GADDAM,Telangana,PEDDAPALLE,148451721.11,School Building,Vendor_010,14046430.43,14046430.43,18897385.98,22753641.03,102,1,0,0,1,,0,34.5,0,0.9975189344544138,0.998,High,2.81
MPLAD-4201,VAMSI KRISHNA GADDAM,Telangana,PEDDAPALLE,148451721.11,Sports Infrastructure,Vendor_014,2573237.17,2573237.17,2550507.65,25326878.2,198,0,0,0,0,,0,0.9,0,0.0004682988689536263,0.0,Low,0.86
MPLAD-4202,VAMSI KRISHNA GADDAM,Telangana,PEDDAPALLE,148451721.11,Sports Infrastructure,Vendor_016,3045739.13,3045739.13,2992170.38,28372617.33,117,0,0,0,0,,0,1.8,0,0.002965065406374935,0.003,Low,1.02
MPLAD-4203,VAMSI KRISHNA GADDAM,Telangana,PEDDAPALLE,148451721.11,Road Construction,Vendor_008,3555282.17,3555282.17,3591528.34,31927899.5,199,0,0,0,0,,0,1.0,0,0.0009613016744633709,0.001,Low,1.02
MPLAD-4204,VAMSI KRISHNA GADDAM,Telangana,PEDDAPALLE,148451721.11,School Building,Vendor_022,5616012.68,5616012.68,5706799.0,37543912.18,169,0,0,0,0,,0,1.6,1,0.0015636968208403614,0.4,Medium,1.12
MPLAD-4205,VARUN CHAUDHRY AMBALA,Haryana,(SC),255454264.0,Road Construction,Vendor_012,3005258.9,3005258.9,3017743.77,3005258.9,104,0,0,0,0,,0,0.4,0,0.000539845052687144,0.001,Low,0.86
MPLAD-4206,VARUN CHAUDHRY AMBALA,Haryana,(SC),255454264.0,Drinking Water Supply,Vendor_013,2516718.49,2516718.49,2501129.32,5521977.38,263,0,0,0,0,,0,0.6,0,0.015983475674482644,0.016,Low,1.14
MPLAD-4207,VARUN CHAUDHRY AMBALA,Haryana,(SC),255454264.0,Solar Street Lighting,Vendor_004,370314.56,370314.56,373246.45,5892291.94,144,0,0,0,0,,0,0.8,1,0.00024831124197683595,0.4,Medium,0.25
MPLAD-4208,VARUN CHAUDHRY AMBALA,Haryana,(SC),255454264.0,Road Construction,Vendor_014,3645211.09,3645211.09,4353119.27,9537503.03,201,0,0,0,1,,0,19.4,0,0.001223892676331528,0.674,High,1.04
MPLAD-4209,VARUN CHAUDHRY AMBALA,Haryana,(SC),255454264.0,Road Construction,Vendor_014,2755891.83,2755891.83,2744298.1,12293394.86,166,0,0,0,0,,0,0.4,0,0.00012051730926385373,0.0,Low,0.79
MPLAD-4210,VARUN CHAUDHRY AMBALA,Haryana,(SC),255454264.0,Community Hall,Vendor_005,3841072.15,3841072.15,3832239.41,16134467.01,252,0,0,0,0,,0,0.2,0,0.01290719589257913,0.013,Low,1.37
MPLAD-4211,Vellalath Kochukrishnan Nair Sreekandan,Kerala,PALAKKAD,167807990.11,Community Hall,Vendor_017,2485565.96,2485565.96,2443923.72,2485565.96,162,0,0,0,0,,0,1.7,1,0.0006797847253614378,0.4,Medium,0.89
MPLAD-4212,Vellalath Kochukrishnan Nair Sreekandan,Kerala,PALAKKAD,167807990.11,Road Construction,Vendor_017,10285497.88,10285497.88,10193970.31,12771063.84,138,1,0,0,0,,0,0.9,1,0.9997070927514069,1.0,High,2.94
MPLAD-4213,Vellalath Kochukrishnan Nair Sreekandan,Kerala,PALAKKAD,167807990.11,Community Hall,Vendor_015,3087353.35,3087353.35,3121211.35,15858417.19,191,0,0,0,0,,0,1.1,0,0.001973398075915241,0.002,Low,1.1
MPLAD-4214,Vellalath Kochukrishnan Nair Sreekandan,Kerala,PALAKKAD,167807990.11,School Building,Vendor_022,4066892.41,4066892.41,3987394.21,19925309.6,215,0,0,0,0,,0,2.0,1,6.678131407254889e-05,0.4,Medium,0.81
MPLAD-4215,Vellalath Kochukrishnan Nair Sreekandan,Kerala,PALAKKAD,167807990.11,Health Sub-Centre,Vendor_006,4267220.2,4267220.2,5402509.73,24192529.8,244,0,0,0,1,,0,26.6,0,0.0021902540874216263,0.746,High,1.02
MPLAD-4216,Vellalath Kochukrishnan Nair Sreekandan,Kerala,PALAKKAD,167807990.11,Solar Street Lighting,Vendor_012,1644197.47,1644197.47,1620390.45,25836727.27,179,0,0,0,0,,0,1.4,0,0.009645773091208232,0.01,Low,1.1
MPLAD-4217,Vellalath Kochukrishnan Nair Sreekandan,Kerala,PALAKKAD,167807990.11,School Building,Vendor_007,5154791.65,5154791.65,6485663.85,30991518.92,64,0,0,0,1,,0,25.8,0,0.002294863635019912,0.738,High,1.03
MPLAD-4218,Vellalath Kochukrishnan Nair Sreekandan,Kerala,PALAKKAD,167807990.11,Road Construction,Vendor_005,7585853.99,7585853.99,7508655.29,38577372.91,224,1,0,0,0,,0,1.0,0,0.9586782499782234,0.959,High,2.17
MPLAD-4219,Vijay Baghel,Chhattisgarh,DURG,147000000.0,Drinking Water Supply,Vendor_004,2424914.6,2424914.6,2446911.07,2424914.6,120,0,0,0,0,,0,0.9,1,0.006973148454843357,0.4,Medium,1.1
MPLAD-4220,Vijay Baghel,Chhattisgarh,DURG,147000000.0,Drinking Water Supply,Vendor_009,2118992.25,2118992.25,2113379.41,4543906.85,170,0,0,0,0,,0,0.3,0,0.0016803640890347704,0.002,Low,0.96
MPLAD-4221,Vijay Baghel,Chhattisgarh,DURG,147000000.0,Road Construction,Vendor_015,2353377.48,2353377.48,2318887.87,6897284.33,165,0,0,0,0,,0,1.5,0,4.813886224894906e-05,0.0,Low,0.67
MPLAD-4222,Vijay Baghel,Chhattisgarh,DURG,147000000.0,School Building,Vendor_004,6006757.04,6006757.04,5963562.57,12904041.37,116,0,0,0,0,,0,0.7,1,0.005212280692311721,0.4,Medium,1.2
MPLAD-4223,Vijay Baghel,Chhattisgarh,DURG,147000000.0,Drinking Water Supply,Vendor_012,1791601.15,1791601.15,2090196.38,14695642.52,261,0,0,0,1,,0,16.7,0,0.0026048946779750376,0.647,Medium,0.81
MPLAD-4224,Vijay Baghel,Chhattisgarh,DURG,147000000.0,Solar Street Lighting,Vendor_007,2138809.51,2138809.51,2117255.56,16834452.03,192,0,0,0,0,,0,1.0,0,0.04687750905101938,0.047,Low,1.43
MPLAD-4225,Vijay Baghel,Chhattisgarh,DURG,147000000.0,Community Hall,Vendor_012,3060790.43,3060790.43,3024372.97,19895242.46,131,0,0,0,0,,0,1.2,0,0.004734476230038232,0.005,Low,1.09
MPLAD-4226,Vijay Kumar Dubey KUSHI,Uttar Pradesh,NAGAR,148900000.0,Community Hall,Vendor_004,1252205.99,1252205.99,1228340.97,1252205.99,162,0,0,0,0,,0,1.9,1,5.1614811640784994e-05,0.4,Medium,0.45
MPLAD-4227,Vijay Kumar Dubey KUSHI,Uttar Pradesh,NAGAR,148900000.0,Road Construction,Vendor_004,2054282.5,2054282.5,2085877.54,3306488.5,219,0,0,0,0,,0,1.5,1,4.1433661684618435e-05,0.4,Medium,0.59
MPLAD-4228,Vijay Kumar Dubey KUSHI,Uttar Pradesh,NAGAR,148900000.0,Sports Infrastructure,Vendor_014,2808912.68,2808912.68,2855655.85,6115401.17,126,0,0,0,0,,0,1.7,0,0.0014206005165356018,0.001,Low,0.94
MPLAD-4229,Vijay Kumar Dubey KUSHI,Uttar Pradesh,NAGAR,148900000.0,Solar Street Lighting,Vendor_013,1298565.78,1298565.78,1301695.57,7413966.95,187,0,0,0,0,,0,0.2,0,0.0038119269049140766,0.004,Low,0.87
MPLAD-4230,Vijay Kumar Dubey KUSHI,Uttar Pradesh,NAGAR,148900000.0,Road Construction,Vendor_001,2158785.6,2158785.6,2137684.96,9572752.55,114,0,0,0,0,,0,1.0,0,6.882743259137979e-05,0.0,Low,0.62
MPLAD-4231,Vijay Kumar Dubey KUSHI,Uttar Pradesh,NAGAR,148900000.0,School Building,Vendor_016,3504420.57,3504420.57,3528627.44,13077173.11,67,0,0,0,0,,0,0.7,0,0.00013846724010240722,0.0,Low,0.7
MPLAD-4232,Vijay Kumar Hansdak,Jharkhand,RAJMAHAL(ST),147223957.11,Solar Street Lighting,Vendor_008,1669164.61,1669164.61,1684358.39,1669164.61,238,0,0,0,0,,0,0.9,0,0.01877189098365498,0.019,Low,1.11
MPLAD-4233,Vijay Kumar Hansdak,Jharkhand,RAJMAHAL(ST),147223957.11,Drinking Water Supply,Vendor_012,1512071.04,1512071.04,1527962.28,3181235.65,250,0,0,0,0,,0,1.1,0,0.0009261702521723227,0.001,Low,0.69
MPLAD-4234,Vijay Kumar Hansdak,Jharkhand,RAJMAHAL(ST),147223957.11,Sports Infrastructure,Vendor_021,2816997.12,2816997.12,2818070.9,5998232.77,138,0,0,0,0,,0,0.0,0,0.001216980181555089,0.001,Low,0.94
MPLAD-4235,Vijay Kumar Hansdak,Jharkhand,RAJMAHAL(ST),147223957.11,School Building,Vendor_020,5209921.09,5209921.09,5287605.75,11208153.86,160,0,0,0,0,,0,1.5,0,0.0006129894883335973,0.001,Low,1.04
MPLAD-4236,Vijay Kumar Hansdak,Jharkhand,RAJMAHAL(ST),147223957.11,Road Construction,Vendor_011,4680141.67,4680141.67,4662200.59,15888295.52,188,0,0,0,0,,0,0.4,0,0.016417286461283483,0.016,Low,1.34
MPLAD-4237,Vijay Kumar Hansdak,Jharkhand,RAJMAHAL(ST),147223957.11,Community Hall,Vendor_004,3126812.01,3126812.01,3096183.81,19015107.53,234,0,0,0,0,,0,1.0,1,0.002301285938907351,0.4,Medium,1.12
MPLAD-4238,Vijay Kumar Hansdak,Jharkhand,RAJMAHAL(ST),147223957.11,Community Hall,Vendor_015,2903825.42,2903825.42,2908053.8,21918932.95,151,0,0,0,0,,0,0.1,0,0.0021659026723264887,0.002,Low,1.04
MPLAD-4239,Vijay Kumar Hansdak,Jharkhand,RAJMAHAL(ST),147223957.11,Sports Infrastructure,Vendor_016,1050118.76,1050118.76,1064412.6,22969051.71,207,0,0,0,0,,0,1.4,0,1.7062404056047152e-05,0.0,Low,0.35
MPLAD-4240,VIJAYLAKSHMI DEVI,Bihar,SIWAN,147000000.0,School Building,Vendor_004,3639891.56,3639891.56,4287610.97,3639891.56,202,0,0,0,1,,0,17.8,1,2.3550856593372524e-05,1.0,High,0.73
MPLAD-4241,VIJAYLAKSHMI DEVI,Bihar,SIWAN,147000000.0,Road Construction,Vendor_001,3974216.74,3974216.74,3921060.1,7614108.3,221,0,0,0,0,,0,1.3,0,0.0033800266056837674,0.003,Low,1.14
MPLAD-4242,VIJAYLAKSHMI DEVI,Bihar,SIWAN,147000000.0,Solar Street Lighting,Vendor_005,1416268.66,1416268.66,1898879.96,9030376.96,172,0,0,0,1,,0,34.1,0,0.00466209201839408,0.821,High,0.94
MPLAD-4243,VIJAYLAKSHMI DEVI,Bihar,SIWAN,147000000.0,Road Construction,Vendor_006,792028.34,792028.34,800602.53,9822405.3,192,0,0,0,0,,0,1.1,0,2.6071137628681657e-06,0.0,Low,0.23
MPLAD-4244,VIJAYLAKSHMI DEVI,Bihar,SIWAN,147000000.0,Community Hall,Vendor_011,2712087.37,2712087.37,2750331.03,12534492.67,175,0,0,0,0,,0,1.4,0,0.0009478485042082733,0.001,Low,0.97
MPLAD-4245,VIJAYLAKSHMI DEVI,Bihar,SIWAN,147000000.0,Sports Infrastructure,Vendor_014,1156711.66,1156711.66,1136543.61,13691204.34,194,0,0,0,0,,0,1.7,0,1.8936520507222982e-05,0.0,Low,0.39
MPLAD-4246,Vinod Chavda,Gujarat,KACHCHH(SC),147000000.0,Solar Street Lighting,Vendor_017,992581.19,992581.19,982080.34,992581.19,130,0,0,0,0,,0,1.1,1,0.0013113378906797215,0.4,Medium,0.66
MPLAD-4247,Vinod Chavda,Gujarat,KACHCHH(SC),147000000.0,Health Sub-Centre,Vendor_018,5205123.19,5205123.19,5303393.35,6197704.38,299,0,0,1,0,,0,1.9,0,0.02799600139255015,0.028,Low,1.24
MPLAD-4248,Vinod Chavda,Gujarat,KACHCHH(SC),147000000.0,School Building,Vendor_018,14043070.75,14043070.75,14064235.13,20240775.13,104,1,0,0,0,,0,0.2,0,0.9976518218253161,0.998,High,2.81
MPLAD-4249,Vinod Chavda,Gujarat,KACHCHH(SC),147000000.0,Sports Infrastructure,Vendor_004,1656541.55,1656541.55,1682635.86,21897316.68,106,0,0,0,0,,0,1.6,1,0.00015479342728061876,0.4,Medium,0.55
MPLAD-4250,Vinod Chavda,Gujarat,KACHCHH(SC),147000000.0,Drinking Water Supply,Vendor_009,3205486.3,3205486.3,3263694.81,25102802.98,96,0,0,0,0,,0,1.8,0,0.06631518693452886,0.066,Low,1.46
MPLAD-4251,Vinod Chavda,Gujarat,KACHCHH(SC),147000000.0,Drinking Water Supply,Vendor_005,50000.0,50000.0,49719.58,25152802.98,148,0,1,0,0,DUPGRP-4251,0,0.6,0,1.3505424706771852e-05,0.75,High,0.02
MPLAD-4252,Vinod Chavda,Gujarat,KACHCHH(SC),147000000.0,Drinking Water Supply,Vendor_005,51532.63,51532.63,51830.35,25204335.6,154,0,1,0,0,DUPGRP-4251,0,0.6,0,1.2126623271053048e-05,0.75,High,0.02
MPLAD-4253,VINOD KUMAR BIND,Uttar Pradesh,BHADOHI,147000000.0,Solar Street Lighting,Vendor_019,1232609.71,1232609.71,1235505.23,1232609.71,215,0,0,0,0,,0,0.2,0,0.004368750190345728,0.004,Low,0.82
MPLAD-4254,VINOD KUMAR BIND,Uttar Pradesh,BHADOHI,147000000.0,Solar Street Lighting,Vendor_008,1556849.62,1556849.62,1532068.38,2789459.33,207,0,1,0,0,DUPGRP-4254,0,1.6,0,0.010021741571368748,0.75,High,1.04
MPLAD-4255,VINOD KUMAR BIND,Uttar Pradesh,BHADOHI,147000000.0,Solar Street Lighting,Vendor_008,1585451.84,1585451.84,1594296.06,4374911.17,193,0,1,0,0,DUPGRP-4254,0,0.6,0,0.009346664485078711,0.75,High,1.06
MPLAD-4256,VINOD KUMAR BIND,Uttar Pradesh,BHADOHI,147000000.0,Road Construction,Vendor_021,8365580.07,8365580.07,8480160.65,12740491.24,100,1,0,0,0,,0,1.4,0,0.9904494793160243,0.99,High,2.39
MPLAD-4257,VINOD KUMAR BIND,Uttar Pradesh,BHADOHI,147000000.0,Road Construction,Vendor_013,3579032.31,3579032.31,3640602.2,16319523.55,243,0,1,0,0,DUPGRP-4257,0,1.7,0,0.0017799760419417812,0.75,High,1.02
MPLAD-4258,VINOD KUMAR BIND,Uttar Pradesh,BHADOHI,147000000.0,Road Construction,Vendor_013,3689193.03,3689193.03,3693986.06,20008716.58,246,0,1,0,0,DUPGRP-4257,0,0.1,0,0.002393451561766193,0.75,High,1.05
MPLAD-4259,VINOD KUMAR BIND,Uttar Pradesh,BHADOHI,147000000.0,Community Hall,Vendor_004,2253646.46,2253646.46,2275363.9,22262363.04,214,0,0,0,0,,0,1.0,1,0.00029701544832588475,0.4,Medium,0.8
MPLAD-4260,VINOD KUMAR BIND,Uttar Pradesh,BHADOHI,147000000.0,Drinking Water Supply,Vendor_025,3020788.88,3020788.88,3024970.26,25283151.92,255,0,0,0,0,,0,0.1,0,0.04597706348210992,0.046,Low,1.37
MPLAD-4261,VINOD KUMAR BIND,Uttar Pradesh,BHADOHI,147000000.0,Community Hall,Vendor_003,3672335.38,3672335.38,4731124.01,28955487.29,30,0,0,0,1,,0,28.8,0,0.08295819706447646,0.768,High,1.31
MPLAD-4262,Virendra Kumar,Madhya Pradesh,TIKAMGARH(SC),147000000.0,Sports Infrastructure,Vendor_005,4693606.71,4693606.71,4752935.93,4693606.71,212,0,0,0,0,,0,1.3,0,0.10449782625784429,0.104,Low,1.56
MPLAD-4263,Virendra Kumar,Madhya Pradesh,TIKAMGARH(SC),147000000.0,Community Hall,Vendor_025,2500487.57,2500487.57,2529797.25,7194094.28,173,0,0,0,0,,0,1.2,0,0.0005983193186267899,0.001,Low,0.89
MPLAD-4264,Virendra Kumar,Madhya Pradesh,TIKAMGARH(SC),147000000.0,School Building,Vendor_004,3814399.28,3814399.28,3757581.39,11008493.56,75,0,0,0,0,,0,1.5,1,0.00016986670663953518,0.4,Medium,0.76
MPLAD-4265,Virendra Kumar,Madhya Pradesh,TIKAMGARH(SC),147000000.0,Community Hall,Vendor_007,4351976.52,4351976.52,4379491.82,15360470.08,191,0,1,0,0,DUPGRP-4265,0,0.6,0,0.04225329628439867,0.75,High,1.55
MPLAD-4266,Virendra Kumar,Madhya Pradesh,TIKAMGARH(SC),147000000.0,Community Hall,Vendor_007,4255855.9,4255855.9,4220969.84,19616325.98,192,0,1,0,0,DUPGRP-4265,0,0.8,0,0.033233219259519824,0.75,High,1.52
MPLAD-4267,Virendra Kumar,Madhya Pradesh,TIKAMGARH(SC),147000000.0,Health Sub-Centre,Vendor_022,2605122.38,2605122.38,2626891.26,22221448.36,182,0,1,0,0,DUPGRP-4267,0,0.8,1,2.2345205752062374e-05,1.0,High,0.62
MPLAD-4268,Virendra Kumar,Madhya Pradesh,TIKAMGARH(SC),147000000.0,Health Sub-Centre,Vendor_022,2513025.4,2513025.4,2495792.42,24734473.76,194,0,1,0,0,DUPGRP-4267,0,0.7,1,2.2618073088078998e-05,1.0,High,0.6
MPLAD-4269,Virendra Kumar,Madhya Pradesh,TIKAMGARH(SC),147000000.0,Drinking Water Supply,Vendor_019,874609.24,874609.24,888532.29,25609082.99,218,0,0,0,0,,0,1.6,0,8.509121361820021e-05,0.0,Low,0.4
MPLAD-4270,Virendra Kumar,Madhya Pradesh,TIKAMGARH(SC),147000000.0,Drinking Water Supply,Vendor_010,4146862.74,4146862.74,4177624.39,29755945.74,139,1,0,0,0,,0,0.7,0,0.4286073779943241,0.429,Medium,1.88
MPLAD-4271,Virendra Kumar,Madhya Pradesh,TIKAMGARH(SC),147000000.0,Drinking Water Supply,Vendor_025,756661.88,756661.88,765340.63,30512607.62,107,0,0,0,0,,0,1.1,0,0.00017121688216078251,0.0,Low,0.34
MPLAD-4272,VIRENDRA SINGH,Uttar Pradesh,CHANDAULI,147000000.0,Health Sub-Centre,Vendor_022,3840419.04,3840419.04,3889395.04,3840419.04,224,0,1,0,0,DUPGRP-4272,0,1.3,1,0.0005923064878747967,1.0,High,0.91
MPLAD-4273,VIRENDRA SINGH,Uttar Pradesh,CHANDAULI,147000000.0,Health Sub-Centre,Vendor_022,3867472.81,3867472.81,3796691.17,7707891.85,220,0,1,0,0,DUPGRP-4272,0,1.8,1,0.0005761108060264846,1.0,High,0.92
MPLAD-4274,VIRENDRA SINGH,Uttar Pradesh,CHANDAULI,147000000.0,Sports Infrastructure,Vendor_010,2768518.93,2768518.93,2732120.19,10476410.78,184,0,0,0,0,,0,1.3,0,0.0007624012297137508,0.001,Low,0.92
MPLAD-4275,VIRENDRA SINGH,Uttar Pradesh,CHANDAULI,147000000.0,Health Sub-Centre,Vendor_009,3805016.14,3805016.14,3782031.98,14281426.92,196,0,0,0,0,,0,0.6,0,0.0003198231554262374,0.0,Low,0.91
MPLAD-4276,VIRENDRA SINGH,Uttar Pradesh,CHANDAULI,147000000.0,Sports Infrastructure,Vendor_010,2628243.93,2628243.93,2661279.62,16909670.86,245,0,0,0,0,,0,1.3,0,0.0007219042648602316,0.001,Low,0.88
MPLAD-4277,VIRENDRA SINGH,Uttar Pradesh,CHANDAULI,147000000.0,Health Sub-Centre,Vendor_022,6010241.36,6010241.36,5936874.02,22919912.22,75,0,0,0,0,,0,1.2,1,0.03263829984954008,0.4,Medium,1.43
MPLAD-4278,VIRENDRA SINGH,Uttar Pradesh,CHANDAULI,147000000.0,School Building,Vendor_022,3596509.31,3596509.31,4842909.46,26516421.53,134,0,0,0,1,,0,34.7,1,2.415189876723224e-05,1.0,High,0.72
MPLAD-4279,VIRENDRA SINGH,Uttar Pradesh,CHANDAULI,147000000.0,Drinking Water Supply,Vendor_022,2998355.49,2998355.49,3026916.38,29514777.02,190,0,0,0,0,,0,1.0,1,0.020425765426175416,0.4,Medium,1.36
MPLAD-4280,VISHAL,Maharashtra,SANGLI,147000000.0,Community Hall,Vendor_009,1516160.16,1516160.16,1486512.42,1516160.16,178,0,0,0,0,,0,2.0,0,6.919786249862532e-05,0.0,Low,0.54
MPLAD-4281,VISHAL,Maharashtra,SANGLI,147000000.0,School Building,Vendor_006,7731630.79,7731630.79,7792106.86,9247790.95,98,1,0,0,0,,0,0.8,0,0.18440056633767174,0.184,Low,1.55
MPLAD-4282,VISHAL,Maharashtra,SANGLI,147000000.0,Community Hall,Vendor_009,2737421.01,2737421.01,2773281.47,11985211.97,192,0,0,0,0,,0,1.3,0,0.0008667935074539345,0.001,Low,0.98
MPLAD-4283,VISHAL,Maharashtra,SANGLI,147000000.0,Road Construction,Vendor_017,3683078.86,3683078.86,3672040.05,15668290.83,223,0,0,0,0,,0,0.3,1,0.0017027391489540238,0.4,Medium,1.05
MPLAD-4284,VISHAL,Maharashtra,SANGLI,147000000.0,Sports Infrastructure,Vendor_004,1694126.7,1694126.7,1693907.29,17362417.53,163,0,0,0,0,,0,0.0,1,6.184589892336816e-05,0.4,Medium,0.56
MPLAD-4285,VISHAL,Maharashtra,SANGLI,147000000.0,Drinking Water Supply,Vendor_005,2169328.39,2169328.39,2181619.32,19531745.91,138,0,1,0,0,DUPGRP-4285,0,0.6,0,0.0026970682330440896,0.75,High,0.99
MPLAD-4286,VISHAL,Maharashtra,SANGLI,147000000.0,Drinking Water Supply,Vendor_003,2227156.33,2227156.33,2250500.81,21758902.25,148,0,1,0,0,DUPGRP-4285,0,1.0,0,0.0027706761373116166,0.75,High,1.01
MPLAD-4287,VISHAL,Maharashtra,SANGLI,147000000.0,Drinking Water Supply,Vendor_024,915863.65,915863.65,903157.26,22674765.89,125,0,0,0,0,,0,1.4,0,0.00014966433531876528,0.0,Low,0.42
MPLAD-4288,VISHAL,Maharashtra,SANGLI,147000000.0,Sports Infrastructure,Vendor_005,3241766.89,3241766.89,3287180.24,25916532.78,196,0,0,0,0,,0,1.4,0,0.0025539658461926676,0.003,Low,1.08
MPLAD-4289,Vishnu Dayal Ram,Jharkhand,PALAMU(SC),158176083.11,Drinking Water Supply,Vendor_022,1883788.43,1883788.43,1868557.21,1883788.43,78,0,0,0,0,,0,0.8,1,0.004050617761250126,0.4,Medium,0.86
MPLAD-4290,Vishnu Dayal Ram,Jharkhand,PALAMU(SC),158176083.11,Health Sub-Centre,Vendor_003,3928959.58,3928959.58,3932632.17,5812748.01,160,0,0,0,0,,0,0.1,0,0.00027980429225521887,0.0,Low,0.94
MPLAD-4291,Vishnu Dayal Ram,Jharkhand,PALAMU(SC),158176083.11,School Building,Vendor_006,3825585.38,3825585.38,3762528.59,9638333.39,203,0,0,0,0,,0,1.6,0,3.4536200990407046e-05,0.0,Low,0.77
MPLAD-4292,Vishnu Dayal Ram,Jharkhand,PALAMU(SC),158176083.11,Road Construction,Vendor_013,4725677.22,4725677.22,4644567.11,14364010.61,240,0,0,0,0,,0,1.7,0,0.024878845648115214,0.025,Low,1.35
MPLAD-4293,Vishnu Dayal Ram,Jharkhand,PALAMU(SC),158176083.11,Health Sub-Centre,Vendor_017,5045794.16,5045794.16,5138250.53,19409804.77,239,0,0,0,0,,0,1.8,1,0.01023221663154684,0.4,Medium,1.2
MPLAD-4294,Vishnu Dayal Ram,Jharkhand,PALAMU(SC),158176083.11,Drinking Water Supply,Vendor_017,1862584.73,1862584.73,1839741.81,21272389.5,176,0,0,0,0,,0,1.2,1,0.0008011790390960484,0.4,Medium,0.85
MPLAD-4295,Vishnu Dayal Ram,Jharkhand,PALAMU(SC),158176083.11,Sports Infrastructure,Vendor_011,2814496.47,2814496.47,2779560.89,24086885.97,245,0,0,0,0,,0,1.2,0,0.0010881455906893243,0.001,Low,0.94
MPLAD-4296,Vishnu Dayal Ram,Jharkhand,PALAMU(SC),158176083.11,Community Hall,Vendor_011,4174965.15,4174965.15,4106934.06,28261851.12,145,0,0,0,0,,0,1.6,0,0.04949147753235814,0.049,Low,1.49
MPLAD-4297,Vishnu Dutt Sharma,Madhya Pradesh,KHAJURAHO,147000000.0,School Building,Vendor_017,4739279.73,4739279.73,4832810.42,4739279.73,151,0,0,0,0,,0,2.0,1,0.0002188081620803983,0.4,Medium,0.95
MPLAD-4298,Vishnu Dutt Sharma,Madhya Pradesh,KHAJURAHO,147000000.0,Community Hall,Vendor_013,4270847.04,4270847.04,4918059.43,9010126.77,162,0,0,0,1,,0,15.2,0,0.048255528691287825,0.632,Medium,1.53
MPLAD-4299,Vishnu Dutt Sharma,Madhya Pradesh,KHAJURAHO,147000000.0,Solar Street Lighting,Vendor_002,1635494.11,1635494.11,1652294.83,10645620.88,181,0,0,0,0,,0,1.0,0,0.009582343287185133,0.01,Low,1.09
MPLAD-4300,Vishnu Dutt Sharma,Madhya Pradesh,KHAJURAHO,147000000.0,Drinking Water Supply,Vendor_004,3685132.41,3685132.41,3728419.82,14330753.29,225,0,0,0,0,,0,1.2,1,0.1611636303622405,0.4,Medium,1.68
MPLAD-4301,Vishnu Dutt Sharma,Madhya Pradesh,KHAJURAHO,147000000.0,Drinking Water Supply,Vendor_008,741205.81,741205.81,742922.03,15071959.1,104,0,0,0,0,,0,0.2,0,0.0001810478304012992,0.0,Low,0.34
MPLAD-4302,Vishnu Dutt Sharma,Madhya Pradesh,KHAJURAHO,147000000.0,Community Hall,Vendor_017,3645180.05,3645180.05,3697646.14,18717139.15,144,0,0,0,0,,0,1.4,1,0.014295901355102452,0.4,Medium,1.3
MPLAD-4303,Vishnu Dutt Sharma,Madhya Pradesh,KHAJURAHO,147000000.0,Community Hall,Vendor_001,2079243.18,2079243.18,2084733.16,20796382.33,273,0,1,1,0,DUPGRP-4303,0,0.3,0,0.0006071397656029884,0.75,High,0.74
MPLAD-4304,Vishnu Dutt Sharma,Madhya Pradesh,KHAJURAHO,147000000.0,Community Hall,Vendor_001,2136360.61,2136360.61,2138286.34,22932742.93,265,0,1,0,0,DUPGRP-4303,0,0.1,0,0.0005422033607862674,0.75,High,0.76
MPLAD-4305,VISHWESHWAR HEGDE KAGERI UTTARA,Karnataka,KANNADA,147000000.0,Community Hall,Vendor_022,2148123.19,2148123.19,2150516.83,2148123.19,239,0,0,0,0,,0,0.1,1,0.00031782279533265433,0.4,Medium,0.77
MPLAD-4306,VISHWESHWAR HEGDE KAGERI UTTARA,Karnataka,KANNADA,147000000.0,School Building,Vendor_012,5005313.08,5005313.08,4989501.92,7153436.27,197,0,0,0,0,,0,0.3,0,0.00041187155492050886,0.0,Low,1.0
MPLAD-4307,VISHWESHWAR HEGDE KAGERI UTTARA,Karnataka,KANNADA,147000000.0,Community Hall,Vendor_010,4142907.19,4142907.19,4112053.5,11296343.46,228,0,0,0,0,,0,0.7,0,0.022346881559078415,0.022,Low,1.48
MPLAD-4308,VISHWESHWAR HEGDE KAGERI UTTARA,Karnataka,KANNADA,147000000.0,Road Construction,Vendor_010,5008553.97,5008553.97,4955290.03,16304897.43,149,0,0,0,0,,0,1.1,0,0.03905089265287758,0.039,Low,1.43
MPLAD-4309,VIVEK THAKUR,Bihar,NAWADA,147000000.0,Community Hall,Vendor_005,3502622.01,3502622.01,3546088.07,3502622.01,205,0,0,0,0,,0,1.2,0,0.004984391341660475,0.005,Low,1.25
MPLAD-4310,VIVEK THAKUR,Bihar,NAWADA,147000000.0,Community Hall,Vendor_018,2302579.78,2302579.78,2288314.7,5805201.79,217,0,0,0,0,,0,0.6,0,0.00033563547762718323,0.0,Low,0.82
MPLAD-4311,VIVEK THAKUR,Bihar,NAWADA,147000000.0,Health Sub-Centre,Vendor_013,5325209.32,5325209.32,5408768.97,11130411.12,182,0,0,0,0,,0,1.6,0,0.008515661736683212,0.009,Low,1.27
MPLAD-4312,VIVEK THAKUR,Bihar,NAWADA,147000000.0,Sports Infrastructure,Vendor_020,2620710.19,2620710.19,2623257.3,13751121.3,72,0,0,0,0,,0,0.1,0,0.0029162013164783724,0.003,Low,0.87
MPLAD-4313,Y S Avinash Reddy,Andhra Pradesh,KADAPA,156430260.11,School Building,Vendor_012,6318975.94,6318975.94,6423299.32,6318975.94,141,0,1,0,0,DUPGRP-4313,0,1.7,0,0.008876029998662802,0.75,High,1.26
MPLAD-4314,Y S Avinash Reddy,Andhra Pradesh,KADAPA,156430260.11,School Building,Vendor_016,6571195.96,6571195.96,6442446.21,12890171.9,139,0,1,0,0,DUPGRP-4313,0,2.0,0,0.016013939964650944,0.75,High,1.31
MPLAD-4315,Y S Avinash Reddy,Andhra Pradesh,KADAPA,156430260.11,School Building,Vendor_018,3305788.77,3305788.77,3334058.61,16195960.67,151,0,0,0,0,,0,0.9,0,1.1035505546471822e-05,0.0,Low,0.66
MPLAD-4316,Y S Avinash Reddy,Andhra Pradesh,KADAPA,156430260.11,Sports Infrastructure,Vendor_003,4483217.59,4483217.59,4407851.89,20679178.26,32,0,0,0,0,,0,1.7,0,0.18495822875420118,0.185,Low,1.49
MPLAD-4317,Y S Avinash Reddy,Andhra Pradesh,KADAPA,156430260.11,Drinking Water Supply,Vendor_017,1454271.16,1454271.16,1443983.35,22133449.42,253,0,0,0,0,,0,0.7,1,0.0008930955252470485,0.4,Medium,0.66
MPLAD-4318,YADUVEER KRISHNADATTA CHAMARAJA WADIYAR,Karnataka,MYSORE,147000000.0,Community Hall,Vendor_017,3363747.43,3363747.43,3321105.3,3363747.43,147,0,1,0,0,DUPGRP-4318,0,1.3,1,0.006909983614704434,1.0,High,1.2
MPLAD-4319,YADUVEER KRISHNADATTA CHAMARAJA WADIYAR,Karnataka,MYSORE,147000000.0,Community Hall,Vendor_004,3447098.75,3447098.75,3448643.71,6810846.18,152,0,1,0,0,DUPGRP-4318,0,0.0,1,0.007700731643522489,1.0,High,1.23
MPLAD-4320,YADUVEER KRISHNADATTA CHAMARAJA WADIYAR,Karnataka,MYSORE,147000000.0,Solar Street Lighting,Vendor_004,1398106.22,1398106.22,1399684.67,8208952.39,149,0,0,0,0,,0,0.1,1,0.0038856766068163153,0.4,Medium,0.93
MPLAD-4321,YADUVEER KRISHNADATTA CHAMARAJA WADIYAR,Karnataka,MYSORE,147000000.0,School Building,Vendor_002,6201820.27,6201820.27,6302069.18,14410772.67,187,0,0,0,0,,0,1.6,0,0.006401773207354304,0.006,Low,1.24
MPLAD-4322,YADUVEER KRISHNADATTA CHAMARAJA WADIYAR,Karnataka,MYSORE,147000000.0,Road Construction,Vendor_007,1424547.44,1424547.44,1991638.23,15835320.11,200,0,0,0,1,,0,39.8,0,8.720376335334567e-06,0.85,High,0.41
MPLAD-4323,YADUVEER KRISHNADATTA CHAMARAJA WADIYAR,Karnataka,MYSORE,147000000.0,Sports Infrastructure,Vendor_011,2511194.66,2511194.66,2464027.0,18346514.77,197,0,0,0,0,,0,1.9,0,0.00040130228345667613,0.0,Low,0.84
MPLAD-4324,Yogendra Chandoliya NORTH WEST,Delhi,DELHI(SC),147876307.0,Road Construction,Vendor_005,3915839.78,3915839.78,3947424.89,3915839.78,188,0,0,0,0,,0,0.8,0,0.0022337724728458824,0.002,Low,1.12
MPLAD-4325,Yogendra Chandoliya NORTH WEST,Delhi,DELHI(SC),147876307.0,Road Construction,Vendor_009,4885508.3,4885508.3,4824130.1,8801348.07,165,0,0,0,0,,0,1.3,0,0.02738756245187319,0.027,Low,1.4
MPLAD-4326,Yogendra Chandoliya NORTH WEST,Delhi,DELHI(SC),147876307.0,Sports Infrastructure,Vendor_020,3027999.55,3027999.55,4076473.04,11829347.62,116,0,0,0,1,,0,34.6,0,0.002885137346567276,0.826,High,1.01
MPLAD-4327,Yogendra Chandoliya NORTH WEST,Delhi,DELHI(SC),147876307.0,Community Hall,Vendor_022,1568858.15,1568858.15,1564259.88,13398205.77,215,0,0,0,0,,0,0.3,1,7.504184415459567e-05,0.4,Medium,0.56
MPLAD-4328,ZIA UR REHMAN,Uttar Pradesh,SAMBHAL,147000000.0,Drinking Water Supply,Vendor_021,1885674.71,1885674.71,1902903.84,1885674.71,184,0,0,0,0,,0,0.9,0,0.0008410775062253935,0.001,Low,0.86
MPLAD-4329,ZIA UR REHMAN,Uttar Pradesh,SAMBHAL,147000000.0,School Building,Vendor_001,5639740.17,5639740.17,5708040.87,7525414.87,219,0,0,0,0,,0,1.2,0,0.0020757596149081326,0.002,Low,1.13
MPLAD-4330,ZIA UR REHMAN,Uttar Pradesh,SAMBHAL,147000000.0,School Building,Vendor_009,4765690.17,4765690.17,4682160.05,12291105.04,190,0,1,0,0,DUPGRP-4330,0,1.8,0,0.0002292157751835548,0.75,High,0.95
MPLAD-4331,ZIA UR REHMAN,Uttar Pradesh,SAMBHAL,147000000.0,School Building,Vendor_009,4697030.25,4697030.25,4737544.78,16988135.29,179,0,1,0,0,DUPGRP-4330,0,0.9,0,0.00018762499386631943,0.75,High,0.94
MPLAD-4332,ZIA UR REHMAN,Uttar Pradesh,SAMBHAL,147000000.0,Road Construction,Vendor_023,4618132.72,4618132.72,6456137.35,21606268.01,207,0,0,0,1,,0,39.8,0,0.01525273338758101,0.85,High,1.32
MPLAD-4333,ZIA UR REHMAN,Uttar Pradesh,SAMBHAL,147000000.0,School Building,Vendor_011,4580714.75,4580714.75,4509011.21,26186982.77,158,0,0,0,0,,0,1.6,0,0.0001476548715613686,0.0,Low,0.92
MPLAD-4334,ZIA UR REHMAN,Uttar Pradesh,SAMBHAL,147000000.0,Road Construction,Vendor_017,4207835.94,4207835.94,4220260.63,30394818.71,223,0,0,0,0,,0,0.3,1,0.006137194224243734,0.4,Medium,1.2
MPLAD-4335,ZIA UR REHMAN,Uttar Pradesh,SAMBHAL,147000000.0,Road Construction,Vendor_025,3484333.6,3484333.6,3528452.94,33879152.31,220,0,0,0,0,,0,1.3,0,0.0010162113282071493,0.001,Low,1.0
MPLAD-4336,ZIA UR REHMAN,Uttar Pradesh,SAMBHAL,147000000.0,Drinking Water Supply,Vendor_010,3494591.05,3494591.05,3561982.74,37373743.36,163,0,0,0,0,,0,1.9,0,0.08928378443760729,0.089,Low,1.59
MPLAD-4337,Shri PP Chaudhary,Rajasthan,PALI,147000000.0,Road Construction,Vendor_022,88200000.0,88200000.0,88200000.0,169050000.0,200,0,0,0,0,,1,0.0,1,0.012319422252441837,1.0,High,25.2
MPLAD-4338,Kakoli Ghosh Dastidar,West Bengal,BARASAT,147000000.0,Road Construction,Vendor_025,88200000.0,88200000.0,88200000.0,169050000.0,200,0,0,0,0,,1,0.0,0,0.012319422252441837,0.8,High,25.2
MPLAD-4339,SURENDRA PRASAD YADAV,Bihar,JAHANABAD,155325714.0,Road Construction,Vendor_021,93195428.39999999,93195428.39999999,93195428.39999999,178624571.1,200,0,0,0,0,,1,0.0,0,0.012316236416530374,0.8,High,26.63
